player_id,player_name,position,team,season,age_sept1,games,completions,attempts,passing_yards,passing_tds,interceptions,carries,rushing_yards,rushing_tds,targets,receptions,receiving_yards,receiving_tds,ppr_points,scrimmage_yards
00-0019596,T.Brady,QB,NE,2019,42.08,16,373,613,4057,24,8,26,34,3,0,0,0,0,263.68,34
00-0019596,T.Brady,QB,TB,2020,43.08,16,401,610,4633,40,12,30,6,3,0,0,0,0,337.92,6
00-0019596,T.Brady,QB,TB,2021,44.08,17,485,719,5316,43,12,28,81,2,0,0,0,0,374.74,81
00-0019596,T.Brady,QB,TB,2022,45.08,17,490,733,4694,25,9,29,-1,1,1,0,0,0,271.65999999999997,-1
00-0020531,D.Brees,QB,NO,2019,40.63,11,281,378,2979,27,4,9,-4,1,0,0,0,0,224.76,-4
00-0020531,D.Brees,QB,NO,2020,41.63,12,275,390,2942,24,6,18,-2,2,0,0,0,0,209.48000000000002,-2
00-0021206,J.McCown,QB,PHI,2019,40.16,2,3,5,24,0,0,2,-2,0,0,0,0,0,0.76,-2
00-0022127,J.Witten,TE,DAL,2019,37.32,16,0,0,0,0,0,0,0,0,83,63,529,4,139.9,529
00-0022127,J.Witten,TE,LV,2020,38.32,10,0,0,0,0,0,0,0,0,17,13,69,2,31.9,69
00-0022787,M.Schaub,QB,ATL,2019,38.19,5,50,67,580,3,1,3,-3,0,0,0,0,0,32.900000000000006,-3
00-0022787,M.Schaub,QB,ATL,2020,39.19,1,0,0,0,0,0,3,-4,0,0,0,0,0,-0.4,-4
00-0022803,E.Manning,QB,NYG,2019,38.66,4,91,147,1042,6,5,4,7,0,0,0,0,0,54.38,7
00-0022921,L.Fitzgerald,WR,ARI,2019,36.0,16,0,0,0,0,0,0,0,0,109,75,804,4,177.4,804
00-0022921,L.Fitzgerald,WR,ARI,2020,37.0,13,0,0,0,0,0,0,0,0,72,54,409,1,100.9,409
00-0022924,B.Roethlisberger,QB,PIT,2019,37.5,2,35,62,351,0,1,1,7,0,0,0,0,0,12.74,7
00-0022924,B.Roethlisberger,QB,PIT,2020,38.5,15,399,608,3803,33,10,25,11,0,0,0,0,0,267.22,11
00-0022924,B.Roethlisberger,QB,PIT,2021,39.5,16,390,605,3740,22,10,20,5,1,0,0,0,0,218.1,5
00-0022942,P.Rivers,QB,LAC,2019,37.73,16,390,591,4615,23,20,12,29,0,0,0,0,0,235.5,29
00-0022942,P.Rivers,QB,IND,2020,38.73,16,369,543,4169,24,11,18,-8,0,0,0,0,0,239.96,-8
00-0022942,P.Rivers,QB,IND,2025,43.73,3,58,92,544,4,3,2,-1,0,0,0,0,0,31.659999999999997,-1
00-0022943,B.Watson,TE,NE,2019,38.7,9,0,0,0,0,0,0,0,0,24,17,173,0,34.3,173
00-0023436,A.Smith,QB,WAS,2020,36.32,8,168,252,1582,6,8,10,3,0,0,0,0,0,71.58,3
00-0023459,A.Rodgers,QB,GB,2019,35.75,16,353,569,4002,26,4,46,183,1,0,0,0,0,278.38,183
00-0023459,A.Rodgers,QB,GB,2020,36.75,16,372,526,4299,48,5,38,149,3,1,1,-6,0,383.26,143
00-0023459,A.Rodgers,QB,GB,2021,37.75,16,193,273,2221,20,1,15,54,1,0,0,0,0,178.24,54
00-0023459,A.Rodgers,QB,GB,2022,38.75,17,350,542,3695,26,12,34,94,1,0,0,0,0,239.2,94
00-0023459,A.Rodgers,QB,NYJ,2023,39.75,1,0,1,0,0,0,0,0,0,0,0,0,0,0.0,0
00-0023459,A.Rodgers,QB,NYJ,2024,40.75,17,368,584,3897,28,11,22,107,0,0,0,0,0,256.58,107
00-0023459,A.Rodgers,QB,PIT,2025,41.75,16,327,498,3322,24,7,21,61,1,1,1,-9,0,227.08,52
00-0023459,Aa.Rodgers,QB,GB,2021,37.75,16,173,258,1894,17,3,18,47,2,1,1,-4,0,155.06,43
00-0023500,F.Gore,RB,BUF,2019,36.3,15,0,0,0,0,0,166,599,2,16,13,100,0,94.9,699
00-0023500,F.Gore,RB,NYJ,2020,37.3,15,0,0,0,0,0,187,653,2,19,16,89,0,100.2,742
00-0023564,D.Sproles,RB,PHI,2019,36.2,6,0,0,0,0,0,17,66,0,10,6,24,0,17.0,90
00-0023682,R.Fitzpatrick,QB,MIA,2019,36.77,15,311,502,3529,20,13,54,243,4,0,0,0,0,241.46,243
00-0023682,R.Fitzpatrick,QB,MIA,2020,37.77,9,183,267,2091,13,8,30,151,2,1,1,0,0,153.74,151
00-0023682,R.Fitzpatrick,QB,WAS,2021,38.77,1,3,6,13,0,0,1,2,0,0,0,0,0,0.72,2
00-0024221,V.Davis,TE,WAS,2019,35.59,4,0,0,0,0,0,0,0,0,19,10,123,1,28.3,123
00-0024243,M.Lewis,TE,GB,2019,35.29,12,0,0,0,0,0,0,0,0,19,15,156,1,36.6,156
00-0024243,M.Lewis,TE,GB,2020,36.29,11,0,0,0,0,0,0,0,0,17,10,107,3,38.7,107
00-0024243,M.Lewis,TE,GB,2021,37.29,13,0,0,0,0,0,0,0,0,28,23,214,0,44.400000000000006,214
00-0024243,M.Lewis,TE,GB,2022,38.29,6,0,0,0,0,0,0,0,0,7,6,66,2,26.6,66
00-0024243,M.Lewis,TE,CHI,2023,39.29,6,0,0,0,0,0,0,0,0,5,4,29,1,12.899999999999999,29
00-0024243,M.Lewis,TE,CHI,2024,40.29,5,0,0,0,0,0,0,0,0,1,1,2,0,1.2,2
00-0024243,M.Lewis,TE,DEN,2025,41.29,1,0,0,0,0,0,0,0,0,0,0,0,0,0.0,0
00-0024389,De.Walker,TE,TEN,2019,35.05,6,0,0,0,0,0,0,0,0,31,21,215,2,54.5,215
00-0025394,A.Peterson,RB,WAS,2019,34.45,15,0,0,0,0,0,211,898,5,23,17,142,0,147.0,1040
00-0025394,A.Peterson,RB,DET,2020,35.45,16,0,0,0,0,0,156,604,7,18,12,101,0,124.5,705
00-0025394,A.Peterson,RB,TEN,2021,36.45,4,0,0,0,0,0,38,98,2,4,4,8,0,26.6,106
00-0025396,T.Ginn,WR,NO,2019,34.39,15,0,0,0,0,0,3,18,0,56,30,421,2,85.9,439
00-0025396,T.Ginn,WR,CHI,2020,35.39,5,0,0,0,0,0,0,0,0,6,3,40,0,7.0,40
00-0025399,M.Lynch,RB,SEA,2019,33.36,1,0,0,0,0,0,12,34,1,0,0,0,0,9.4,34
00-0025418,G.Olsen,TE,CAR,2019,34.47,14,0,0,0,0,0,0,0,0,82,52,597,2,123.7,597
00-0025418,G.Olsen,TE,SEA,2020,35.47,11,0,0,0,0,0,0,0,0,37,24,239,1,53.900000000000006,239
00-0025708,M.Moore,QB,KC,2019,35.06,6,59,91,659,4,0,5,-1,0,0,0,0,0,42.26,-1
00-0026035,D.Amendola,WR,DET,2019,33.83,15,1,1,19,1,0,0,0,0,97,62,678,1,140.56,678
00-0026035,D.Amendola,WR,DET,2020,34.83,14,0,0,0,0,0,1,2,0,69,46,602,0,106.4,604
00-0026035,D.Amendola,WR,HOU,2021,35.83,8,0,1,0,0,0,0,0,0,38,24,248,3,68.8,248
00-0026143,M.Ryan,QB,ATL,2019,34.29,15,408,616,4466,26,14,34,147,1,0,0,0,0,267.34000000000003,147
00-0026143,M.Ryan,QB,ATL,2020,35.29,16,407,626,4581,26,11,29,92,2,0,0,0,0,282.44,92
00-0026143,M.Ryan,QB,ATL,2021,36.29,17,375,560,3968,20,12,40,82,1,0,0,0,0,222.92,82
00-0026143,M.Ryan,QB,IND,2022,37.29,12,309,461,3057,14,13,27,70,1,0,0,0,0,155.28,70
00-0026158,J.Flacco,QB,DEN,2019,34.63,8,171,262,1822,6,5,12,20,0,0,0,0,0,84.88,20
00-0026158,J.Flacco,QB,NYJ,2020,35.63,5,74,134,864,6,3,6,22,0,0,0,0,0,54.760000000000005,22
00-0026158,J.Flacco,QB,NYJ,2021,36.63,2,27,42,338,3,0,2,3,0,0,0,0,0,23.82,3
00-0026158,J.Flacco,QB,NYJ,2022,37.63,5,110,191,1051,5,3,3,6,0,0,0,-3,0,48.34,3
00-0026158,J.Flacco,QB,CLE,2023,38.63,5,123,204,1616,13,8,9,2,0,0,0,0,0,100.84,2
00-0026158,J.Flacco,QB,IND,2024,39.63,7,162,248,1761,12,7,9,26,0,0,0,0,0,99.04,26
00-0026158,J.Flacco,QB,CIN,2025,40.63,13,251,416,2479,15,10,21,35,1,0,0,0,0,146.66,35
00-0026189,D.Jackson,WR,PHI,2019,32.75,2,0,0,0,0,0,0,0,0,10,9,159,2,36.9,159
00-0026189,D.Jackson,WR,PHI,2020,33.75,5,0,0,0,0,0,1,12,0,26,14,236,1,44.800000000000004,248
00-0026189,D.Jackson,WR,LV,2021,34.75,14,0,0,0,0,0,1,4,0,34,20,454,2,75.80000000000001,458
00-0026189,D.Jackson,WR,BAL,2022,35.75,7,0,0,0,0,0,0,0,0,17,9,153,0,24.3,153
00-0026197,C.Henne,QB,KC,2020,35.17,3,28,38,248,2,0,7,-2,1,0,0,0,0,23.72,-2
00-0026197,C.Henne,QB,KC,2021,36.17,4,11,16,82,0,0,8,0,0,0,0,0,0,3.2800000000000002,0
00-0026197,C.Henne,QB,KC,2022,37.17,3,0,2,0,0,0,5,-5,0,0,0,0,0,-0.5,-5
00-0026293,M.Slater,WR,NE,2019,33.98,7,0,0,0,0,0,0,0,0,0,0,0,0,6.0,0
00-0026293,M.Slater,WR,NE,2020,34.98,6,0,0,0,0,0,0,0,0,0,0,0,0,0.0,0
00-0026293,M.Slater,WR,NE,2021,35.98,10,0,0,0,0,0,0,0,0,0,0,0,0,0.0,0
00-0026293,M.Slater,WR,NE,2022,36.98,8,0,0,0,0,0,0,0,0,0,0,0,0,0.0,0
00-0026293,M.Slater,WR,NE,2023,37.98,5,0,0,0,0,0,0,0,0,0,0,0,0,0.0,0
00-0026300,J.Johnson,QB,NYJ,2021,35.3,4,57,85,638,5,2,9,28,0,0,0,0,0,46.32,28
00-0026300,J.Johnson,QB,SF,2022,36.3,1,1,2,10,0,0,2,3,0,0,0,0,0,0.7000000000000001,3
00-0026300,J.Johnson,QB,BAL,2024,38.3,4,2,3,17,0,0,4,1,0,0,0,0,0,0.78,1
00-0026300,J.Johnson,QB,WAS,2025,39.3,3,34,54,372,1,2,12,55,1,0,0,0,0,24.380000000000003,55
00-0026498,M.Stafford,QB,DET,2019,31.57,8,187,291,2499,19,5,20,66,0,0,0,0,0,166.56,66
00-0026498,M.Stafford,QB,DET,2020,32.57,16,339,528,4084,26,10,29,112,0,1,0,0,0,260.56,112
00-0026498,M.Stafford,QB,LA,2021,33.57,17,404,601,4886,41,17,32,43,0,0,0,0,0,329.74,43
00-0026498,M.Stafford,QB,LA,2022,34.57,9,206,303,2087,10,8,13,9,1,0,0,0,0,108.38000000000001,9
00-0026498,M.Stafford,QB,LA,2023,35.57,15,326,521,3965,24,11,21,65,0,0,0,0,0,243.1,65
00-0026498,M.Stafford,QB,LA,2024,36.57,16,340,517,3762,20,8,30,41,0,0,0,0,0,214.58,41
00-0026498,M.Stafford,QB,LA,2025,37.57,17,388,597,4707,46,8,29,1,0,0,0,0,0,350.38,1
00-0026544,C.Daniel,QB,CHI,2019,32.9,3,45,64,435,3,2,6,6,0,0,0,0,0,26.000000000000004,6
00-0026544,C.Daniel,QB,DET,2020,33.9,4,29,43,264,1,2,2,16,0,0,0,0,0,12.16,16
00-0026544,C.Daniel,QB,LAC,2021,34.9,1,0,0,0,0,0,2,-2,0,0,0,0,0,-0.2,-2
00-0026544,C.Daniel,QB,LAC,2022,35.9,3,8,12,52,1,0,1,4,0,0,0,0,0,8.48,4
00-0026625,B.Hoyer,QB,IND,2019,33.89,4,35,65,372,4,4,8,2,0,0,0,0,0,21.080000000000002,2
00-0026625,B.Hoyer,QB,NE,2020,34.89,1,15,24,130,0,1,1,8,0,0,0,0,0,2.0,8
00-0026625,B.Hoyer,QB,NE,2021,35.89,5,9,11,227,1,0,11,-8,0,0,0,0,0,12.280000000000001,-8
00-0026625,B.Hoyer,QB,NE,2022,36.89,1,5,6,37,0,0,0,0,0,0,0,0,0,1.48,0
00-0026625,B.Hoyer,QB,LV,2023,37.89,2,23,42,231,0,2,3,-3,0,0,0,0,0,4.94,-3
00-0026986,M.Crabtree,WR,ARI,2019,31.97,2,0,0,0,0,0,0,0,0,5,4,22,0,6.199999999999999,22
00-0027029,L.McCoy,RB,KC,2019,31.14,13,0,0,0,0,0,101,465,4,34,28,181,1,118.60000000000001,646
00-0027029,L.McCoy,RB,TB,2020,32.14,8,0,0,0,0,0,10,31,0,19,15,101,0,28.2,132
00-0027061,J.Cook,TE,NO,2019,32.4,14,0,0,0,0,0,0,0,0,65,43,705,9,167.5,705
00-0027061,J.Cook,TE,NO,2020,33.4,15,0,0,0,0,0,0,0,0,60,37,504,7,127.4,504
00-0027061,J.Cook,TE,LAC,2021,34.4,16,0,0,0,0,0,0,0,0,83,48,564,4,132.4,564
00-0027150,J.Edelman,WR,NE,2019,33.28,16,2,2,47,1,0,8,27,0,153,100,1117,6,256.28,1144
00-0027150,J.Edelman,WR,NE,2020,34.28,6,2,2,38,0,0,2,22,0,39,21,315,0,56.22,337
00-0027656,R.Gronkowski,TE,TB,2020,31.3,16,0,0,0,0,0,0,0,0,77,45,623,7,149.3,623
00-0027656,R.Gronkowski,TE,TB,2021,32.3,12,0,0,0,0,0,0,0,0,89,55,802,6,171.2,802
00-0027685,E.Sanders,WR,SF,2019,32.46,17,1,1,35,1,0,0,0,0,97,66,869,5,190.3,869
00-0027685,E.Sanders,WR,NO,2020,33.46,14,0,0,0,0,0,1,12,0,82,61,726,5,164.8,738
00-0027685,E.Sanders,WR,BUF,2021,34.46,14,0,0,0,0,0,2,31,0,72,42,626,4,131.7,657
00-0027688,C.McCoy,QB,WAS,2019,32.99,1,18,27,122,0,1,2,14,0,0,0,0,0,4.28,14
00-0027688,C.McCoy,QB,NYG,2020,33.99,4,40,66,375,1,1,9,12,0,0,0,0,0,18.2,12
00-0027688,C.McCoy,QB,ARI,2021,34.99,7,74,99,740,3,1,22,37,0,0,0,0,0,41.300000000000004,37
00-0027688,C.McCoy,QB,ARI,2022,35.99,4,90,132,780,1,3,14,36,0,0,0,0,0,32.8,36
00-0027691,A.Roberts,WR,BUF,2019,31.65,13,0,0,0,0,0,1,7,0,7,3,20,0,5.700000000000001,27
00-0027691,A.Roberts,WR,BUF,2020,32.65,15,0,0,0,0,0,1,-3,0,5,4,34,0,7.1,31
00-0027691,A.Roberts,WR,LAC,2021,33.65,16,0,0,0,0,0,3,19,0,2,1,35,0,12.4,54
00-0027691,A.Roberts,WR,CAR,2022,34.65,3,0,0,0,0,0,0,0,0,0,0,0,0,0.0,0
00-0027696,J.Graham,TE,GB,2019,32.77,16,0,0,0,0,0,0,0,0,60,38,447,3,100.7,447
00-0027696,J.Graham,TE,CHI,2020,33.77,16,0,0,0,0,0,0,0,0,76,50,456,8,143.6,456
00-0027696,J.Graham,TE,CHI,2021,34.77,11,0,0,0,0,0,0,0,0,23,14,167,3,50.7,167
00-0027696,J.Graham,TE,NO,2023,36.77,6,0,0,0,0,0,0,0,0,7,6,39,4,33.9,39
00-0027793,A.Brown,WR,NE,2019,31.14,1,0,0,0,0,0,1,5,0,8,4,56,1,16.1,61
00-0027793,A.Brown,WR,TB,2020,32.14,8,0,0,0,0,0,2,-2,0,62,45,483,4,117.1,481
00-0027793,A.Brown,WR,TB,2021,33.14,7,0,0,0,0,0,1,6,0,62,42,545,4,121.10000000000001,551
00-0027796,J.Webb,QB,NYG,2020,33.8,1,0,0,0,0,0,0,0,0,0,0,0,0,0.0,0
00-0027874,D.Thomas,WR,NYJ,2019,31.69,11,0,0,0,0,0,0,0,0,58,36,433,1,85.30000000000001,433
00-0027891,G.Tate,WR,NYG,2019,31.08,11,0,0,0,0,0,1,16,0,85,49,676,6,154.20000000000002,692
00-0027891,G.Tate,WR,NYG,2020,32.08,12,1,1,18,0,0,0,0,0,34,24,270,2,63.72,270
00-0027891,G.Tate III,WR,NYG,2020,32.08,12,0,1,0,0,0,0,0,0,18,11,118,0,22.8,118
00-0027902,D.Bryant,WR,BAL,2020,31.83,4,0,0,0,0,0,0,0,0,11,6,47,2,22.7,47
00-0027939,C.Newton,QB,CAR,2019,30.31,2,50,89,572,0,1,5,-2,0,0,0,0,0,16.68,-2
00-0027939,C.Newton,QB,NE,2020,31.31,15,242,368,2657,8,10,137,592,12,2,2,35,1,260.98,627
00-0027939,C.Newton,QB,CAR,2021,32.31,7,69,126,684,4,5,47,230,5,0,0,0,0,86.36,230
00-0027942,A.Green,WR,CIN,2020,32.09,16,0,0,0,0,0,0,0,0,104,47,523,2,111.30000000000001,523
00-0027942,A.Green,WR,ARI,2021,33.09,16,0,0,0,0,0,0,0,0,92,54,848,3,156.8,848
00-0027942,A.Green,WR,ARI,2022,34.09,13,0,0,0,0,0,0,0,0,47,24,236,2,61.6,236
00-0027944,J.Jones,WR,ATL,2019,30.57,15,0,0,0,0,0,2,-3,0,157,99,1394,6,274.1,1391
00-0027944,J.Jones,WR,ATL,2020,31.57,9,0,0,0,0,0,0,0,0,68,51,771,3,146.10000000000002,771
00-0027944,J.Jones,WR,TEN,2021,32.57,10,0,0,0,0,0,0,0,0,48,31,434,1,80.4,434
00-0027944,J.Jones,WR,TB,2022,33.57,10,0,0,0,0,0,5,45,0,43,24,299,2,70.4,344
00-0027944,J.Jones,WR,PHI,2023,34.57,8,0,0,0,0,0,0,0,0,19,11,74,3,36.4,74
00-0027948,B.Gabbert,QB,TB,2020,30.88,4,9,16,143,2,0,9,16,0,0,0,0,0,15.319999999999999,16
00-0027948,B.Gabbert,QB,TB,2021,31.88,6,7,11,67,0,0,9,-7,0,0,0,0,0,1.98,-7
00-0027948,B.Gabbert,QB,TB,2022,32.88,1,6,8,29,1,0,0,0,0,0,0,0,0,5.16,0
00-0027948,B.Gabbert,QB,KC,2023,33.88,2,18,35,185,0,3,7,45,0,0,0,0,0,5.900000000000002,45
00-0027966,M.Ingram,RB,BAL,2019,29.7,15,0,0,0,0,0,114,585,7,15,14,125,0,125.00000000000001,710
00-0027966,M.Ingram,RB,BAL,2020,30.7,10,0,0,0,0,0,72,299,2,8,6,50,0,52.9,349
00-0027966,M.Ingram,RB,HOU,2021,31.7,14,0,0,0,0,0,160,554,2,35,27,162,0,108.60000000000001,716
00-0027966,M.Ingram,RB,NO,2022,32.7,10,0,0,0,0,0,62,233,1,18,16,68,0,50.1,301
00-0027966,M.Ingram II,RB,BAL,2019,29.7,15,0,0,0,0,0,88,433,3,14,12,122,5,117.5,555
00-0027973,A.Dalton,QB,CIN,2019,31.84,13,314,528,3494,16,14,32,73,4,1,1,-4,0,203.66000000000003,69
00-0027973,A.Dalton,QB,DAL,2020,32.84,11,216,333,2170,14,8,28,114,0,1,1,-3,0,136.9,111
00-0027973,A.Dalton,QB,CHI,2021,33.84,8,149,236,1515,8,9,16,76,0,0,0,0,0,84.2,76
00-0027973,A.Dalton,QB,NO,2022,34.84,14,252,378,2871,18,9,30,54,0,0,0,0,0,174.24,54
00-0027973,A.Dalton,QB,CAR,2023,35.84,2,34,58,361,2,0,3,12,0,0,0,0,0,23.64,12
00-0027973,A.Dalton,QB,CAR,2024,36.84,6,106,160,989,7,6,11,34,0,0,0,0,0,58.96,34
00-0027973,A.Dalton,QB,CAR,2025,37.84,4,25,37,293,1,1,5,-2,0,0,0,0,0,9.52,-2
00-0027981,K.Rudolph,TE,MIN,2019,29.81,15,0,0,0,0,0,0,0,0,48,39,367,6,113.7,367
00-0027981,K.Rudolph,TE,MIN,2020,30.81,12,0,0,0,0,0,0,0,0,37,28,334,1,65.4,334
00-0027981,K.Rudolph,TE,NYG,2021,31.81,15,0,0,0,0,0,0,0,0,39,26,257,1,59.7,257
00-0027981,K.Rudolph,TE,TB,2022,32.81,5,0,0,0,0,0,0,0,0,5,3,28,1,11.8,28
00-0027985,L.Kendricks,TE,LAC,2019,31.59,4,0,0,0,0,0,0,0,0,7,3,50,0,8.0,50
00-0028002,R.Cobb,WR,DAL,2019,29.03,15,0,1,0,0,0,3,11,0,83,55,828,3,154.9,839
00-0028002,R.Cobb,WR,HOU,2020,30.03,10,0,1,0,0,0,0,0,0,48,38,441,3,100.1,441
00-0028002,R.Cobb,WR,GB,2021,31.03,11,0,0,0,0,0,1,1,0,39,28,375,5,95.6,376
00-0028002,R.Cobb,WR,GB,2022,32.03,13,0,0,0,0,0,0,0,0,50,34,417,1,81.7,417
00-0028002,R.Cobb,WR,NYJ,2023,33.03,9,0,0,0,0,0,0,0,0,17,5,39,1,16.9,39
00-0028042,L.Stocker,TE,ATL,2019,31.12,12,0,0,0,0,0,0,0,0,14,8,53,0,13.3,53
00-0028042,L.Stocker,TE,ATL,2020,32.12,11,0,0,0,0,0,0,0,0,11,7,63,0,13.299999999999999,63
00-0028042,L.Stocker,TE,MIN,2021,33.12,6,0,0,0,0,0,0,0,0,2,2,12,0,3.2,12
00-0028063,T.Jones,RB,HOU,2019,31.1,8,0,0,0,0,0,9,40,0,1,1,9,0,5.9,49
00-0028063,T.Jones,RB,BUF,2020,32.1,8,0,0,0,0,0,0,0,0,2,0,0,0,0.0,0
00-0028063,T.Jones,RB,BUF,2021,33.1,7,0,0,0,0,0,0,0,0,0,0,0,0,0.0,0
00-0028063,T.Jones,RB,BUF,2022,34.1,7,0,0,0,0,0,0,0,0,0,0,0,0,0.0,0
00-0028064,B.Powell,RB,NYJ,2019,30.85,12,0,1,0,0,0,59,229,0,12,7,33,0,33.2,262
00-0028087,D.Lewis,RB,TEN,2019,28.93,15,0,0,0,0,0,54,209,0,32,25,164,1,66.3,373
00-0028087,D.Lewis,RB,NYG,2020,29.93,16,0,0,0,0,0,29,115,2,30,19,127,1,59.2,242
00-0028097,L.Smith,TE,BUF,2019,31.78,8,0,0,0,0,0,0,0,0,5,4,31,1,13.1,31
00-0028097,L.Smith,TE,BUF,2020,32.78,5,0,0,0,0,0,0,0,0,6,4,35,2,19.5,35
00-0028097,L.Smith,TE,ATL,2021,33.78,10,0,0,0,0,0,0,0,0,11,9,65,1,21.5,65
00-0028112,C.Clay,TE,ARI,2019,30.55,15,0,0,0,0,0,0,0,0,24,18,237,1,47.7,237
00-0028114,D.Harris,WR,LV,2019,31.96,3,0,0,0,0,0,0,0,0,1,1,7,0,1.7000000000000002,7
00-0028114,Dw.Harris,WR,CHI,2020,32.96,3,0,0,0,0,0,0,0,0,0,0,0,0,0.0,0
00-0028118,T.Taylor,QB,LAC,2019,30.08,4,4,6,33,1,0,10,7,0,1,0,0,0,6.02,7
00-0028118,T.Taylor,QB,LAC,2020,31.08,2,16,30,208,0,0,6,7,0,0,0,0,0,9.02,7
00-0028118,T.Taylor,QB,HOU,2021,32.08,6,60,106,550,2,5,14,96,2,0,0,0,0,41.599999999999994,96
00-0028118,T.Taylor,QB,NYG,2022,33.08,2,6,8,58,1,1,5,70,0,0,0,0,0,11.319999999999999,70
00-0028118,T.Taylor,QB,NYG,2023,34.08,10,116,180,1341,5,3,38,197,0,0,0,0,0,87.34,197
00-0028118,T.Taylor,QB,NYJ,2024,35.08,2,17,22,119,3,0,3,13,0,0,0,0,0,20.06,13
00-0028118,T.Taylor,QB,NYJ,2025,36.08,6,80,134,779,5,5,27,143,1,0,0,0,0,59.46,143
00-0028118,Ty.Taylor,QB,HOU,2021,32.08,6,31,44,416,3,0,5,55,1,0,0,0,0,40.14,55
00-0028142,V.Green,TE,LAC,2019,31.08,12,0,0,0,0,0,0,0,0,13,9,78,1,22.8,78
00-0028142,V.Green,TE,LAC,2020,32.08,5,0,0,0,0,0,0,0,0,6,3,50,1,14.0,50
00-0028237,C.Hogan,WR,CAR,2019,31.86,7,0,0,0,0,0,0,0,0,15,8,67,0,14.700000000000001,67
00-0028237,C.Hogan,WR,NYJ,2020,32.86,5,0,0,0,0,0,0,0,0,26,14,118,0,25.8,118
00-0028237,C.Hogan,WR,NO,2021,33.86,5,0,0,0,0,0,0,0,0,8,4,41,1,14.1,41
00-0028411,D.Inman,WR,LAC,2019,30.59,7,0,0,0,0,0,0,0,0,21,12,181,0,30.1,181
00-0028411,D.Inman,WR,WAS,2020,31.59,7,0,0,0,0,0,0,0,0,28,18,163,2,46.300000000000004,163
00-0028581,P.DiMarco,RB,BUF,2019,30.34,7,0,0,0,0,0,3,7,0,7,5,41,0,9.799999999999999,48
00-0028903,G.Celek,TE,SF,2019,31.26,3,0,0,0,0,0,0,0,0,0,0,0,0,0.0,0
00-0028986,C.Keenum,QB,WAS,2019,31.54,10,160,247,1707,11,5,9,12,1,0,0,0,0,103.48,12
00-0028986,C.Keenum,QB,CLE,2020,32.54,1,5,10,46,0,0,0,0,0,0,0,0,0,1.84,0
00-0028986,C.Keenum,QB,CLE,2021,33.54,5,47,72,462,3,1,12,22,0,0,0,0,0,28.68,22
00-0028986,C.Keenum,QB,BUF,2022,34.54,2,2,7,8,0,0,5,0,0,0,0,0,0,0.32,0
00-0028986,C.Keenum,QB,HOU,2023,35.54,2,34,53,291,1,3,2,1,0,0,0,0,0,9.74,1
00-0029000,C.Beasley,WR,BUF,2019,30.35,15,0,0,0,0,0,0,0,0,106,67,778,6,184.8,778
00-0029000,C.Beasley,WR,BUF,2020,31.35,15,1,1,20,1,0,0,0,0,107,82,967,4,207.5,967
00-0029000,C.Beasley,WR,BUF,2021,32.35,16,0,1,0,0,0,0,0,0,112,82,693,1,159.3,693
00-0029000,C.Beasley,WR,BUF,2022,33.35,4,0,0,0,0,0,0,0,0,7,6,35,0,9.5,35
00-0029119,D.Carrier,TE,LV,2019,29.1,11,0,0,0,0,0,1,27,0,19,13,108,1,32.5,135
00-0029119,D.Carrier,TE,LV,2020,30.1,6,0,0,0,0,0,0,0,0,1,1,14,0,2.4000000000000004,14
00-0029119,D.Carrier,TE,LV,2021,31.1,2,0,0,0,0,0,0,0,0,2,2,13,0,3.3,13
00-0029137,A.Jeffery,WR,PHI,2019,29.55,9,0,0,0,0,0,1,2,1,73,43,490,4,122.2,492
00-0029137,A.Jeffery,WR,PHI,2020,30.55,7,0,0,0,0,0,0,0,0,13,6,115,1,23.5,115
00-0029141,A.Morris,RB,ARI,2019,30.72,1,0,0,0,0,0,1,4,0,0,0,0,0,0.4,4
00-0029141,A.Morris,RB,NYG,2020,31.72,9,0,0,0,0,0,55,238,1,4,3,19,1,40.7,257
00-0029239,B.Bolden,RB,NE,2019,29.6,15,0,0,0,0,0,15,68,3,11,9,111,1,50.9,179
00-0029239,B.Bolden,RB,NE,2021,31.6,16,0,0,0,0,0,44,226,1,49,41,405,2,124.1,631
00-0029239,B.Bolden,RB,LV,2022,32.6,13,0,0,0,0,0,17,66,0,9,9,57,1,27.3,123
00-0029239,B.Bolden,RB,LV,2023,33.6,5,0,0,0,0,0,4,31,1,0,0,0,0,11.1,31
00-0029263,R.Wilson,QB,SEA,2019,30.76,16,341,516,4110,31,5,75,342,3,0,0,0,0,328.6,342
00-0029263,R.Wilson,QB,SEA,2020,31.76,16,384,558,4212,40,13,83,513,2,0,0,0,0,359.78000000000003,513
00-0029263,R.Wilson,QB,SEA,2021,32.76,14,259,400,3113,25,6,43,183,2,0,0,0,0,242.82,183
00-0029263,R.Wilson,QB,DEN,2022,33.76,15,292,483,3524,16,11,55,277,3,1,1,1,0,225.76000000000002,278
00-0029263,R.Wilson,QB,DEN,2023,34.76,15,297,447,3070,26,8,80,341,3,0,0,0,0,256.90000000000003,341
00-0029263,R.Wilson,QB,PIT,2024,35.76,11,214,336,2482,16,5,43,155,2,0,0,0,0,172.78,155
00-0029263,R.Wilson,QB,NYG,2025,36.76,6,69,119,831,3,3,18,106,0,0,0,0,0,49.84,106
00-0029269,T.Benjamin,WR,LAC,2019,29.67,5,0,0,0,0,0,0,0,0,16,6,30,0,9.0,30
00-0029269,T.Benjamin,WR,SF,2021,31.67,5,0,0,0,0,0,0,0,0,5,0,0,0,0.0,0
00-0029293,M.Jones,WR,DET,2019,29.47,13,0,0,0,0,0,2,0,0,67,51,655,8,164.5,655
00-0029293,M.Jones,WR,DET,2020,30.47,16,0,0,0,0,0,0,0,0,115,76,978,9,227.8,978
00-0029293,M.Jones,WR,JAX,2021,31.47,17,0,0,0,0,0,0,0,0,120,73,832,4,180.2,832
00-0029293,M.Jones,WR,JAX,2022,32.47,16,0,0,0,0,0,0,0,0,81,46,529,3,116.9,529
00-0029293,M.Jones,WR,DET,2023,33.47,4,0,0,0,0,0,0,0,0,10,5,35,0,6.5,35
00-0029293,M.Jones Jr.,WR,DET,2019,29.47,13,0,0,0,0,0,0,0,0,24,11,124,1,29.400000000000002,124
00-0029319,J.Bellamy,WR,NYJ,2019,30.29,5,0,0,0,0,0,0,0,0,3,2,20,0,4.0,20
00-0029492,J.Olawale,RB,DAL,2019,30.37,6,0,0,0,0,0,0,0,0,2,0,0,0,0.0,0
00-0029567,N.Foles,QB,JAX,2019,30.62,4,77,117,736,3,2,4,23,0,0,0,0,0,37.74,23
00-0029567,N.Foles,QB,CHI,2020,31.62,9,202,312,1852,10,8,16,1,1,0,0,0,0,104.18,1
00-0029567,N.Foles,QB,CHI,2021,32.62,1,24,35,250,1,0,4,8,0,0,0,0,0,16.8,8
00-0029567,N.Foles,QB,IND,2022,33.62,2,25,42,225,0,4,2,8,0,0,0,0,0,1.7999999999999998,8
00-0029572,J.Wright,WR,CAR,2019,29.77,16,0,0,0,0,0,1,-7,0,58,28,296,0,56.900000000000006,289
00-0029587,R.Ellison,TE,NYG,2019,30.91,10,0,0,0,0,0,0,0,0,28,18,167,1,40.7,167
00-0029604,K.Cousins,QB,MIN,2019,31.04,15,307,444,3603,26,6,31,63,1,1,0,0,0,244.42000000000002,63
00-0029604,K.Cousins,QB,MIN,2020,32.04,16,349,516,4265,35,13,32,156,1,0,0,0,0,306.2,156
00-0029604,K.Cousins,QB,MIN,2021,33.04,16,372,561,4221,33,7,29,115,1,0,0,0,0,300.34000000000003,115
00-0029604,K.Cousins,QB,MIN,2022,34.04,17,424,643,4547,29,14,31,97,2,0,0,0,0,291.58,97
00-0029604,K.Cousins,QB,MIN,2023,35.04,8,216,311,2331,18,5,14,25,0,0,0,0,0,149.74,25
00-0029604,K.Cousins,QB,ATL,2024,36.04,14,303,453,3508,18,16,23,0,0,0,0,0,0,176.32,0
00-0029604,K.Cousins,QB,ATL,2025,37.04,10,166,269,1721,10,5,14,7,1,0,0,0,0,103.54,7
00-0029608,T.Hilton,WR,IND,2019,29.8,10,0,0,0,0,0,0,0,0,68,45,501,5,125.1,501
00-0029608,T.Hilton,WR,IND,2020,30.8,15,0,0,0,0,0,0,0,0,93,56,762,5,164.20000000000002,762
00-0029608,T.Hilton,WR,IND,2021,31.8,10,0,0,0,0,0,0,0,0,37,23,331,3,74.10000000000001,331
00-0029608,T.Hilton,WR,DAL,2022,32.8,3,0,0,0,0,0,0,0,0,10,7,121,0,19.1,121
00-0029615,L.Miller,RB,CHI,2020,29.35,1,0,0,0,0,0,0,0,0,2,2,6,0,2.6,6
00-0029623,A.Tanney,QB,NYG,2019,31.81,1,1,1,1,0,0,0,0,0,0,0,0,0,0.04,0
00-0029632,M.Sanu,WR,ATL,2019,30.03,15,0,0,0,0,0,3,11,0,71,51,448,2,108.9,459
00-0029632,M.Sanu,WR,DET,2020,31.03,7,0,0,0,0,0,1,3,0,24,17,187,1,44.0,190
00-0029632,M.Sanu,WR,SF,2021,32.03,8,0,0,0,0,0,0,0,0,24,15,177,0,32.7,177
00-0029632,M.Sanu Sr.,WR,NE,2019,30.03,15,0,0,0,0,0,0,0,0,18,8,72,0,15.2,72
00-0029664,J.Gordon,WR,NE,2019,28.39,11,0,1,0,0,1,1,1,0,47,27,426,1,73.7,427
00-0029664,J.Gordon,WR,KC,2021,30.39,9,0,0,0,0,0,0,0,0,14,5,32,1,14.200000000000001,32
00-0029664,J.Gordon,WR,TEN,2022,31.39,1,0,0,0,0,0,0,0,0,1,0,0,0,0.0,0
00-0029665,R.Griffin,QB,BAL,2019,29.55,6,6,6,55,1,0,4,9,0,0,0,0,0,7.1000000000000005,9
00-0029665,R.Griffin,QB,BAL,2020,30.55,4,8,14,42,0,2,12,69,0,0,0,0,0,2.580000000000001,69
00-0029665,R.Griffin III,QB,BAL,2019,29.55,6,17,32,170,0,2,16,61,0,0,0,0,0,8.9,61
00-0029701,R.Tannehill,QB,TEN,2019,31.1,12,201,286,2742,22,6,43,185,4,0,0,0,0,224.18,185
00-0029701,R.Tannehill,QB,TEN,2020,32.1,16,315,481,3819,33,7,43,266,7,1,1,0,0,344.36,266
00-0029701,R.Tannehill,QB,TEN,2021,33.1,17,357,531,3734,21,14,55,270,7,0,0,0,0,268.36,270
00-0029701,R.Tannehill,QB,TEN,2022,34.1,12,212,325,2536,13,6,34,98,2,0,0,0,0,161.24,98
00-0029701,R.Tannehill,QB,TEN,2023,35.1,9,149,230,1616,4,7,17,74,1,1,0,0,0,80.03999999999999,74
00-0029738,D.Fells,TE,HOU,2019,33.36,15,0,0,0,0,0,0,0,0,48,34,341,7,110.10000000000001,341
00-0029738,D.Fells,TE,HOU,2020,34.36,12,0,0,0,0,0,0,0,0,28,21,312,4,76.2,312
00-0029738,D.Fells,TE,DET,2021,35.36,3,0,0,0,0,0,0,0,0,5,4,43,0,8.3,43
00-0029854,C.Anderson,RB,DET,2019,28.56,2,0,0,0,0,0,16,43,0,0,0,0,0,4.3,43
00-0029857,R.Griffin,QB,TB,2019,29.79,2,2,4,18,0,0,4,-1,0,0,0,0,0,0.62,-1
00-0030035,A.Thielen,WR,MIN,2019,29.03,10,0,0,0,0,0,4,6,1,48,30,418,6,114.4,424
00-0030035,A.Thielen,WR,MIN,2020,30.03,15,0,0,0,0,0,3,15,0,108,74,925,14,254.0,940
00-0030035,A.Thielen,WR,MIN,2021,31.03,13,0,0,0,0,0,1,2,0,95,67,726,10,199.8,728
00-0030035,A.Thielen,WR,MIN,2022,32.03,17,0,0,0,0,0,1,4,0,107,70,716,6,180.0,720
00-0030035,A.Thielen,WR,CAR,2023,33.03,17,0,0,0,0,0,1,6,0,137,103,1014,4,231.0,1020
00-0030035,A.Thielen,WR,CAR,2024,34.03,10,0,0,0,0,0,0,0,0,62,48,615,5,139.5,615
00-0030035,A.Thielen,WR,MIN,2025,35.03,14,0,0,0,0,0,0,0,0,35,19,186,0,39.6,186
00-0030061,Z.Ertz,TE,PHI,2019,28.81,15,0,0,0,0,0,0,0,0,135,88,916,6,215.6,916
00-0030061,Z.Ertz,TE,PHI,2020,29.81,11,0,0,0,0,0,0,0,0,72,36,335,1,77.5,335
00-0030061,Z.Ertz,TE,ARI,2021,30.81,17,0,0,0,0,0,1,4,0,112,74,763,5,180.70000000000002,767
00-0030061,Z.Ertz,TE,ARI,2022,31.81,10,0,0,0,0,0,0,0,0,69,47,406,4,115.60000000000001,406
00-0030061,Z.Ertz,TE,ARI,2023,32.81,7,0,0,0,0,0,0,0,0,43,27,187,1,51.7,187
00-0030061,Z.Ertz,TE,WAS,2024,33.81,17,0,0,0,0,0,0,0,0,91,66,654,7,177.4,654
00-0030061,Z.Ertz,TE,WAS,2025,34.81,13,0,0,0,0,0,0,0,0,72,50,504,4,126.4,504
00-0030068,M.Goodwin,WR,SF,2019,28.79,8,0,0,0,0,0,1,15,0,21,12,186,1,38.1,201
00-0030068,M.Goodwin,WR,CHI,2021,30.79,14,0,0,0,0,0,2,-1,0,40,20,313,1,57.2,312
00-0030068,M.Goodwin,WR,SEA,2022,31.79,13,0,0,0,0,0,2,5,0,42,27,387,4,90.2,392
00-0030068,M.Goodwin,WR,CLE,2023,32.79,10,0,0,0,0,0,4,33,0,13,4,67,0,14.0,100
00-0030085,K.Stills,WR,HOU,2019,27.36,13,0,0,0,0,0,0,0,0,55,40,561,4,120.1,561
00-0030085,K.Stills,WR,HOU,2020,28.36,7,0,0,0,0,0,0,0,0,19,11,144,1,31.400000000000002,144
00-0030085,K.Stills,WR,NO,2021,29.36,7,0,0,0,0,0,1,1,0,23,6,68,1,18.9,69
00-0030089,L.Willson,TE,SEA,2019,29.63,7,0,0,0,0,0,0,0,0,10,8,79,0,15.9,79
00-0030089,L.Willson,TE,BAL,2020,30.63,2,0,0,0,0,0,0,0,0,3,1,12,0,2.2,12
00-0030107,T.Riddick,RB,LV,2020,29.33,4,0,0,0,0,0,6,14,0,6,5,43,0,10.7,57
00-0030108,R.Griffin,TE,NYJ,2019,29.64,13,0,0,0,0,0,0,0,0,41,34,320,5,98.0,320
00-0030108,R.Griffin,TE,NYJ,2020,30.64,10,0,0,0,0,0,0,0,0,12,9,86,0,17.6,86
00-0030108,R.Griffin,TE,NYJ,2021,31.64,14,0,0,0,0,0,0,0,0,42,27,261,2,65.10000000000001,261
00-0030108,R.Griffin,TE,CHI,2022,32.64,10,0,0,0,0,0,0,0,0,8,4,26,0,6.6,26
00-0030147,R.Shepard,WR,NYG,2019,28.96,2,0,0,0,0,0,0,0,0,8,3,25,0,5.5,25
00-0030151,T.Bray,QB,CHI,2020,28.68,1,1,5,18,0,0,0,0,0,0,0,0,0,0.72,0
00-0030155,D.Harris,TE,CLE,2019,28.09,14,0,0,0,0,0,0,0,0,27,15,149,3,49.900000000000006,149
00-0030155,D.Harris,TE,CHI,2020,29.09,11,0,0,0,0,0,0,0,0,14,7,45,0,11.5,45
00-0030155,D.Harris,TE,ARI,2021,30.09,10,0,0,0,0,0,0,0,0,6,3,10,0,4.0,10
00-0030181,J.Doyle,TE,IND,2019,29.32,16,0,0,0,0,0,0,0,0,72,43,448,4,111.8,448
00-0030181,J.Doyle,TE,IND,2020,30.32,13,0,0,0,0,0,0,0,0,33,23,251,3,64.10000000000001,251
00-0030181,J.Doyle,TE,IND,2021,31.32,15,0,0,0,0,0,0,0,0,43,29,302,3,79.2,302
00-0030216,J.Hill,TE,NO,2019,29.28,14,0,0,0,0,0,0,0,0,35,25,226,3,65.6,226
00-0030216,J.Hill,TE,NO,2020,30.28,9,0,0,0,0,0,0,0,0,10,8,46,1,18.6,46
00-0030279,K.Allen,WR,LAC,2019,27.35,16,0,0,0,0,0,3,16,0,149,104,1199,6,261.5,1215
00-0030279,K.Allen,WR,LAC,2020,28.35,14,0,1,0,0,0,1,-1,0,147,100,992,8,245.1,991
00-0030279,K.Allen,WR,LAC,2021,29.35,16,0,1,0,0,0,0,0,0,157,106,1138,6,257.8,1138
00-0030279,K.Allen,WR,LAC,2022,30.35,10,0,0,0,0,0,1,8,0,89,66,752,4,164.0,760
00-0030279,K.Allen,WR,LAC,2023,31.35,13,1,2,49,1,0,2,6,0,150,108,1243,7,278.86,1249
00-0030279,K.Allen,WR,CHI,2024,32.35,15,0,1,0,0,1,0,0,0,121,70,744,7,184.4,744
00-0030279,K.Allen,WR,LAC,2025,33.35,17,0,0,0,0,0,0,0,0,122,81,777,4,182.7,777
00-0030288,R.Burkhead,RB,NE,2019,29.17,13,0,0,0,0,0,65,302,3,38,27,279,0,101.10000000000001,581
00-0030288,R.Burkhead,RB,NE,2020,30.17,10,0,0,0,0,0,67,274,3,33,25,192,3,107.6,466
00-0030288,R.Burkhead,RB,HOU,2021,31.17,15,0,1,0,0,0,122,427,3,32,25,186,0,104.3,613
00-0030288,R.Burkhead,RB,HOU,2022,32.17,15,0,1,0,0,0,26,80,0,51,37,204,1,71.4,284
00-0030300,J.Brown,WR,SEA,2019,29.65,10,0,0,0,0,0,0,0,0,28,16,220,2,48.0,220
00-0030404,C.Thompson,RB,WAS,2019,28.87,11,0,0,0,0,0,37,138,0,58,42,378,0,93.60000000000001,516
00-0030404,C.Thompson,RB,JAX,2020,29.87,6,0,0,0,0,0,7,20,0,23,20,146,1,42.6,166
00-0030414,S.Ware,RB,KC,2019,27.77,3,0,0,0,0,0,17,51,0,7,5,22,0,12.3,73
00-0030431,R.Woods,WR,LA,2019,27.39,15,0,0,0,0,0,17,115,1,139,90,1134,2,232.9,1249
00-0030431,R.Woods,WR,LA,2020,28.39,16,0,0,0,0,0,24,155,2,129,90,936,6,245.1,1091
00-0030431,R.Woods,WR,LA,2021,29.39,9,0,0,0,0,0,8,46,1,69,45,556,4,137.2,602
00-0030431,R.Woods,WR,TEN,2022,30.39,17,0,0,0,0,0,0,0,0,91,53,527,2,117.7,527
00-0030431,R.Woods,WR,HOU,2023,31.39,14,0,0,0,0,0,1,7,0,75,40,426,1,89.3,433
00-0030431,R.Woods,WR,HOU,2024,32.39,14,0,0,0,0,0,0,0,0,30,20,203,0,38.3,203
00-0030443,L.Toilolo,TE,SF,2019,28.09,3,0,0,0,0,0,0,0,0,2,2,10,0,3.0,10
00-0030443,L.Toilolo,TE,NYG,2020,29.09,7,0,0,0,0,0,0,0,0,6,5,46,0,9.6,46
00-0030456,G.Bernard,RB,CIN,2019,27.78,16,0,0,0,0,0,53,170,0,43,30,234,0,68.4,404
00-0030456,G.Bernard,RB,CIN,2020,28.78,16,0,0,0,0,0,124,416,3,59,47,355,3,158.10000000000002,771
00-0030456,G.Bernard,RB,TB,2021,29.78,10,0,0,0,0,0,8,58,0,29,23,123,3,59.1,181
00-0030456,G.Bernard,RB,TB,2022,30.78,4,0,0,0,0,0,8,28,0,2,2,-1,0,4.7,27
00-0030465,K.Barner,RB,ATL,2019,30.34,14,1,1,3,0,0,4,28,0,8,6,22,0,17.12,50
00-0030465,K.Barner,RB,TB,2020,31.34,5,0,0,0,0,0,0,0,0,1,0,0,0,0.0,0
00-0030465,K.Barner,RB,TB,2021,32.34,3,0,0,0,0,0,4,0,0,0,0,0,0,0.0,0
00-0030470,V.McDonald,TE,PIT,2019,29.22,14,0,0,0,0,0,1,2,0,55,38,273,3,83.5,275
00-0030470,V.McDonald,TE,PIT,2020,30.22,10,0,0,0,0,0,0,0,0,20,15,99,0,24.9,99
00-0030472,J.Reed,TE,SF,2020,30.16,10,0,0,0,0,0,0,0,0,46,26,231,4,73.1,231
00-0030496,L.Bell,RB,NYJ,2019,27.54,15,0,0,0,0,0,245,789,3,78,66,461,1,215.0,1250
00-0030496,L.Bell,RB,KC,2020,28.54,11,0,0,0,0,0,82,328,2,20,16,138,0,74.60000000000001,466
00-0030496,L.Bell,RB,BAL,2021,29.54,8,0,0,0,0,0,39,101,2,7,5,30,1,38.1,131
00-0030506,T.Kelce,TE,KC,2019,29.91,16,0,0,0,0,0,1,4,1,136,97,1229,5,254.3,1233
00-0030506,T.Kelce,TE,KC,2020,30.91,15,1,2,4,0,0,0,0,0,145,105,1416,11,312.76,1416
00-0030506,T.Kelce,TE,KC,2021,31.91,16,0,0,0,0,0,2,3,1,134,92,1125,9,262.8,1128
00-0030506,T.Kelce,TE,KC,2022,32.91,17,0,0,0,0,0,2,5,0,152,110,1338,12,316.3,1343
00-0030506,T.Kelce,TE,KC,2023,33.91,15,0,0,0,0,0,0,0,0,121,93,984,5,219.4,984
00-0030506,T.Kelce,TE,KC,2024,34.91,16,0,0,0,0,0,1,1,0,133,97,823,3,195.4,824
00-0030506,T.Kelce,TE,KC,2025,35.91,17,0,0,0,0,0,1,1,0,108,76,851,5,193.20000000000002,852
00-0030513,L.Murray,RB,NO,2019,29.62,16,0,0,0,0,0,146,637,5,43,34,235,1,157.2,872
00-0030513,L.Murray,RB,NO,2020,30.62,15,0,0,0,0,0,146,656,4,26,23,176,1,136.20000000000002,832
00-0030513,L.Murray,RB,BAL,2021,31.62,14,0,0,0,0,0,119,501,6,13,10,75,0,103.60000000000001,576
00-0030513,L.Murray,RB,DEN,2022,32.62,13,0,0,0,0,0,171,760,6,35,27,132,0,154.2,892
00-0030513,L.Murray,RB,BUF,2023,33.62,15,0,0,0,0,0,79,300,4,22,17,119,0,82.9,419
00-0030520,M.Glennon,QB,LV,2019,29.72,2,6,10,56,1,0,2,0,0,0,0,0,0,4.239999999999999,0
00-0030520,M.Glennon,QB,JAX,2020,30.72,5,111,179,1072,7,5,6,17,0,0,0,0,0,60.58,17
00-0030520,M.Glennon,QB,NYG,2021,31.72,6,90,167,790,4,10,7,33,1,0,0,0,0,30.9,33
00-0030525,T.Austin,WR,DAL,2019,29.46,14,0,0,0,0,0,6,47,1,24,13,177,1,47.4,224
00-0030525,T.Austin,WR,GB,2020,30.46,4,0,0,0,0,0,0,0,0,5,5,20,0,7.0,20
00-0030525,T.Austin,WR,JAX,2021,31.46,11,0,0,0,0,0,3,21,0,37,24,213,1,53.4,234
00-0030533,M.Barkley,QB,BUF,2019,28.98,2,27,51,359,0,3,2,-4,0,0,0,0,0,5.959999999999999,-4
00-0030533,M.Barkley,QB,BUF,2020,29.98,4,11,21,197,1,1,6,-6,0,0,0,0,0,9.28,-6
00-0030533,M.Barkley,QB,JAX,2023,32.98,1,0,0,0,0,0,3,-3,0,0,0,0,0,-0.30000000000000004,-3
00-0030549,T.Eifert,TE,CIN,2019,28.98,16,0,0,0,0,0,0,0,0,63,43,436,3,106.6,436
00-0030549,T.Eifert,TE,JAX,2020,29.98,15,0,0,0,0,0,0,0,0,60,36,349,2,82.9,349
00-0030564,D.Hopkins,WR,HOU,2019,27.24,15,1,2,6,1,1,2,18,0,150,104,1165,7,268.54,1183
00-0030564,D.Hopkins,WR,ARI,2020,28.24,16,0,0,0,0,0,1,1,0,160,115,1407,6,287.8,1408
00-0030564,D.Hopkins,WR,ARI,2021,29.24,10,0,0,0,0,0,0,0,0,64,42,572,8,147.20000000000002,572
00-0030564,D.Hopkins,WR,ARI,2022,30.24,9,0,0,0,0,0,0,0,0,96,64,717,3,151.7,717
00-0030564,D.Hopkins,WR,TEN,2023,31.24,17,0,1,0,0,0,2,9,0,137,75,1057,7,223.6,1066
00-0030564,D.Hopkins,WR,KC,2024,32.24,16,0,0,0,0,0,0,0,0,80,56,610,5,147.0,610
00-0030564,D.Hopkins,WR,BAL,2025,33.24,17,0,0,0,0,0,0,0,0,39,22,330,2,67.0,330
00-0030565,G.Smith,QB,SEA,2020,29.89,1,4,5,33,0,0,2,-2,0,0,0,0,0,1.12,-2
00-0030565,G.Smith,QB,SEA,2021,30.89,4,65,95,702,5,1,9,42,1,0,0,0,0,54.28,42
00-0030565,G.Smith,QB,SEA,2022,31.89,17,399,572,4282,30,11,68,366,1,0,0,0,0,303.88,366
00-0030565,G.Smith,QB,SEA,2023,32.89,15,323,499,3624,20,9,37,155,1,1,1,-2,0,227.26,153
00-0030565,G.Smith,QB,SEA,2024,33.89,17,407,578,4320,21,15,53,272,2,0,0,0,0,266.0,272
00-0030565,G.Smith,QB,LV,2025,34.89,15,302,448,3025,19,17,41,109,0,0,0,0,0,173.9,109
00-0030578,C.Patterson,RB,CHI,2019,28.46,16,0,0,0,0,0,17,103,0,17,11,83,0,35.6,186
00-0030578,C.Patterson,RB,CHI,2020,29.46,16,0,0,0,0,0,64,232,1,25,21,132,0,69.4,364
00-0030578,C.Patterson,RB,ATL,2021,30.46,16,0,1,0,0,0,153,618,6,69,52,548,5,234.60000000000002,1166
00-0030578,C.Patterson,RB,ATL,2022,31.46,13,0,0,0,0,0,144,695,8,31,21,122,0,154.70000000000002,817
00-0030578,C.Patterson,RB,ATL,2023,32.46,12,0,0,0,0,0,50,181,0,12,9,38,1,36.900000000000006,219
00-0030578,C.Patterson,RB,PIT,2024,33.46,13,0,0,0,0,0,32,135,0,14,12,80,1,37.5,215
00-0030663,W.Snead,WR,BAL,2019,26.87,16,0,0,0,0,0,1,2,0,24,17,238,2,53.0,240
00-0030663,W.Snead,WR,BAL,2020,27.87,13,0,0,0,0,0,0,0,0,48,33,432,3,94.2,432
00-0030663,W.Snead,WR,LV,2021,28.87,7,0,0,0,0,0,0,0,0,8,4,38,0,7.800000000000001,38
00-0030663,W.Snead,WR,SF,2023,30.87,2,0,0,0,0,0,0,0,0,3,2,14,0,3.4,14
00-0030663,W.Snead IV,WR,BAL,2019,26.87,16,0,0,0,0,0,1,0,0,22,14,101,3,42.1,101
00-0030669,A.Wilson,WR,MIA,2019,27.14,13,1,2,20,0,0,5,45,0,62,43,351,1,89.4,396
00-0030669,A.Wilson,WR,MIA,2021,29.14,10,0,1,0,0,0,4,17,0,39,25,213,0,48.0,230
00-0030670,B.Fowler,WR,NYG,2019,28.23,8,0,0,0,0,0,1,20,0,36,23,193,0,46.3,213
00-0030670,B.Fowler,WR,NO,2020,29.23,2,0,0,0,0,0,0,0,0,6,2,11,0,3.1,11
00-0030710,T.Burton,TE,CHI,2019,27.84,8,0,0,0,0,0,0,0,0,24,14,84,0,22.4,84
00-0030710,T.Burton,TE,IND,2020,28.84,12,0,0,0,0,0,2,3,2,47,28,250,3,83.3,253
00-0030711,D.Fluellen,RB,TEN,2019,27.59,1,0,0,0,0,0,0,0,0,0,0,0,0,0.0,0
00-0030821,A.Hurns,WR,MIA,2019,27.8,14,0,0,0,0,0,0,0,0,47,32,416,2,83.6,416
00-0030874,D.Williams,RB,CHI,2021,29.41,12,0,0,0,0,0,40,164,2,23,16,103,1,60.7,267
00-0030874,D.Williams,RB,ATL,2022,30.41,1,0,0,0,0,0,2,2,0,0,0,0,0,0.2,2
00-0030874,D.Williams,RB,ARI,2023,31.41,3,0,0,0,0,0,11,43,0,2,2,12,0,7.5,55
00-0030874,Dam.Williams,RB,KC,2019,27.41,11,0,0,0,0,0,111,498,5,37,30,213,2,141.1,711
00-0031023,Q.Enunwa,WR,NYJ,2019,27.25,1,0,0,0,0,0,0,0,0,3,1,-4,0,0.6,-4
00-0031035,X.Grimble,TE,PIT,2019,26.94,2,0,0,0,0,0,0,0,0,3,1,3,0,1.3,3
00-0031045,C.Hyde,RB,HOU,2019,28.95,16,0,0,0,0,0,245,1070,6,16,10,42,0,153.2,1112
00-0031045,C.Hyde,RB,SEA,2020,29.95,10,0,0,0,0,0,81,356,4,20,16,93,0,84.9,449
00-0031045,C.Hyde,RB,JAX,2021,30.95,11,0,0,0,0,0,72,253,1,21,12,65,0,45.800000000000004,318
00-0031051,J.Brown,WR,BUF,2019,29.41,15,1,1,28,1,0,2,7,0,115,72,1060,6,219.82,1067
00-0031051,J.Brown,WR,BUF,2020,30.41,9,0,0,0,0,0,0,0,0,52,33,458,3,96.8,458
00-0031051,J.Brown,WR,JAX,2021,31.41,3,0,0,0,0,0,0,0,0,3,0,0,0,0.0,0
00-0031051,J.Brown,WR,BUF,2022,32.41,2,0,0,0,0,0,0,0,0,2,1,42,1,11.2,42
00-0031060,D.Thomas,WR,BAL,2019,26.66,14,0,0,0,0,0,2,5,0,2,1,6,0,2.1,11
00-0031062,J.White,RB,NE,2019,27.58,15,1,1,35,0,0,67,263,1,95,72,645,5,202.2,908
00-0031062,J.White,RB,NE,2020,28.58,14,0,0,0,0,0,35,121,2,62,49,375,1,116.6,496
00-0031062,J.White,RB,NE,2021,29.58,3,0,0,0,0,0,10,38,1,14,12,94,0,31.200000000000003,132
00-0031068,R.Grant,WR,LV,2019,28.7,2,0,0,0,0,0,0,0,0,9,4,14,0,5.3999999999999995,14
00-0031076,D.Fales,QB,NYJ,2019,28.91,1,0,0,0,0,0,0,0,0,0,0,0,0,0.0,0
00-0031166,S.Roberts,WR,BAL,2019,28.53,14,0,0,0,0,0,0,0,0,35,21,271,2,60.1,271
00-0031166,S.Roberts,WR,CAR,2020,29.53,3,0,0,0,0,0,0,0,0,6,4,31,0,7.1,31
00-0031167,S.Simonson,TE,NYG,2019,27.39,3,0,0,0,0,0,0,0,0,2,2,11,0,3.1,11
00-0031189,T.Jones,WR,NYG,2019,27.12,3,0,0,0,0,0,0,0,0,4,3,38,1,12.8,38
00-0031209,S.Perry,RB,BUF,2019,27.95,8,0,0,0,0,0,3,3,0,1,1,1,0,1.4,4
00-0031209,S.Perry,RB,TEN,2020,28.95,4,0,0,0,0,0,2,9,0,0,0,0,0,0.9,9
00-0031228,T.Gabriel,WR,CHI,2019,28.54,9,0,0,0,0,0,3,20,0,48,29,353,4,90.3,373
00-0031235,O.Beckham,WR,CLE,2019,26.82,16,1,2,20,0,0,3,10,0,127,71,954,3,186.20000000000002,964
00-0031235,O.Beckham,WR,CLE,2020,27.82,7,1,1,18,0,0,3,72,1,42,23,319,3,86.82,391
00-0031235,O.Beckham,WR,LA,2021,28.82,14,0,0,0,0,0,2,14,0,82,44,537,5,129.1,551
00-0031235,O.Beckham,WR,BAL,2023,30.82,14,0,0,0,0,0,0,0,0,64,35,565,3,107.50000000000001,565
00-0031235,O.Beckham,WR,MIA,2024,31.82,8,0,0,0,0,0,0,0,0,19,9,55,0,14.5,55
00-0031235,O.Beckham Jr.,WR,CLE,2019,26.82,16,0,0,0,0,0,0,0,0,6,3,81,1,17.1,81
00-0031235,O.Beckham Jr.,WR,CLE,2020,27.82,7,0,0,0,0,0,0,0,0,1,0,0,0,0.0,0
00-0031236,B.Cooks,WR,LA,2019,25.94,14,0,0,0,0,0,6,52,0,72,42,583,2,117.5,635
00-0031236,B.Cooks,WR,HOU,2020,26.94,15,0,0,0,0,0,0,0,0,119,81,1150,6,232.0,1150
00-0031236,B.Cooks,WR,HOU,2021,27.94,16,0,0,0,0,0,2,21,0,134,90,1037,6,231.8,1058
00-0031236,B.Cooks,WR,HOU,2022,28.94,13,0,0,0,0,0,2,7,0,93,57,699,3,145.6,706
00-0031236,B.Cooks,WR,DAL,2023,29.94,16,0,0,0,0,0,5,35,0,81,54,657,8,173.2,692
00-0031236,B.Cooks,WR,DAL,2024,30.94,10,0,0,0,0,0,3,-3,0,54,26,259,3,69.6,256
00-0031236,B.Cooks,WR,NO,2025,31.94,13,0,0,0,0,0,0,0,0,36,24,279,0,51.900000000000006,279
00-0031237,T.Bridgewater,QB,NO,2019,26.81,9,133,196,1384,9,2,28,31,0,0,0,0,0,90.46000000000001,31
00-0031237,T.Bridgewater,QB,CAR,2020,27.81,15,340,492,3733,15,11,53,279,5,0,0,0,0,241.22,279
00-0031237,T.Bridgewater,QB,DEN,2021,28.81,14,285,426,3052,18,7,30,106,2,0,0,0,0,202.68,106
00-0031237,T.Bridgewater,QB,MIA,2022,29.81,5,49,79,683,4,4,3,27,0,0,0,0,0,38.02,27
00-0031237,T.Bridgewater,QB,DET,2023,30.81,1,0,0,0,0,0,2,-2,0,0,0,0,0,-0.2,-2
00-0031237,T.Bridgewater,QB,TB,2025,32.81,3,8,15,62,0,0,3,4,0,0,0,0,0,2.88,4
00-0031257,P.Richardson,WR,WAS,2019,27.39,10,0,0,0,0,0,1,0,0,42,28,245,2,64.5,245
00-0031260,L.Thomas,TE,DET,2019,28.17,15,0,0,0,0,0,0,0,0,28,16,173,1,39.3,173
00-0031260,L.Thomas,TE,WAS,2020,29.17,16,1,1,28,0,0,3,5,0,110,72,670,6,176.62,675
00-0031260,L.Thomas,TE,WAS,2021,30.17,5,0,0,0,0,0,0,0,0,25,18,196,3,53.6,196
00-0031260,L.Thomas,TE,WAS,2022,31.17,13,0,0,0,0,0,0,0,0,61,39,323,1,77.3,323
00-0031260,L.Thomas,TE,WAS,2023,32.17,16,0,0,0,0,0,1,2,0,78,55,496,4,126.8,498
00-0031273,C.Brate,TE,TB,2019,28.16,14,0,0,0,0,0,0,0,0,55,36,311,4,91.1,311
00-0031273,C.Brate,TE,TB,2020,29.16,13,0,0,0,0,0,0,0,0,34,28,282,2,68.2,282
00-0031273,C.Brate,TE,TB,2021,30.16,16,0,0,0,0,0,0,0,0,57,30,245,4,78.5,245
00-0031273,C.Brate,TE,TB,2022,31.16,9,0,0,0,0,0,0,0,0,38,20,174,0,37.4,174
00-0031280,D.Carr,QB,LV,2019,28.43,16,361,513,4054,21,8,27,82,2,0,0,0,0,244.36,82
00-0031280,D.Carr,QB,LV,2020,29.43,16,348,517,4103,27,9,39,140,3,0,0,0,0,272.12,140
00-0031280,D.Carr,QB,LV,2021,30.43,17,428,626,4804,23,14,40,108,0,0,0,0,0,256.96000000000004,108
00-0031280,D.Carr,QB,LV,2022,31.43,15,305,502,3522,24,14,24,102,0,0,0,0,0,219.08,102
00-0031280,D.Carr,QB,NO,2023,32.43,17,375,548,3878,25,8,32,40,0,0,0,0,0,241.12,40
00-0031280,D.Carr,QB,NO,2024,33.43,10,189,279,2145,15,5,17,71,1,0,0,0,0,150.9,71
00-0031285,D.Freeman,RB,ATL,2019,27.46,14,0,0,0,0,0,184,656,2,70,59,410,4,197.6,1066
00-0031285,D.Freeman,RB,NYG,2020,28.46,5,0,0,0,0,0,54,172,1,10,7,58,0,36.00000000000001,230
00-0031285,D.Freeman,RB,BAL,2021,29.46,16,0,0,0,0,0,133,576,5,42,34,190,1,146.6,766
00-0031288,A.McCarron,QB,HOU,2019,28.97,2,21,37,225,0,1,5,39,1,0,0,0,0,16.9,39
00-0031288,A.McCarron,QB,HOU,2020,29.97,2,1,1,20,0,0,0,0,0,0,0,0,0,0.8,0
00-0031288,A.McCarron,QB,CIN,2023,32.97,2,4,5,19,0,0,0,0,0,0,0,0,0,0.76,0
00-0031299,J.Matthews,TE,PHI,2019,27.13,2,0,0,0,0,0,0,0,0,12,4,33,0,7.300000000000001,33
00-0031299,J.Matthews,TE,CAR,2024,32.13,2,0,0,0,0,0,0,0,0,1,0,0,0,0.0,0
00-0031319,D.Spencer,WR,DEN,2019,27.45,16,0,0,0,0,0,3,6,0,8,6,31,0,7.700000000000001,37
00-0031319,D.Spencer,WR,DEN,2020,28.45,11,0,0,0,0,0,3,19,0,6,3,26,0,13.5,45
00-0031319,D.Spencer,WR,DEN,2021,29.45,15,0,0,0,0,0,0,0,0,4,1,-3,0,0.7,-3
00-0031325,S.Watkins,WR,KC,2019,26.22,13,0,0,0,0,0,2,12,0,90,52,673,3,138.5,685
00-0031325,S.Watkins,WR,KC,2020,27.22,10,0,1,0,0,1,1,3,0,55,37,421,2,87.4,424
00-0031325,S.Watkins,WR,BAL,2021,28.22,11,0,0,0,0,0,0,0,0,49,27,394,1,70.4,394
00-0031325,S.Watkins,WR,GB,2022,29.22,9,0,0,0,0,0,0,0,0,27,16,325,0,46.5,325
00-0031339,D.Moncrief,WR,PIT,2019,26.07,4,0,0,0,0,0,0,0,0,15,4,18,0,5.800000000000001,18
00-0031339,D.Moncrief,WR,NE,2020,27.07,5,0,0,0,0,0,1,4,0,2,1,15,0,2.9,19
00-0031344,C.Latimer,WR,NYG,2019,26.89,14,0,0,0,0,0,0,0,0,42,24,300,2,66.0,300
00-0031345,J.Garoppolo,QB,SF,2019,27.83,16,329,476,3978,27,13,46,62,1,0,0,0,0,247.32,62
00-0031345,J.Garoppolo,QB,SF,2020,28.83,6,94,140,1096,7,5,10,25,0,0,0,0,0,64.34,25
00-0031345,J.Garoppolo,QB,SF,2021,29.83,15,301,441,3810,20,12,38,51,3,0,0,0,0,227.5,51
00-0031345,J.Garoppolo,QB,SF,2022,30.83,11,207,308,2437,16,4,23,33,2,0,0,0,0,164.78,33
00-0031345,J.Garoppolo,QB,LV,2023,31.83,7,110,169,1205,7,9,20,39,0,0,0,0,0,64.1,39
00-0031345,J.Garoppolo,QB,LA,2024,32.83,1,27,41,334,2,1,2,5,0,0,0,0,0,19.86,5
00-0031345,J.Garoppolo,QB,LA,2025,33.83,3,0,0,0,0,0,9,-10,0,0,0,0,0,-1.0,-10
00-0031376,J.McKinnon,RB,SF,2020,28.33,14,0,0,0,0,0,81,319,5,46,33,253,1,126.2,572
00-0031376,J.McKinnon,RB,KC,2021,29.33,9,0,0,0,0,0,12,62,0,20,13,107,1,35.9,169
00-0031376,J.McKinnon,RB,KC,2022,30.33,17,0,0,0,0,0,72,291,1,71,56,512,9,196.3,803
00-0031376,J.McKinnon,RB,KC,2023,31.33,12,1,1,4,1,0,21,60,1,32,25,192,4,84.36,252
00-0031381,D.Adams,WR,GB,2019,26.69,12,0,0,0,0,0,0,0,0,127,83,997,5,212.70000000000002,997
00-0031381,D.Adams,WR,GB,2020,27.69,14,0,0,0,0,0,0,0,0,149,115,1374,18,358.40000000000003,1374
00-0031381,D.Adams,WR,GB,2021,28.69,16,0,0,0,0,0,0,0,0,169,123,1553,11,344.3,1553
00-0031381,D.Adams,WR,LV,2022,29.69,17,0,0,0,0,0,3,-1,0,180,100,1516,14,335.5,1515
00-0031381,D.Adams,WR,LV,2023,30.69,17,0,0,0,0,0,0,0,0,175,103,1144,8,265.40000000000003,1144
00-0031381,D.Adams,WR,NYJ,2024,31.69,14,0,0,0,0,0,0,0,0,141,85,1063,8,241.29999999999998,1063
00-0031381,D.Adams,WR,LA,2025,32.69,14,0,0,0,0,0,0,0,0,114,60,789,14,222.9,789
00-0031382,J.Landry,WR,CLE,2019,26.76,16,0,0,0,0,0,1,10,0,138,83,1174,6,237.4,1184
00-0031382,J.Landry,WR,CLE,2020,27.76,15,4,4,74,1,0,4,10,1,101,72,840,3,187.96,850
00-0031382,J.Landry,WR,CLE,2021,28.76,12,0,0,0,0,0,6,40,2,87,52,570,2,133.0,610
00-0031382,J.Landry,WR,NO,2022,29.76,9,0,0,0,0,0,0,0,0,39,25,272,1,60.2,272
00-0031384,R.Rodgers,TE,PHI,2020,28.61,8,0,0,0,0,0,0,0,0,31,24,345,2,70.5,345
00-0031384,R.Rodgers,TE,PHI,2021,29.61,1,0,0,0,0,0,0,0,0,2,2,11,0,3.1,11
00-0031384,R.Rodgers,TE,LAC,2022,30.61,3,0,0,0,0,0,0,0,0,4,1,4,0,1.4,4
00-0031387,E.Ebron,TE,IND,2019,26.39,11,0,0,0,0,0,0,0,0,52,31,375,3,86.5,375
00-0031387,E.Ebron,TE,PIT,2020,27.39,15,0,0,0,0,0,0,0,0,91,56,558,5,141.8,558
00-0031387,E.Ebron,TE,PIT,2021,28.39,8,0,0,0,0,0,1,1,1,18,12,84,1,32.5,85
00-0031395,G.Gilbert,QB,CLE,2019,28.17,5,0,3,0,0,0,3,-3,0,0,0,0,0,-0.30000000000000004,-3
00-0031395,G.Gilbert,QB,DAL,2020,29.17,1,21,38,243,1,1,3,28,0,0,0,0,0,14.520000000000001,28
00-0031395,G.Gilbert,QB,WAS,2021,30.17,1,20,31,194,0,0,0,0,0,0,0,0,0,7.76,0
00-0031407,B.Bortles,QB,LA,2019,27.34,2,1,2,3,0,0,2,-9,0,0,0,0,0,-0.78,-9
00-0031408,M.Evans,WR,TB,2019,26.03,13,0,0,0,0,0,0,0,0,118,67,1157,8,232.70000000000002,1157
00-0031408,M.Evans,WR,TB,2020,27.03,16,0,0,0,0,0,0,0,0,109,70,1006,13,248.6,1006
00-0031408,M.Evans,WR,TB,2021,28.03,16,0,0,0,0,0,1,10,0,114,74,1035,14,262.5,1045
00-0031408,M.Evans,WR,TB,2022,29.03,15,0,0,0,0,0,0,0,0,127,77,1124,6,225.4,1124
00-0031408,M.Evans,WR,TB,2023,30.03,17,0,0,0,0,0,0,0,0,136,79,1255,13,282.5,1255
00-0031408,M.Evans,WR,TB,2024,31.03,14,0,0,0,0,0,0,0,0,110,74,1004,11,240.4,1004
00-0031408,M.Evans,WR,TB,2025,32.03,8,0,0,0,0,0,0,0,0,62,30,368,3,84.80000000000001,368
00-0031428,A.Robinson,WR,CHI,2019,26.02,16,0,0,0,0,0,1,2,0,154,98,1147,7,254.9,1149
00-0031428,A.Robinson,WR,CHI,2020,27.02,16,0,0,0,0,0,1,-1,0,151,102,1250,6,262.90000000000003,1249
00-0031428,A.Robinson,WR,CHI,2021,28.02,12,0,0,0,0,0,0,0,0,66,38,410,1,87.0,410
00-0031428,A.Robinson,WR,PIT,2023,30.02,15,0,0,0,0,0,0,0,0,49,34,280,0,62.0,280
00-0031428,A.Robinson,WR,DET,2024,31.02,6,0,0,0,0,0,0,0,0,7,3,30,0,6.0,30
00-0031428,Al.Robinson,WR,LA,2022,29.02,10,0,0,0,0,0,0,0,0,52,33,339,3,84.9,339
00-0031431,M.Lee,WR,JAX,2019,27.77,4,0,0,0,0,0,1,1,0,4,3,18,0,4.9,19
00-0031484,C.Manhertz,TE,CAR,2019,27.39,3,0,0,0,0,0,0,0,0,1,1,11,0,2.1,11
00-0031484,C.Manhertz,TE,CAR,2020,28.39,7,0,0,0,0,0,0,0,0,8,6,52,0,11.200000000000001,52
00-0031484,C.Manhertz,TE,JAX,2021,29.39,10,0,0,0,0,0,0,0,0,9,6,71,1,19.1,71
00-0031484,C.Manhertz,TE,JAX,2022,30.39,7,0,0,0,0,0,0,0,0,8,6,42,0,10.2,42
00-0031484,C.Manhertz,TE,DEN,2023,31.39,7,0,0,0,0,0,0,0,0,4,2,16,0,3.6,16
00-0031484,C.Manhertz,TE,NYG,2024,32.39,8,0,0,0,0,0,0,0,0,4,3,30,1,12.0,30
00-0031484,C.Manhertz,TE,NYG,2025,33.39,4,0,0,0,0,0,0,0,0,2,1,7,0,1.7000000000000002,7
00-0031503,J.Winston,QB,TB,2019,25.65,16,380,626,5109,33,30,59,250,1,0,0,0,0,305.36,250
00-0031503,J.Winston,QB,NO,2020,26.65,3,7,11,75,0,0,8,-6,0,0,0,0,0,2.3999999999999995,-6
00-0031503,J.Winston,QB,NO,2021,27.65,7,95,161,1170,14,3,32,166,1,0,0,0,0,117.4,166
00-0031503,J.Winston,QB,NO,2022,28.65,3,73,115,858,4,5,5,16,0,0,0,0,0,43.92,16
00-0031503,J.Winston,QB,NO,2023,29.65,6,25,47,264,2,3,5,-6,0,0,0,0,0,11.959999999999999,-6
00-0031503,J.Winston,QB,CLE,2024,30.65,11,181,296,2121,13,12,25,83,1,0,0,0,0,131.14,83
00-0031503,J.Winston,QB,NYG,2025,31.65,3,37,66,567,2,2,7,23,1,1,1,33,1,43.28,56
00-0031511,D.White,WR,CAR,2019,27.88,8,0,0,0,0,0,0,0,0,9,4,51,0,9.1,51
00-0031544,A.Cooper,WR,DAL,2019,25.21,16,0,0,0,0,0,1,6,0,119,79,1189,8,246.5,1195
00-0031544,A.Cooper,WR,DAL,2020,26.21,16,0,0,0,0,0,6,14,0,130,92,1114,5,236.8,1128
00-0031544,A.Cooper,WR,DAL,2021,27.21,15,0,0,0,0,0,0,0,0,104,68,865,8,202.5,865
00-0031544,A.Cooper,WR,CLE,2022,28.21,17,0,1,0,0,1,0,0,0,132,78,1160,9,246.0,1160
00-0031544,A.Cooper,WR,CLE,2023,29.21,15,0,0,0,0,0,0,0,0,128,72,1250,5,227.0,1250
00-0031544,A.Cooper,WR,BUF,2024,30.21,13,0,0,0,0,0,0,0,0,85,44,547,4,122.7,547
00-0031545,K.White,WR,SF,2020,28.19,1,0,0,0,0,0,0,0,0,0,0,0,0,0.0,0
00-0031545,K.White,WR,NO,2021,29.19,4,0,0,0,0,0,0,0,0,5,1,38,0,4.800000000000001,38
00-0031545,K.White,WR,NO,2022,30.19,6,0,0,0,0,0,0,0,0,5,2,74,0,9.4,74
00-0031547,D.Parker,WR,MIA,2019,26.62,16,0,0,0,0,0,0,0,0,128,72,1202,9,246.2,1202
00-0031547,D.Parker,WR,MIA,2020,27.62,14,0,0,0,0,0,0,0,0,103,63,793,4,166.3,793
00-0031547,D.Parker,WR,MIA,2021,28.62,9,0,0,0,0,0,0,0,0,73,40,515,2,103.5,515
00-0031547,D.Parker,WR,NE,2022,29.62,12,0,0,0,0,0,0,0,0,47,31,539,3,102.9,539
00-0031547,D.Parker,WR,NE,2023,30.62,13,0,0,0,0,0,0,0,0,55,33,394,0,72.4,394
00-0031549,N.Agholor,WR,PHI,2019,26.27,11,0,0,0,0,0,2,7,0,69,39,363,3,94.0,370
00-0031549,N.Agholor,WR,LV,2020,27.27,16,0,0,0,0,0,0,0,0,82,48,896,8,185.6,896
00-0031549,N.Agholor,WR,NE,2021,28.27,14,0,0,0,0,0,3,11,0,64,37,473,3,103.4,484
00-0031549,N.Agholor,WR,NE,2022,29.27,14,0,0,0,0,0,0,0,0,53,31,362,2,75.2,362
00-0031549,N.Agholor,WR,BAL,2023,30.27,16,0,0,0,0,0,0,0,0,45,35,381,4,97.1,381
00-0031549,N.Agholor,WR,BAL,2024,31.27,13,0,0,0,0,0,0,0,0,29,14,231,2,49.1,231
00-0031558,M.Williams,TE,ARI,2019,25.39,13,0,0,0,0,0,0,0,0,19,15,202,1,41.2,202
00-0031558,M.Williams,TE,ARI,2020,26.39,6,0,0,0,0,0,0,0,0,10,8,102,1,24.200000000000003,102
00-0031558,M.Williams,TE,ARI,2021,27.39,5,0,0,0,0,0,0,0,0,17,16,193,1,41.3,193
00-0031558,M.Williams,TE,ARI,2022,28.39,3,0,0,0,0,0,0,0,0,3,3,18,0,4.800000000000001,18
00-0031570,J.Hardy,WR,ATL,2019,27.7,12,0,0,0,0,0,0,0,0,26,19,195,0,38.5,195
00-0031577,J.Allen,RB,NYG,2019,28.01,4,0,0,0,0,0,10,36,1,2,1,9,0,11.5,45
00-0031585,M.Pruitt,TE,TEN,2019,27.44,9,0,0,0,0,0,0,0,0,8,6,90,1,21.0,90
00-0031585,M.Pruitt,TE,TEN,2020,28.44,5,0,0,0,0,0,0,0,0,8,5,49,2,21.9,49
00-0031585,M.Pruitt,TE,TEN,2021,29.44,10,0,0,0,0,0,0,0,0,18,14,145,3,48.5,145
00-0031585,M.Pruitt,TE,ATL,2022,30.44,10,0,0,0,0,0,0,0,0,21,16,150,4,55.0,150
00-0031585,M.Pruitt,TE,ATL,2023,31.44,10,0,0,0,0,0,0,0,0,12,9,110,1,26.0,110
00-0031585,M.Pruitt,TE,PIT,2024,32.44,7,0,0,0,0,0,0,0,0,10,6,40,1,16.0,40
00-0031588,S.Diggs,WR,MIN,2019,25.76,15,0,1,0,0,0,5,61,0,94,63,1130,6,214.1,1191
00-0031588,S.Diggs,WR,BUF,2020,26.76,16,0,0,0,0,0,1,1,0,166,127,1535,8,328.6,1536
00-0031588,S.Diggs,WR,BUF,2021,27.76,17,0,0,0,0,0,0,0,0,164,103,1225,10,285.5,1225
00-0031588,S.Diggs,WR,BUF,2022,28.76,16,0,0,0,0,0,1,-3,0,154,108,1429,11,316.6,1426
00-0031588,S.Diggs,WR,BUF,2023,29.76,17,0,0,0,0,0,1,5,0,160,107,1183,8,273.8,1188
00-0031588,S.Diggs,WR,HOU,2024,30.76,8,1,1,13,0,0,3,8,1,64,47,496,3,121.92,504
00-0031588,S.Diggs,WR,NE,2025,31.76,17,0,0,0,0,0,0,0,0,102,85,1013,4,210.3,1013
00-0031589,B.Hundley,QB,ARI,2019,26.21,3,5,11,49,0,0,7,41,0,0,0,0,0,6.0600000000000005,41
00-0031590,J.Ajayi,RB,PHI,2019,26.21,3,0,0,0,0,0,10,30,0,1,0,0,0,3.0,30
00-0031598,N.Boyle,TE,BAL,2019,26.54,15,0,0,0,0,0,0,0,0,43,31,321,2,75.1,321
00-0031598,N.Boyle,TE,BAL,2020,27.54,9,0,0,0,0,0,0,0,0,17,14,113,2,37.300000000000004,113
00-0031598,N.Boyle,TE,BAL,2021,28.54,2,0,0,0,0,0,0,0,0,2,1,2,0,1.2,2
00-0031598,N.Boyle,TE,BAL,2022,29.54,3,0,0,0,0,0,0,0,0,0,0,0,0,0.0,0
00-0031610,D.Waller,TE,LV,2019,26.97,16,0,0,0,0,0,2,5,0,117,90,1145,3,221.0,1150
00-0031610,D.Waller,TE,LV,2020,27.97,16,0,0,0,0,0,0,0,0,145,107,1196,9,278.6,1196
00-0031610,D.Waller,TE,LV,2021,28.97,11,0,0,0,0,0,0,0,0,93,55,665,2,133.5,665
00-0031610,D.Waller,TE,LV,2022,29.97,8,0,0,0,0,0,0,0,0,43,28,388,3,84.8,388
00-0031610,D.Waller,TE,NYG,2023,30.97,12,0,0,0,0,0,0,0,0,74,52,552,1,113.2,552
00-0031610,D.Waller,TE,MIA,2025,32.97,9,0,0,0,0,0,1,4,0,34,24,283,6,88.7,287
00-0031665,Z.Zenner,RB,ARI,2019,27.97,3,0,0,0,0,0,3,-2,0,3,2,19,0,3.7,17
00-0031687,R.Mostert,RB,SF,2019,27.4,16,0,0,0,0,0,137,772,8,22,14,180,2,167.2,952
00-0031687,R.Mostert,RB,SF,2020,28.4,8,0,0,0,0,0,104,521,2,19,16,156,1,99.7,677
00-0031687,R.Mostert,RB,SF,2021,29.4,1,0,0,0,0,0,2,20,0,0,0,0,0,2.0,20
00-0031687,R.Mostert,RB,MIA,2022,30.4,16,0,0,0,0,0,181,891,3,42,31,202,2,168.3,1093
00-0031687,R.Mostert,RB,MIA,2023,31.4,15,0,0,0,0,0,209,1012,18,32,25,175,3,267.7,1187
00-0031687,R.Mostert,RB,MIA,2024,32.4,13,0,0,0,0,0,85,278,2,23,19,161,0,70.9,439
00-0031687,R.Mostert,RB,LV,2025,33.4,12,0,0,0,0,0,22,104,0,12,12,70,0,29.400000000000002,174
00-0031690,E.Tomlinson,TE,NE,2019,27.36,2,0,0,0,0,0,0,0,0,1,1,1,0,1.1,1
00-0031690,E.Tomlinson,TE,BAL,2020,28.36,2,0,0,0,0,0,0,0,0,1,0,0,0,0.0,0
00-0031690,E.Tomlinson,TE,BAL,2021,29.36,7,0,0,0,0,0,0,0,0,1,1,7,0,1.7000000000000002,7
00-0031690,E.Tomlinson,TE,DEN,2022,30.36,9,0,0,0,0,0,0,0,0,13,9,79,2,28.9,79
00-0031690,E.Tomlinson,TE,LAC,2024,32.36,5,0,0,0,0,0,0,0,0,4,2,9,0,2.9000000000000004,9
00-0031744,M.LaCosse,TE,NE,2019,26.95,8,0,0,0,0,0,0,0,0,19,13,131,1,32.1,131
00-0031763,D.Carter,WR,HOU,2019,26.39,16,0,0,0,0,0,0,0,0,14,11,162,0,27.200000000000003,162
00-0031763,D.Carter,WR,HOU,2020,27.39,13,0,0,0,0,0,0,0,0,2,1,8,0,1.8,8
00-0031763,D.Carter,WR,WAS,2021,28.39,17,0,0,0,0,0,10,89,0,44,24,296,3,86.5,385
00-0031763,D.Carter,WR,LAC,2022,29.39,17,0,0,0,0,0,2,-15,0,65,46,538,3,114.3,523
00-0031763,D.Carter,WR,LV,2023,30.39,17,0,0,0,0,0,3,18,0,7,4,39,0,9.700000000000001,57
00-0031763,D.Carter,WR,CHI,2024,31.39,13,0,0,0,0,0,0,0,0,14,9,72,0,16.2,72
00-0031763,D.Carter,WR,CLE,2025,32.39,4,0,0,0,0,0,0,0,0,0,0,0,0,0.0,0
00-0031787,J.Kumerow,WR,GB,2019,27.54,11,0,0,0,0,0,0,0,0,21,12,219,1,39.900000000000006,219
00-0031787,J.Kumerow,WR,BUF,2020,28.54,1,0,0,0,0,0,0,0,0,1,1,22,1,9.2,22
00-0031787,J.Kumerow,WR,BUF,2021,29.54,7,0,0,0,0,0,0,0,0,6,2,28,0,4.8,28
00-0031787,J.Kumerow,WR,BUF,2022,30.54,5,0,0,0,0,0,0,0,0,7,4,64,0,10.4,64
00-0031800,T.Heinicke,QB,WAS,2020,,1,12,19,137,1,0,3,22,0,0,0,0,0,11.68,22
00-0031800,T.Heinicke,QB,WAS,2021,,16,321,494,3419,20,15,60,313,1,1,1,-2,0,222.86,311
00-0031800,T.Heinicke,QB,WAS,2022,,9,161,259,1859,12,6,28,96,1,0,0,0,0,115.96000000000001,96
00-0031800,T.Heinicke,QB,ATL,2023,,5,74,136,890,5,4,15,124,1,0,0,0,0,66.0,124
00-0031800,T.Heinicke,QB,LAC,2024,,4,3,5,28,0,0,2,20,0,0,0,0,0,3.12,20
00-0031806,M.Brown,RB,LA,2019,26.3,14,0,0,0,0,0,69,255,5,6,2,16,0,59.1,271
00-0031806,M.Brown,RB,LA,2020,27.3,16,0,0,0,0,0,101,419,5,33,23,162,0,109.1,581
00-0031806,M.Brown,RB,MIA,2021,28.3,6,0,0,0,0,0,33,125,1,5,3,10,0,22.5,135
00-0031806,M.Brown,RB,LA,2022,29.3,7,0,0,0,0,0,18,81,1,6,5,37,0,22.8,118
00-0031868,D.Byrd,WR,ARI,2019,26.6,11,0,0,0,0,0,0,0,0,46,32,359,1,71.9,359
00-0031868,D.Byrd,WR,NE,2020,27.6,15,0,0,0,0,0,2,15,0,77,47,604,1,114.9,619
00-0031868,D.Byrd,WR,CHI,2021,28.6,11,0,0,0,0,0,0,0,0,38,26,329,1,66.9,329
00-0031868,D.Byrd,WR,ATL,2022,29.6,12,0,0,0,0,0,0,0,0,23,13,268,2,51.8,268
00-0031868,D.Byrd,WR,ATL,2023,30.6,1,0,0,0,0,0,0,0,0,2,0,0,0,0.0,0
00-0031900,R.Smith,RB,LV,2019,27.64,3,0,0,0,0,0,0,0,0,0,0,0,0,0.0,0
00-0031934,D.Smith,WR,DAL,2019,27.5,3,0,0,0,0,0,0,0,0,9,5,113,1,22.299999999999997,113
00-0031934,D.Smith,WR,JAX,2021,29.5,1,0,0,0,0,0,0,0,0,1,0,0,0,0.0,0
00-0031941,J.Crowder,WR,NYJ,2019,26.21,16,0,0,0,0,0,1,4,0,122,78,833,6,197.70000000000002,837
00-0031941,J.Crowder,WR,NYJ,2020,27.21,12,1,1,43,1,0,1,14,0,89,59,699,6,172.02,713
00-0031941,J.Crowder,WR,NYJ,2021,28.21,12,0,0,0,0,0,0,0,0,71,51,447,2,109.7,447
00-0031941,J.Crowder,WR,BUF,2022,29.21,4,0,0,0,0,0,0,0,0,13,6,60,0,12.0,60
00-0031941,J.Crowder,WR,WAS,2023,30.21,16,0,0,0,0,0,0,0,0,20,16,159,1,37.900000000000006,159
00-0031941,J.Crowder,WR,WAS,2024,31.21,5,0,0,0,0,0,0,0,0,13,9,72,2,28.2,72
00-0031951,J.O'Shaughnessy,TE,JAX,2019,27.63,5,0,0,0,0,0,0,0,0,20,14,153,2,41.3,153
00-0031951,J.O'Shaughnessy,TE,JAX,2020,28.63,15,0,0,0,0,0,0,0,0,38,28,262,0,54.2,262
00-0031951,J.O'Shaughnessy,TE,JAX,2021,29.63,7,0,0,0,0,0,0,0,0,34,24,244,0,50.4,244
00-0031953,G.Davis,WR,LAC,2019,27.64,6,0,0,0,0,0,0,0,0,3,3,38,0,6.8,38
00-0031972,D.Jennings,WR,TEN,2019,27.18,8,0,0,0,0,0,0,0,0,5,2,17,0,3.7,17
00-0032009,A.Humphries,WR,TEN,2019,26.19,12,0,0,0,0,0,1,1,0,47,37,374,2,86.5,375
00-0032009,A.Humphries,WR,TEN,2020,27.19,7,0,0,0,0,0,0,0,0,35,23,228,2,57.8,228
00-0032009,A.Humphries,WR,WAS,2021,28.19,17,0,0,0,0,0,0,0,0,62,41,383,0,79.3,383
00-0032054,B.Perriman,WR,TB,2019,25.98,14,0,0,0,0,0,2,16,0,69,36,645,6,138.1,661
00-0032054,B.Perriman,WR,NYJ,2020,26.98,12,0,0,0,0,0,1,6,0,60,30,505,3,99.10000000000001,511
00-0032054,B.Perriman,WR,TB,2021,27.98,5,0,0,0,0,0,1,-3,0,18,11,167,1,33.400000000000006,164
00-0032054,B.Perriman,WR,TB,2022,28.98,8,0,0,0,0,0,2,-7,0,19,9,110,1,23.3,103
00-0032055,D.Funchess,WR,IND,2019,25.28,1,0,0,0,0,0,0,0,0,5,3,32,0,6.2,32
00-0032058,T.Coleman,RB,SF,2019,26.38,14,0,0,0,0,0,137,544,6,30,21,180,1,135.4,724
00-0032058,T.Coleman,RB,SF,2020,27.38,6,0,0,0,0,0,28,53,0,5,4,34,0,12.700000000000001,87
00-0032058,T.Coleman,RB,NYJ,2021,28.38,11,0,0,0,0,0,84,356,0,16,11,49,0,51.5,405
00-0032058,T.Coleman,RB,SF,2022,29.38,2,0,0,0,0,0,12,26,1,3,3,44,1,22.0,70
00-0032062,B.Bell,TE,KC,2019,28.07,14,0,0,0,0,0,0,0,0,15,8,67,0,14.700000000000001,67
00-0032062,B.Bell,TE,DAL,2020,29.07,11,0,0,0,0,0,1,2,0,15,11,110,0,22.200000000000003,112
00-0032062,B.Bell,TE,KC,2021,30.07,11,0,0,0,0,0,4,10,0,13,9,87,0,18.7,97
00-0032062,B.Bell,TE,KC,2022,31.07,2,0,0,0,0,0,0,0,0,2,2,20,1,10.0,20
00-0032062,B.Bell,TE,KC,2023,32.07,7,0,0,0,0,0,0,0,0,9,5,26,1,11.6,26
00-0032063,M.Davis,RB,CHI,2019,26.54,6,0,0,0,0,0,13,27,0,8,7,22,0,11.9,49
00-0032063,M.Davis,RB,CAR,2020,27.54,15,0,0,0,0,0,165,642,6,70,59,373,2,206.5,1015
00-0032063,M.Davis,RB,ATL,2021,28.54,17,0,0,0,0,0,138,503,3,58,44,259,1,138.2,762
00-0032063,M.Davis,RB,BAL,2022,29.54,5,0,0,0,0,0,8,18,0,2,2,4,0,4.2,22
00-0032098,D.Brown,TE,NYJ,2019,27.27,11,0,0,0,0,0,0,0,0,11,7,72,1,20.2,72
00-0032098,D.Brown,TE,NYJ,2020,28.27,8,0,0,0,0,0,0,0,0,2,2,31,0,5.1,31
00-0032098,D.Brown,TE,NYJ,2021,29.27,3,0,0,0,0,0,0,0,0,2,2,29,0,4.9,29
00-0032104,A.Abdullah,RB,MIN,2019,26.22,15,0,0,0,0,0,23,115,0,21,15,88,1,41.300000000000004,203
00-0032104,A.Abdullah,RB,MIN,2020,27.22,11,0,0,0,0,0,8,42,0,9,8,58,2,30.0,100
00-0032104,A.Abdullah,RB,CAR,2021,28.22,17,0,0,0,0,0,51,166,0,53,38,289,1,89.5,455
00-0032104,A.Abdullah,RB,LV,2022,29.22,16,0,0,0,0,0,4,20,0,32,25,211,1,54.1,231
00-0032104,A.Abdullah,RB,LV,2023,30.22,16,0,0,0,0,0,15,89,0,24,19,131,0,41.0,220
00-0032104,A.Abdullah,RB,LV,2024,31.22,15,0,0,0,0,0,66,311,2,47,40,261,3,125.2,572
00-0032104,A.Abdullah,RB,IND,2025,32.22,13,0,0,0,0,0,14,60,1,17,16,99,0,37.9,159
00-0032112,J.Nelson,WR,LV,2019,27.36,1,0,0,0,0,0,0,0,0,5,4,36,1,13.6,36
00-0032117,N.O'Leary,TE,MIA,2019,27.0,8,0,0,0,0,0,0,0,0,18,13,109,1,29.9,109
00-0032128,C.Conley,WR,JAX,2019,26.85,16,0,0,0,0,0,0,0,0,90,47,775,5,156.5,775
00-0032128,C.Conley,WR,JAX,2020,27.85,14,0,0,0,0,0,0,0,0,63,40,471,2,97.10000000000001,471
00-0032128,C.Conley,WR,HOU,2021,28.85,14,0,0,0,0,0,1,3,0,37,22,323,2,64.60000000000001,326
00-0032128,C.Conley,WR,TEN,2022,29.85,4,0,0,0,0,0,0,0,0,7,4,46,0,8.600000000000001,46
00-0032128,C.Conley,WR,SF,2023,30.85,1,0,0,0,0,0,0,0,0,6,3,69,0,9.9,69
00-0032128,C.Conley,WR,SF,2024,31.85,9,0,0,0,0,0,0,0,0,12,6,76,0,13.6,76
00-0032134,C.Uzomah,TE,CIN,2019,26.63,14,0,0,0,0,0,0,0,0,40,27,242,2,63.2,242
00-0032134,C.Uzomah,TE,CIN,2020,27.63,2,0,0,0,0,0,0,0,0,11,8,87,1,22.7,87
00-0032134,C.Uzomah,TE,CIN,2021,28.63,16,0,0,0,0,0,0,0,0,63,49,493,5,128.3,493
00-0032134,C.Uzomah,TE,NYJ,2022,29.63,14,0,0,0,0,0,0,0,0,27,21,232,2,56.2,232
00-0032134,C.Uzomah,TE,NYJ,2023,30.63,8,0,0,0,0,0,0,0,0,12,8,58,1,19.8,58
00-0032134,C.Uzomah,TE,PHI,2024,31.63,2,0,0,0,0,0,0,0,0,0,0,0,0,0.0,0
00-0032135,J.James,TE,DET,2019,25.24,13,0,0,0,0,0,0,0,0,27,16,142,0,30.2,142
00-0032135,J.James,TE,DET,2020,26.24,13,0,0,0,0,0,0,0,0,22,14,129,2,38.9,129
00-0032135,J.James,TE,CHI,2021,27.24,5,0,0,0,0,0,0,0,0,8,7,62,1,19.2,62
00-0032139,B.Koyack,TE,JAX,2019,26.4,3,0,0,0,0,0,0,0,0,3,1,9,0,1.9,9
00-0032141,G.Swaim,TE,JAX,2019,25.96,6,0,0,0,0,0,0,0,0,17,13,65,0,19.5,65
00-0032141,G.Swaim,TE,TEN,2020,26.96,7,0,0,0,0,0,0,0,0,12,9,83,1,23.3,83
00-0032141,G.Swaim,TE,TEN,2021,27.96,16,0,0,0,0,0,0,0,0,40,31,210,3,70.0,210
00-0032141,G.Swaim,TE,TEN,2022,28.96,12,0,0,0,0,0,0,0,0,16,12,58,1,23.8,58
00-0032141,G.Swaim,TE,ARI,2023,29.96,8,0,0,0,0,0,0,0,0,11,10,94,0,19.4,94
00-0032141,G.Swaim,TE,CLE,2024,30.96,3,0,0,0,0,0,0,0,0,1,1,7,0,1.7000000000000002,7
00-0032144,M.Gordon,RB,LAC,2019,26.39,12,0,0,0,0,0,162,612,8,55,42,296,1,180.8,908
00-0032144,M.Gordon,RB,DEN,2020,27.39,15,0,0,0,0,0,215,986,9,44,32,158,1,198.4,1144
00-0032144,M.Gordon,RB,DEN,2021,28.39,16,0,0,0,0,0,203,918,8,38,28,213,2,195.1,1131
00-0032144,M.Gordon,RB,DEN,2022,29.39,10,0,0,0,0,0,90,318,2,32,25,223,0,87.1,541
00-0032144,M.Gordon,RB,BAL,2023,30.39,4,0,0,0,0,0,26,81,1,3,3,46,0,19.7,127
00-0032156,T.Siemian,QB,NYJ,2019,27.68,1,3,6,3,0,0,0,0,0,0,0,0,0,0.12,0
00-0032156,T.Siemian,QB,NO,2021,29.68,6,108,188,1154,11,3,9,20,1,0,0,0,0,90.16000000000001,20
00-0032156,T.Siemian,QB,CHI,2022,30.68,2,15,26,184,1,1,4,8,0,0,0,0,0,10.16,8
00-0032156,T.Siemian,QB,NYJ,2023,31.68,5,86,153,724,2,4,11,40,0,0,0,0,0,26.96,40
00-0032160,T.Williams,WR,LV,2019,27.55,13,0,0,0,0,0,0,0,0,64,42,651,6,143.1,651
00-0032160,T.Williams,WR,DET,2021,29.55,1,0,0,0,0,0,0,0,0,3,2,14,0,3.4000000000000004,14
00-0032187,D.Johnson,RB,ARI,2019,27.71,12,0,0,0,0,0,94,345,2,47,36,370,4,141.5,715
00-0032187,D.Johnson,RB,HOU,2020,28.71,12,0,0,0,0,0,34,239,2,19,17,153,1,74.2,392
00-0032187,D.Johnson,RB,HOU,2021,29.71,13,0,0,0,0,0,67,228,0,42,32,225,1,81.3,453
00-0032187,D.Johnson,RB,NO,2022,30.71,4,0,0,0,0,0,12,24,0,4,4,47,0,9.100000000000001,71
00-0032187,Da.Johnson,RB,HOU,2020,28.71,12,0,0,0,0,0,113,452,4,27,16,161,1,105.3,613
00-0032200,T.Montgomery,WR,NYJ,2019,26.61,15,0,0,0,0,0,32,103,0,17,13,90,0,32.300000000000004,193
00-0032200,T.Montgomery,WR,NO,2020,27.61,4,0,0,0,0,0,19,101,0,6,3,27,0,15.8,128
00-0032200,T.Montgomery,WR,NO,2021,28.61,14,0,0,0,0,0,15,44,0,26,16,95,0,29.9,139
00-0032200,T.Montgomery,WR,NE,2022,29.61,1,0,0,0,0,0,2,-2,0,4,3,15,1,10.3,13
00-0032200,T.Montgomery,WR,NE,2023,30.61,11,0,0,0,0,0,3,9,0,12,5,40,0,9.9,49
00-0032208,P.Dorsett,WR,NE,2019,26.66,11,0,0,0,0,0,3,21,0,50,28,347,5,94.8,368
00-0032208,P.Dorsett,WR,HOU,2021,28.66,5,0,0,0,0,0,1,0,0,14,7,110,0,18.0,110
00-0032208,P.Dorsett,WR,HOU,2022,29.66,15,0,1,0,0,0,0,0,0,40,20,257,1,51.7,257
00-0032208,P.Dorsett,WR,DEN,2023,30.66,2,0,0,0,0,0,0,0,0,3,0,0,0,0.0,0
00-0032208,P.Dorsett II,WR,NE,2019,26.66,11,0,0,0,0,0,0,0,0,4,1,50,0,6.0,50
00-0032209,T.Yeldon,RB,BUF,2019,25.92,4,0,0,0,0,0,17,63,0,15,13,124,0,29.700000000000003,187
00-0032209,T.Yeldon,RB,BUF,2020,26.92,3,0,0,0,0,0,10,70,0,4,1,22,1,16.2,92
00-0032211,T.Lockett,WR,SEA,2019,26.93,16,0,0,0,0,0,4,-5,0,110,82,1057,8,235.20000000000002,1052
00-0032211,T.Lockett,WR,SEA,2020,27.93,16,0,0,0,0,0,0,0,0,132,100,1054,10,265.4,1054
00-0032211,T.Lockett,WR,SEA,2021,28.93,16,0,0,0,0,0,2,9,0,107,73,1175,8,241.4,1184
00-0032211,T.Lockett,WR,SEA,2022,29.93,16,0,0,0,0,0,0,0,0,117,84,1033,9,239.3,1033
00-0032211,T.Lockett,WR,SEA,2023,30.93,17,0,0,0,0,0,0,0,0,122,79,894,5,202.4,894
00-0032211,T.Lockett,WR,SEA,2024,31.93,17,0,0,0,0,0,0,0,0,74,49,600,2,121.0,600
00-0032211,T.Lockett,WR,LV,2025,32.93,17,0,0,0,0,0,0,0,0,55,32,291,1,67.1,291
00-0032214,T.Kroft,TE,BUF,2019,26.88,9,0,0,0,0,0,0,0,0,14,6,71,1,19.1,71
00-0032214,T.Kroft,TE,BUF,2020,27.88,7,0,0,0,0,0,0,0,0,16,12,119,3,41.9,119
00-0032214,T.Kroft,TE,NYJ,2021,28.88,9,0,0,0,0,0,0,0,0,25,16,173,1,39.3,173
00-0032214,T.Kroft,TE,SF,2022,29.88,6,0,0,0,0,0,0,0,0,5,4,57,0,9.700000000000001,57
00-0032214,T.Kroft,TE,MIA,2023,30.88,1,0,0,0,0,0,0,0,0,0,0,0,0,0.0,0
00-0032227,J.Heuerman,TE,DEN,2019,26.77,8,0,0,0,0,0,0,0,0,20,14,114,1,31.4,114
00-0032241,T.Gurley,RB,LA,2019,25.08,15,0,0,0,0,0,223,857,12,49,31,207,2,219.4,1064
00-0032241,T.Gurley,RB,ATL,2020,26.08,15,0,0,0,0,0,195,678,9,35,25,164,0,163.20000000000002,842
00-0032245,S.Mannion,QB,MIN,2019,27.35,3,12,21,126,0,2,6,-5,0,0,0,0,0,-1.46,-5
00-0032245,S.Mannion,QB,MIN,2021,29.35,1,22,36,189,1,0,2,14,0,0,0,0,0,12.96,14
00-0032256,C.Walford,TE,MIA,2019,27.92,6,0,0,0,0,0,0,4,0,8,4,57,0,10.100000000000001,61
00-0032257,D.Johnson,RB,HOU,2019,25.94,16,0,0,0,0,0,83,410,2,62,44,410,3,154.0,820
00-0032257,D.Johnson,RB,HOU,2020,26.94,11,0,0,0,0,0,67,201,1,27,20,172,1,67.3,373
00-0032257,D.Johnson,RB,MIA,2021,27.94,5,0,0,0,0,0,71,330,3,5,4,41,0,59.10000000000001,371
00-0032257,D.Johnson,RB,BUF,2022,28.94,1,0,0,0,0,0,2,4,0,0,0,0,0,0.4,4
00-0032257,Du.Johnson,RB,HOU,2020,26.94,11,0,0,0,0,0,10,34,0,8,8,77,0,17.1,111
00-0032268,M.Mariota,QB,TEN,2019,25.84,7,95,160,1203,7,2,24,129,0,0,0,0,0,85.02,129
00-0032268,M.Mariota,QB,LV,2020,26.84,1,17,28,226,1,1,9,88,1,0,0,0,0,25.840000000000003,88
00-0032268,M.Mariota,QB,LV,2021,27.84,7,1,2,4,0,0,13,87,1,0,0,0,0,14.860000000000001,87
00-0032268,M.Mariota,QB,ATL,2022,28.84,13,184,300,2219,15,9,85,438,4,0,0,0,0,196.56,438
00-0032268,M.Mariota,QB,PHI,2023,29.84,2,15,23,164,1,1,8,52,0,0,0,0,0,11.76,52
00-0032268,M.Mariota,QB,WAS,2024,30.84,3,34,44,364,4,0,18,92,1,0,0,0,0,45.760000000000005,92
00-0032268,M.Mariota,QB,WAS,2025,31.84,10,139,227,1695,10,7,50,297,1,0,0,0,0,125.5,297
00-0032319,R.Travis,TE,IND,2019,26.65,3,0,0,0,0,0,0,0,0,6,4,51,0,7.1000000000000005,51
00-0032355,C.Rogers,WR,IND,2019,25.64,10,0,0,0,0,0,1,18,0,28,16,179,2,47.7,197
00-0032355,C.Rogers,WR,TEN,2021,27.64,16,0,0,0,0,0,1,9,0,43,30,301,1,67.0,310
00-0032355,C.Rogers,WR,CLE,2022,28.64,3,0,0,0,0,0,0,0,0,0,0,0,0,0.0,0
00-0032377,J.Ferguson,RB,WAS,2019,26.27,1,0,0,0,0,0,3,9,0,0,0,0,0,0.9,9
00-0032385,S.Shepard,WR,NYG,2019,26.56,10,0,0,0,0,0,6,72,0,83,57,576,3,141.8,648
00-0032385,S.Shepard,WR,NYG,2020,27.56,12,0,0,0,0,0,6,49,1,90,66,656,3,162.5,705
00-0032385,S.Shepard,WR,NYG,2021,28.56,7,0,0,0,0,0,1,-9,0,53,36,366,1,77.7,357
00-0032385,S.Shepard,WR,NYG,2022,29.56,3,0,0,0,0,0,0,0,0,24,13,154,1,34.400000000000006,154
00-0032385,S.Shepard,WR,NYG,2023,30.56,10,0,0,0,0,0,1,6,0,22,10,57,1,22.3,63
00-0032385,S.Shepard,WR,TB,2024,31.56,13,0,0,0,0,0,8,69,0,51,32,334,1,80.3,403
00-0032385,S.Shepard,WR,TB,2025,32.56,13,0,0,0,0,0,4,19,0,53,39,371,1,82.0,390
00-0032392,A.Hooper,TE,ATL,2019,24.84,13,0,0,0,0,0,0,0,0,97,75,787,6,191.70000000000002,787
00-0032392,A.Hooper,TE,CLE,2020,25.84,13,0,0,0,0,0,0,0,0,70,46,435,4,113.5,435
00-0032392,A.Hooper,TE,CLE,2021,26.84,15,0,0,0,0,0,0,0,0,61,38,345,3,92.5,345
00-0032392,A.Hooper,TE,TEN,2022,27.84,17,0,0,0,0,0,0,0,0,60,41,444,2,97.4,444
00-0032392,A.Hooper,TE,LV,2023,28.84,16,0,0,0,0,0,0,0,0,31,25,234,0,48.400000000000006,234
00-0032392,A.Hooper,TE,NE,2024,29.84,17,0,0,0,0,0,0,0,0,59,45,476,3,108.60000000000001,476
00-0032392,A.Hooper,TE,NE,2025,30.84,13,0,0,0,0,0,0,0,0,26,21,263,2,59.300000000000004,263
00-0032393,C.Prosise,RB,SEA,2019,25.28,8,0,0,0,0,0,23,72,1,12,10,76,0,28.8,148
00-0032393,C.Prosise,RB,HOU,2020,26.28,5,0,0,0,0,0,10,19,0,5,5,18,1,12.700000000000001,37
00-0032394,N.Vannett,TE,PIT,2019,26.49,14,0,0,0,0,0,0,0,0,22,17,166,0,33.6,166
00-0032394,N.Vannett,TE,DEN,2020,27.49,11,0,0,0,0,0,0,0,0,21,14,95,1,29.5,95
00-0032394,N.Vannett,TE,NO,2021,28.49,7,0,0,0,0,0,0,0,0,15,9,133,1,28.3,133
00-0032394,N.Vannett,TE,NYG,2022,29.49,5,0,0,0,0,0,0,0,0,9,6,55,0,11.5,55
00-0032394,N.Vannett,TE,LAC,2023,30.49,1,0,0,0,0,0,0,0,0,1,1,3,0,1.3,3
00-0032394,N.Vannett,TE,TEN,2024,31.49,12,0,0,0,0,0,0,0,0,20,17,135,3,48.5,135
00-0032398,C.Moore,WR,BAL,2019,26.21,7,0,0,0,0,0,1,0,0,5,3,21,0,5.1,21
00-0032398,C.Moore,WR,BAL,2020,27.21,2,0,0,0,0,0,0,0,0,0,0,0,0,0.0,0
00-0032398,C.Moore,WR,HOU,2021,28.21,10,0,0,0,0,0,0,0,0,22,21,227,2,55.7,227
00-0032398,C.Moore,WR,HOU,2022,29.21,15,0,0,0,0,0,3,3,0,74,48,548,2,115.1,551
00-0032398,C.Moore,WR,TEN,2023,30.21,15,0,0,0,0,0,2,39,0,35,22,424,0,68.30000000000001,463
00-0032398,C.Moore,WR,WAS,2025,32.21,10,0,0,0,0,0,1,9,0,23,11,207,1,38.6,216
00-0032404,T.Ervin,RB,GB,2019,25.9,7,0,0,0,0,0,1,10,0,4,2,11,0,4.1,21
00-0032404,T.Ervin,RB,GB,2020,26.9,8,0,0,0,0,0,13,67,0,15,11,84,0,26.099999999999998,151
00-0032417,P.Perkins,RB,DET,2019,24.79,3,0,0,0,0,0,12,29,0,1,1,9,0,4.8,38
00-0032423,T.Davis,WR,LV,2019,26.16,14,0,0,0,0,0,4,73,1,11,8,111,0,30.400000000000002,184
00-0032426,A.Collins,RB,SEA,2020,26.02,3,0,0,0,0,0,18,77,2,2,1,4,0,21.1,81
00-0032426,A.Collins,RB,SEA,2021,27.02,11,0,0,0,0,0,108,411,2,10,9,87,0,68.8,498
00-0032434,B.Allen,QB,DEN,2019,26.99,3,39,84,515,3,2,10,39,0,0,0,0,0,32.5,39
00-0032434,B.Allen,QB,CIN,2020,27.99,5,90,142,925,5,4,13,27,0,1,0,0,0,49.7,27
00-0032434,B.Allen,QB,CIN,2021,28.99,5,17,34,149,2,0,7,-1,0,0,0,0,0,13.860000000000003,-1
00-0032434,B.Allen,QB,CIN,2022,29.99,1,3,3,22,0,0,3,-1,0,0,0,0,0,0.78,-1
00-0032434,B.Allen,QB,SF,2024,31.99,3,17,30,199,1,2,3,4,0,0,0,0,0,6.360000000000001,4
00-0032434,B.Allen,QB,TEN,2025,32.99,1,17,30,72,0,1,0,0,0,0,0,0,0,0.8799999999999999,0
00-0032436,J.Driskel,QB,DET,2019,26.36,3,62,105,685,4,4,22,151,1,1,1,6,0,58.1,157
00-0032436,J.Driskel,QB,DEN,2020,27.36,3,35,64,432,3,2,6,28,0,0,0,0,0,30.080000000000002,28
00-0032436,J.Driskel,QB,HOU,2022,29.36,7,14,20,108,1,0,20,75,0,1,1,4,0,17.22,79
00-0032436,J.Driskel,QB,CLE,2023,30.36,1,13,26,166,2,2,7,33,0,0,0,0,0,13.940000000000001,33
00-0032450,D.Washington,RB,NO,2019,25.36,6,0,0,0,0,0,8,60,0,1,1,6,0,7.6000000000000005,66
00-0032450,D.Washington,RB,NO,2020,26.36,6,0,0,0,0,0,8,15,0,0,0,0,0,1.5,15
00-0032450,D.Washington,RB,NO,2021,27.36,8,0,0,0,0,0,4,16,0,2,2,12,0,4.8,28
00-0032450,D.Washington,RB,NO,2022,28.36,7,0,0,0,0,0,11,38,0,1,1,7,0,5.5,45
00-0032450,D.Washington,RB,DEN,2023,29.36,3,0,0,0,0,0,0,0,0,0,0,0,0,0.0,0
00-0032464,K.Raymond,WR,TEN,2019,25.07,8,0,0,0,0,0,1,-5,0,12,9,170,1,29.5,165
00-0032464,K.Raymond,WR,TEN,2020,26.07,15,0,0,0,0,0,1,-3,0,15,9,187,0,27.4,184
00-0032464,K.Raymond,WR,DET,2021,27.07,16,0,0,0,0,0,4,28,0,71,48,576,4,132.4,604
00-0032464,K.Raymond,WR,DET,2022,28.07,17,0,0,0,0,0,7,36,0,64,47,616,0,116.2,652
00-0032464,K.Raymond,WR,DET,2023,29.07,17,0,0,0,0,0,7,75,0,44,35,489,1,97.4,564
00-0032464,K.Raymond,WR,DET,2024,30.07,12,0,0,0,0,0,2,0,0,22,17,215,2,56.5,215
00-0032464,K.Raymond,WR,DET,2025,31.07,15,0,0,0,0,0,2,19,0,30,24,289,1,66.8,308
00-0032540,T.Carson,RB,GB,2019,26.86,3,0,0,0,0,0,18,48,0,4,4,18,0,10.600000000000001,66
00-0032543,A.Erickson,WR,CIN,2019,26.82,16,1,1,26,0,0,5,33,0,78,43,529,0,100.24,562
00-0032543,A.Erickson,WR,CIN,2020,27.82,16,0,1,0,0,0,5,7,0,17,12,139,0,24.6,146
00-0032543,A.Erickson,WR,CAR,2021,28.82,17,0,0,0,0,0,0,0,0,4,3,55,0,8.5,55
00-0032543,A.Erickson,WR,WAS,2022,29.82,2,0,0,0,0,0,0,0,0,0,0,0,0,0.0,0
00-0032543,A.Erickson,WR,LAC,2023,30.82,8,0,0,0,0,0,0,0,0,29,16,232,1,45.2,232
00-0032543,A.Erickson,WR,NE,2024,31.82,3,0,0,0,0,0,0,0,0,0,0,0,0,0.0,0
00-0032577,D.Foster,RB,ARI,2019,25.78,2,0,0,0,0,0,0,0,0,0,0,0,0,0.0,0
00-0032577,D.Foster,RB,ARI,2020,26.78,6,0,0,0,0,0,2,2,0,1,1,7,0,1.9,9
00-0032599,J.Perkins,TE,PHI,2019,26.07,3,0,0,0,0,0,0,0,0,13,9,87,1,23.7,87
00-0032602,J.McKissic,RB,DET,2019,26.05,15,0,0,0,0,0,38,205,0,42,34,233,1,83.8,438
00-0032602,J.McKissic,RB,WAS,2020,27.05,16,0,0,0,0,0,85,365,1,110,80,589,2,191.4,954
00-0032602,J.McKissic,RB,WAS,2021,28.05,11,0,0,0,0,0,48,212,2,53,43,397,2,127.9,609
00-0032602,J.McKissic,RB,WAS,2022,29.05,8,0,0,0,0,0,22,95,0,40,27,173,0,55.800000000000004,268
00-0032626,G.Allison,WR,GB,2019,25.62,15,0,0,0,0,0,1,7,0,55,34,287,2,75.4,294
00-0032626,G.Allison,WR,DET,2021,27.62,1,0,0,0,0,0,0,0,0,2,0,0,0,0.0,0
00-0032661,B.Braunecker,TE,CHI,2019,25.57,5,0,0,0,0,0,0,0,0,11,6,59,1,17.900000000000002,59
00-0032688,R.Anderson,WR,CAR,2020,27.31,16,0,0,0,0,0,4,15,0,136,95,1096,3,224.1,1111
00-0032688,R.Anderson,WR,CAR,2021,28.31,17,0,0,0,0,0,3,36,0,110,53,519,5,138.5,555
00-0032688,R.Anderson,WR,ARI,2022,29.31,12,0,0,0,0,0,0,0,0,44,20,282,1,52.2,282
00-0032688,R.Chosen,WR,MIA,2023,30.31,6,0,0,0,0,0,0,0,0,6,4,126,1,22.6,126
00-0032688,R.Chosen,WR,MIA,2024,31.31,1,0,0,0,0,0,0,0,0,4,1,5,0,1.5,5
00-0032688,R.Chosen,WR,WAS,2025,32.31,3,0,0,0,0,0,0,0,0,9,5,53,0,10.3,53
00-0032688,Ro.Anderson,WR,NYJ,2019,26.31,16,0,0,0,0,0,1,4,0,96,52,779,5,162.3,783
00-0032689,J.Vander Laan,TE,NO,2019,26.94,1,0,0,0,0,0,0,0,0,0,0,0,0,0.0,0
00-0032725,S.Anderson,TE,LAC,2020,27.59,7,0,0,0,0,0,0,0,0,11,8,106,0,18.6,106
00-0032725,S.Anderson,TE,LAC,2021,28.59,14,0,0,0,0,0,0,0,0,19,16,165,1,38.5,165
00-0032725,S.Anderson,TE,ARI,2022,29.59,9,0,0,0,0,0,0,0,0,7,3,9,0,3.9000000000000004,9
00-0032725,S.Anderson,TE,LAC,2023,30.59,1,0,0,0,0,0,0,0,0,0,0,0,0,0.0,0
00-0032728,T.Jones,WR,PIT,2019,26.68,4,0,0,0,0,0,0,0,0,10,4,61,0,10.100000000000001,61
00-0032741,P.Barber,RB,TB,2019,25.51,16,0,0,0,0,0,154,470,6,24,16,115,1,116.5,585
00-0032741,P.Barber,RB,WAS,2020,26.51,14,0,0,0,0,0,94,258,4,7,4,12,0,55.0,270
00-0032741,P.Barber,RB,LV,2021,27.51,9,0,0,0,0,0,55,212,2,13,10,67,0,49.900000000000006,279
00-0032764,D.Henry,RB,TEN,2019,25.66,15,0,0,0,0,0,303,1540,16,24,18,206,2,294.6,1746
00-0032764,D.Henry,RB,TEN,2020,26.66,16,0,0,0,0,0,378,2027,17,31,19,114,0,333.1,2141
00-0032764,D.Henry,RB,TEN,2021,27.66,8,1,1,5,1,0,219,937,10,20,18,154,0,193.3,1091
00-0032764,D.Henry,RB,TEN,2022,28.66,16,2,2,4,1,0,349,1538,13,41,33,398,0,302.76,1936
00-0032764,D.Henry,RB,TEN,2023,29.66,17,2,3,14,2,0,280,1167,12,36,28,214,0,246.66000000000003,1381
00-0032764,D.Henry,RB,BAL,2024,30.66,17,0,0,0,0,0,325,1921,16,22,19,193,2,336.40000000000003,2114
00-0032764,D.Henry,RB,BAL,2025,31.66,17,0,1,0,0,0,307,1595,16,21,15,150,0,279.5,1745
00-0032765,M.Thomas,WR,NO,2019,26.5,16,0,0,0,0,0,1,-9,0,185,149,1725,9,374.6,1716
00-0032765,M.Thomas,WR,NO,2020,27.5,7,0,0,0,0,0,1,1,0,55,40,438,0,83.9,439
00-0032765,M.Thomas,WR,NO,2022,29.5,3,0,0,0,0,0,0,0,0,22,16,171,3,51.1,171
00-0032765,M.Thomas,WR,NO,2023,30.5,10,0,0,0,0,0,0,0,0,64,39,448,1,89.8,448
00-0032775,D.Robinson,WR,KC,2019,24.95,15,0,0,0,0,0,0,0,0,55,32,449,4,100.9,449
00-0032775,D.Robinson,WR,KC,2020,25.95,15,0,0,0,0,0,0,0,0,59,45,466,3,107.60000000000001,466
00-0032775,D.Robinson,WR,KC,2021,26.95,14,0,0,0,0,0,0,0,0,41,25,264,3,69.4,264
00-0032775,D.Robinson,WR,BAL,2022,27.95,16,0,0,0,0,0,0,0,0,75,48,458,2,103.8,458
00-0032775,D.Robinson,WR,LA,2023,28.95,8,0,0,0,0,0,1,23,0,39,26,371,4,87.4,394
00-0032775,D.Robinson,WR,LA,2024,29.95,17,0,0,0,0,0,0,0,0,64,31,505,7,123.5,505
00-0032775,D.Robinson,WR,SF,2025,30.95,14,0,0,0,0,0,1,6,0,35,22,276,1,58.2,282
00-0032778,T.Sharpe,WR,TEN,2019,24.69,13,0,0,0,0,0,0,0,0,35,25,329,4,81.9,329
00-0032778,T.Sharpe,WR,MIN,2020,25.69,3,0,0,0,0,0,0,0,0,3,0,0,0,0.0,0
00-0032778,T.Sharpe,WR,ATL,2021,26.69,14,0,0,0,0,0,0,0,0,37,25,230,0,48.0,230
00-0032780,J.Howard,RB,PHI,2019,24.83,9,0,0,0,0,0,119,525,6,14,10,69,1,111.4,594
00-0032780,J.Howard,RB,MIA,2020,25.83,7,0,0,0,0,0,35,60,4,1,1,-3,0,30.700000000000003,57
00-0032780,J.Howard,RB,PHI,2021,26.83,7,0,0,0,0,0,86,406,3,5,2,19,0,62.5,425
00-0032780,J.Howard,RB,NO,2022,27.83,1,0,0,0,0,0,1,1,0,0,0,0,0,0.1,1
00-0032782,W.Smallwood,RB,WAS,2019,25.62,12,0,0,0,0,0,22,81,0,13,9,64,0,23.5,145
00-0032782,W.Smallwood,RB,WAS,2021,27.62,2,0,0,0,0,0,5,25,0,5,4,22,0,8.7,47
00-0032791,J.Grant,WR,MIA,2019,26.84,9,0,0,0,0,0,4,5,1,33,19,164,0,47.9,169
00-0032791,J.Grant,WR,MIA,2020,27.84,14,0,0,0,0,0,3,20,0,54,36,373,1,87.3,393
00-0032791,J.Grant,WR,CHI,2021,28.84,15,0,0,0,0,0,5,33,0,17,11,132,2,43.5,165
00-0032792,N.Sudfeld,QB,PHI,2020,26.9,1,5,12,32,0,1,2,12,0,0,0,0,0,-1.5199999999999998,12
00-0032792,N.Sudfeld,QB,DET,2022,28.9,2,0,0,0,0,0,5,-4,0,0,0,0,0,-0.4,-4
00-0032794,D.Vitale,RB,GB,2019,25.85,13,0,0,0,0,0,1,3,0,12,7,97,0,17.0,100
00-0032795,C.Core,WR,NYG,2019,25.37,7,0,0,0,0,0,0,0,0,5,3,28,0,5.800000000000001,28
00-0032881,T.Lewis,WR,NO,2020,27.86,5,0,0,0,0,0,2,14,0,3,1,5,0,2.9,19
00-0032881,T.Lewis,WR,MIA,2021,28.86,2,0,0,0,0,0,0,0,0,2,1,7,0,1.7000000000000002,7
00-0032935,J.Holton,WR,PIT,2019,28.03,12,0,0,0,0,0,1,9,0,15,3,21,0,6.0,30
00-0032940,D.Washington,RB,LV,2019,26.53,16,0,0,0,0,0,108,387,3,41,36,292,0,121.9,679
00-0032940,D.Washington,RB,MIA,2020,27.53,4,0,0,0,0,0,31,91,0,10,5,30,0,17.1,121
00-0032945,D.Williams,WR,BUF,2019,26.3,4,0,0,0,0,0,0,0,0,19,12,166,1,34.6,166
00-0032950,C.Wentz,QB,PHI,2019,26.67,16,388,607,4039,27,7,62,243,1,0,0,0,0,275.86,243
00-0032950,C.Wentz,QB,PHI,2020,27.67,12,251,437,2620,16,15,52,276,5,0,0,0,0,198.4,276
00-0032950,C.Wentz,QB,IND,2021,28.67,17,322,516,3563,27,7,57,215,1,0,0,0,0,258.02000000000004,215
00-0032950,C.Wentz,QB,WAS,2022,29.67,8,172,276,1755,11,9,22,86,1,0,0,0,0,112.8,86
00-0032950,C.Wentz,QB,LA,2023,30.67,1,17,24,163,2,1,17,56,1,0,0,0,0,26.12,56
00-0032950,C.Wentz,QB,KC,2024,31.67,2,12,19,118,0,0,3,0,0,0,0,0,0,4.72,0
00-0032950,C.Wentz,QB,MIN,2025,32.67,5,110,169,1216,6,5,11,57,0,0,0,0,0,70.34,57
00-0032951,L.Treadwell,WR,MIN,2019,24.22,10,0,0,0,0,0,0,0,0,16,9,184,1,33.4,184
00-0032951,L.Treadwell,WR,ATL,2020,25.22,4,0,0,0,0,0,0,0,0,7,6,49,2,22.9,49
00-0032951,L.Treadwell,WR,JAX,2021,26.22,12,0,0,0,0,0,0,0,0,51,33,434,1,82.4,434
00-0032951,L.Treadwell,WR,SEA,2022,27.22,3,0,0,0,0,0,0,0,0,10,6,42,0,10.2,42
00-0032951,L.Treadwell,WR,BAL,2023,28.22,3,0,0,0,0,0,0,0,0,3,1,16,0,2.6,16
00-0032951,L.Treadwell,WR,IND,2025,30.22,6,0,0,0,0,0,0,0,0,0,0,0,0,0.0,0
00-0032972,D.Booker,RB,DEN,2019,27.26,9,0,0,0,0,0,2,9,0,9,6,57,0,12.600000000000001,66
00-0032972,D.Booker,RB,LV,2020,28.26,15,0,0,0,0,0,93,423,3,21,17,84,0,85.7,507
00-0032972,D.Booker,RB,NYG,2021,29.26,16,0,0,0,0,0,145,593,2,45,40,268,1,144.10000000000002,861
00-0032975,J.Williams,RB,IND,2019,25.58,5,0,0,0,0,0,49,235,1,5,5,59,0,40.400000000000006,294
00-0032975,J.Williams,RB,DET,2020,26.58,2,0,0,0,0,0,1,5,0,4,4,21,0,4.6,26
00-0032975,J.Williams,RB,WAS,2021,27.58,5,0,0,0,0,0,17,79,1,6,4,28,0,20.7,107
00-0032975,J.Williams,RB,WAS,2022,28.58,9,0,0,0,0,0,37,152,0,10,7,40,0,26.200000000000003,192
00-0032975,J.Williams,RB,WAS,2023,29.58,1,0,0,0,0,0,1,-2,0,1,0,0,0,-0.2,-2
00-0032977,R.Higgins,WR,CLE,2019,24.9,7,0,0,0,0,0,0,0,0,11,4,55,1,15.5,55
00-0032977,R.Higgins,WR,CLE,2020,25.9,12,0,0,0,0,0,0,0,0,52,37,599,4,120.9,599
00-0032977,R.Higgins,WR,CLE,2021,26.9,12,0,0,0,0,0,0,0,0,47,24,275,1,57.5,275
00-0032980,M.Johnson,WR,IND,2019,25.07,8,0,0,0,0,0,0,0,0,33,17,277,2,56.7,277
00-0032980,M.Johnson,WR,IND,2020,26.07,9,0,0,0,0,0,0,0,0,28,14,255,0,39.5,255
00-0032980,M.Johnson,WR,TEN,2021,27.07,7,0,0,0,0,0,2,-2,0,19,9,160,0,24.799999999999997,158
00-0032980,M.Johnson,WR,NYG,2022,28.07,8,0,0,0,0,0,0,0,0,22,9,99,0,18.9,99
00-0032986,J.Holtz,TE,CHI,2019,26.01,8,0,0,0,0,0,0,0,0,8,7,91,0,16.1,91
00-0032986,J.Holtz,TE,CHI,2020,27.01,9,0,0,0,0,0,0,0,0,1,0,0,0,0.0,0
00-0032986,J.Holtz,TE,CHI,2021,28.01,5,0,0,0,0,0,0,0,0,0,0,0,0,0.0,0
00-0032986,J.Holtz,TE,NO,2022,29.01,1,0,0,0,0,0,0,0,0,0,0,0,0,0.0,0
00-0033006,J.Mickens,WR,TB,2019,25.36,1,0,0,0,0,0,0,0,0,0,0,0,0,0.0,0
00-0033006,J.Mickens,WR,TB,2020,26.36,10,0,0,0,0,0,0,0,0,10,7,58,0,12.799999999999999,58
00-0033006,J.Mickens,WR,JAX,2021,27.36,11,0,0,0,0,0,0,0,0,3,2,10,0,3.0,10
00-0033009,T.Boyd,WR,CIN,2019,24.8,16,0,0,0,0,0,4,23,0,148,90,1046,5,222.9,1069
00-0033009,T.Boyd,WR,CIN,2020,25.8,15,1,2,16,0,0,5,49,0,110,79,841,4,192.64000000000001,890
00-0033009,T.Boyd,WR,CIN,2021,26.8,16,1,1,46,0,0,2,22,0,94,67,828,5,183.84,850
00-0033009,T.Boyd,WR,CIN,2022,27.8,16,1,1,23,0,0,0,0,0,82,58,762,5,167.12,762
00-0033009,T.Boyd,WR,CIN,2023,28.8,17,0,1,0,0,1,2,11,0,98,67,667,2,144.8,678
00-0033009,T.Boyd,WR,TEN,2024,29.8,15,0,1,0,0,0,1,3,0,57,39,390,0,78.3,393
00-0033025,J.Richard,RB,LV,2019,25.88,16,0,0,0,0,0,39,145,0,43,36,323,0,82.80000000000001,468
00-0033025,J.Richard,RB,LV,2020,26.88,13,0,0,0,0,0,22,123,1,23,19,138,0,51.1,261
00-0033025,J.Richard,RB,LV,2021,27.88,9,0,0,0,0,0,9,40,0,14,12,72,0,23.2,112
00-0033040,T.Hill,WR,KC,2019,25.5,12,0,0,0,0,0,8,23,0,89,58,860,7,188.3,883
00-0033040,T.Hill,WR,KC,2020,26.5,15,0,0,0,0,0,13,123,2,135,87,1276,15,328.90000000000003,1399
00-0033040,T.Hill,WR,KC,2021,27.5,17,0,0,0,0,0,9,96,0,159,111,1239,9,296.5,1335
00-0033040,T.Hill,WR,MIA,2022,28.5,17,0,0,0,0,0,7,32,1,170,119,1710,7,341.2,1742
00-0033040,T.Hill,WR,MIA,2023,29.5,16,0,0,0,0,0,6,15,0,171,119,1799,13,376.4,1814
00-0033040,T.Hill,WR,MIA,2024,30.5,17,0,0,0,0,0,8,53,0,122,81,959,6,218.2,1012
00-0033040,T.Hill,WR,MIA,2025,31.5,4,0,0,0,0,0,0,0,0,29,21,265,1,53.5,265
00-0033045,E.Elliott,RB,DAL,2019,24.11,16,0,0,0,0,0,301,1357,12,71,54,420,2,311.70000000000005,1777
00-0033045,E.Elliott,RB,DAL,2020,25.11,15,0,0,0,0,0,244,979,6,71,52,338,2,223.70000000000002,1317
00-0033045,E.Elliott,RB,DAL,2021,26.11,17,1,1,4,0,0,237,1002,10,65,47,287,2,252.06,1289
00-0033045,E.Elliott,RB,DAL,2022,27.11,15,0,0,0,0,0,231,876,12,23,17,92,0,185.8,968
00-0033045,E.Elliott,RB,NE,2023,28.11,17,0,0,0,0,0,184,642,3,65,51,313,2,174.5,955
00-0033045,E.Elliott,RB,DAL,2024,29.11,15,0,0,0,0,0,74,226,3,15,12,69,0,57.5,295
00-0033077,D.Prescott,QB,DAL,2019,26.09,16,388,596,4902,30,11,52,277,3,0,0,0,0,337.78000000000003,277
00-0033077,D.Prescott,QB,DAL,2020,27.09,5,151,222,1856,9,4,18,93,3,1,1,11,1,135.64000000000001,104
00-0033077,D.Prescott,QB,DAL,2021,28.09,16,410,596,4449,37,10,48,146,1,0,0,0,0,320.56,146
00-0033077,D.Prescott,QB,DAL,2022,29.09,12,261,394,2860,23,15,45,182,1,0,0,0,0,198.60000000000002,182
00-0033077,D.Prescott,QB,DAL,2023,30.09,17,410,590,4516,36,9,55,242,2,0,0,0,0,342.84000000000003,242
00-0033077,D.Prescott,QB,DAL,2024,31.09,8,185,286,1978,11,8,13,54,1,0,0,0,0,116.52,54
00-0033077,D.Prescott,QB,DAL,2025,32.09,17,404,600,4552,30,10,53,177,2,0,0,0,0,313.78,177
00-0033080,S.DeValve,TE,JAX,2019,26.59,7,0,0,0,0,0,0,0,0,18,12,140,0,26.0,140
00-0033080,S.DeValve,TE,ARI,2020,27.59,2,0,0,0,0,0,0,0,0,1,0,0,0,0.0,0
00-0033090,H.Henry,TE,LAC,2019,24.74,12,0,0,0,0,0,0,0,0,76,55,652,5,150.2,652
00-0033090,H.Henry,TE,LAC,2020,25.74,14,0,0,0,0,0,0,0,0,93,60,613,4,145.3,613
00-0033090,H.Henry,TE,NE,2021,26.74,16,0,0,0,0,0,0,0,0,75,50,603,9,164.3,603
00-0033090,H.Henry,TE,NE,2022,27.74,16,0,0,0,0,0,0,0,0,59,41,509,2,103.9,509
00-0033090,H.Henry,TE,NE,2023,28.74,13,0,0,0,0,0,0,0,0,61,42,419,6,119.9,419
00-0033090,H.Henry,TE,NE,2024,29.74,16,0,0,0,0,0,0,0,0,97,66,674,2,145.4,674
00-0033090,H.Henry,TE,NE,2025,30.74,17,0,0,0,0,0,0,0,0,87,60,768,7,178.8,768
00-0033094,M.Hall,WR,DET,2019,26.39,7,0,0,0,0,0,1,7,0,11,7,261,1,39.800000000000004,268
00-0033094,M.Hall,WR,DET,2020,27.39,11,0,0,0,0,0,1,1,0,32,18,302,2,60.300000000000004,303
00-0033094,M.Hall,WR,ATL,2021,28.39,1,0,0,0,0,0,0,0,0,1,1,10,0,2.0,10
00-0033095,G.Griffin,TE,NO,2021,27.49,5,0,0,0,0,0,0,0,0,4,4,39,0,7.9,39
00-0033106,J.Goff,QB,LA,2019,24.88,16,394,626,4638,22,16,33,40,2,0,0,0,0,247.52,40
00-0033106,J.Goff,QB,LA,2020,25.88,15,370,552,3952,20,13,51,99,4,0,0,0,0,239.98000000000002,99
00-0033106,J.Goff,QB,DET,2021,26.88,14,332,494,3245,19,8,17,87,0,0,0,0,0,194.5,87
00-0033106,J.Goff,QB,DET,2022,27.88,17,382,587,4438,29,7,29,73,0,1,1,5,0,284.32,78
00-0033106,J.Goff,QB,DET,2023,28.88,17,407,605,4575,30,12,32,21,2,0,0,0,0,289.1,21
00-0033106,J.Goff,QB,DET,2024,29.88,17,390,539,4629,37,12,35,56,0,1,1,7,1,324.46000000000004,63
00-0033106,J.Goff,QB,DET,2025,30.88,17,393,578,4564,34,8,19,45,0,0,0,0,0,297.06,45
00-0033110,T.Higbee,TE,LA,2019,26.67,14,0,0,0,0,0,0,0,0,89,69,734,3,160.4,734
00-0033110,T.Higbee,TE,LA,2020,27.67,15,0,0,0,0,0,1,1,0,60,44,521,5,128.2,522
00-0033110,T.Higbee,TE,LA,2021,28.67,15,0,0,0,0,0,0,0,0,85,61,560,5,147.0,560
00-0033110,T.Higbee,TE,LA,2022,29.67,16,0,0,0,0,0,0,0,0,108,72,620,3,152.0,620
00-0033110,T.Higbee,TE,LA,2023,30.67,15,0,0,0,0,0,0,0,0,70,47,495,2,108.5,495
00-0033110,T.Higbee,TE,LA,2024,31.67,3,0,0,0,0,0,0,0,0,12,8,66,2,26.6,66
00-0033110,T.Higbee,TE,LA,2025,32.67,10,0,0,0,0,0,0,0,0,36,25,281,3,71.1,281
00-0033111,P.Cooper,WR,ARI,2019,24.49,12,0,0,0,0,0,1,2,0,33,25,243,1,55.5,245
00-0033111,P.Cooper,WR,CAR,2020,25.49,15,0,0,0,0,0,0,0,0,8,5,73,0,12.299999999999999,73
00-0033111,P.Cooper,WR,NYG,2021,26.49,8,0,0,0,0,0,1,3,0,11,4,33,0,7.6,36
00-0033111,P.Cooper,WR,ARI,2022,27.49,5,0,0,0,0,0,4,15,0,2,2,6,0,4.1,21
00-0033112,T.Hemingway,TE,WAS,2020,27.09,3,0,0,0,0,0,0,0,0,2,1,10,0,2.0,10
00-0033114,M.Thomas,WR,LA,2019,25.04,7,0,0,0,0,0,0,0,0,5,2,14,0,3.4,14
00-0033114,M.Thomas,WR,CIN,2020,26.04,12,0,0,0,0,0,1,1,0,21,13,132,1,30.299999999999997,133
00-0033114,M.Thomas,WR,CIN,2021,27.04,7,0,0,0,0,0,0,0,0,11,5,52,0,10.200000000000001,52
00-0033114,Mi.Thomas,WR,CIN,2022,28.04,5,0,0,0,0,0,0,0,0,10,2,38,0,7.800000000000001,38
00-0033117,B.Kaufusi,TE,NYJ,2019,28.15,1,0,0,0,0,0,0,0,0,0,0,0,0,0.0,0
00-0033118,K.Drake,RB,ARI,2019,25.6,14,0,0,0,0,0,170,817,8,68,50,345,0,214.20000000000002,1162
00-0033118,K.Drake,RB,ARI,2020,26.6,15,0,0,0,0,0,239,955,10,31,25,137,0,192.2,1092
00-0033118,K.Drake,RB,LV,2021,27.6,12,0,0,0,0,0,63,254,2,40,30,291,1,102.5,545
00-0033118,K.Drake,RB,BAL,2022,28.6,12,0,0,0,0,0,109,482,4,26,17,89,1,104.10000000000001,571
00-0033118,K.Drake,RB,BAL,2023,29.6,2,0,0,0,0,0,2,0,0,3,2,31,0,3.1,31
00-0033119,J.Brissett,QB,IND,2019,26.72,15,272,447,2942,18,6,56,228,4,1,1,2,0,217.68,230
00-0033119,J.Brissett,QB,IND,2020,27.72,11,2,8,17,0,0,17,19,3,0,0,0,0,20.580000000000002,19
00-0033119,J.Brissett,QB,MIA,2021,28.72,10,141,225,1283,5,4,19,70,1,0,0,0,0,72.32000000000001,70
00-0033119,J.Brissett,QB,CLE,2022,29.72,14,236,369,2608,12,6,49,243,2,0,0,0,0,168.62,243
00-0033119,J.Brissett,QB,WAS,2023,30.72,2,18,23,224,3,0,3,19,0,0,0,0,0,22.86,19
00-0033119,J.Brissett,QB,NE,2024,31.72,7,95,161,826,2,1,15,62,0,0,0,0,0,45.24,62
00-0033119,J.Brissett,QB,ARI,2025,32.72,14,315,485,3366,23,8,38,168,1,0,0,0,0,227.44,168
00-0033127,W.Fuller,WR,HOU,2019,25.38,11,0,0,0,0,0,0,0,0,71,49,670,3,134.0,670
00-0033127,W.Fuller,WR,HOU,2020,26.38,11,0,0,0,0,0,1,0,0,75,53,879,8,188.9,879
00-0033127,W.Fuller,WR,MIA,2021,27.38,2,0,0,0,0,0,0,0,0,8,4,26,0,8.6,26
00-0033164,T.Pope,RB,LAC,2019,25.76,11,0,0,0,0,0,10,20,0,3,2,14,1,11.4,34
00-0033164,T.Pope,RB,LAC,2020,26.76,4,0,0,0,0,0,15,76,0,10,8,42,0,19.8,118
00-0033215,C.Grayson,WR,TB,2019,25.74,1,0,0,0,0,0,0,0,0,1,1,3,0,1.3,3
00-0033215,C.Grayson,WR,TB,2020,26.74,2,0,0,0,0,0,0,0,0,3,0,0,0,0.0,0
00-0033215,C.Grayson,WR,TB,2021,27.74,3,0,0,0,0,0,1,14,0,12,10,212,2,44.6,226
00-0033217,M.Alie-Cox,TE,IND,2019,25.95,10,0,0,0,0,0,0,0,0,11,8,93,0,17.3,93
00-0033217,M.Alie-Cox,TE,IND,2020,26.95,14,0,0,0,0,0,0,0,0,39,31,394,2,80.4,394
00-0033217,M.Alie-Cox,TE,IND,2021,27.95,17,0,0,0,0,0,0,0,0,45,24,316,4,79.6,316
00-0033217,M.Alie-Cox,TE,IND,2022,28.95,14,0,0,0,0,0,0,0,0,28,19,189,3,53.9,189
00-0033217,M.Alie-Cox,TE,IND,2023,29.95,14,0,0,0,0,0,0,0,0,22,13,161,3,49.1,161
00-0033217,M.Alie-Cox,TE,IND,2024,30.95,12,0,0,0,0,0,0,0,0,22,12,147,1,32.7,147
00-0033217,M.Alie-Cox,TE,IND,2025,31.95,11,0,0,0,0,0,0,0,0,20,13,117,1,30.7,117
00-0033246,J.Mundt,TE,LA,2019,24.77,6,0,0,0,0,0,0,0,0,7,4,26,0,6.6,26
00-0033246,J.Mundt,TE,LA,2020,25.77,5,0,0,0,0,0,0,0,0,4,4,53,0,9.3,53
00-0033246,J.Mundt,TE,LA,2021,26.77,3,0,0,0,0,0,0,0,0,1,1,9,0,1.9,9
00-0033246,J.Mundt,TE,MIN,2022,27.77,13,0,0,0,0,0,0,0,0,21,19,140,1,39.0,140
00-0033246,J.Mundt,TE,MIN,2023,28.77,10,0,0,0,0,0,0,0,0,23,17,172,1,40.2,172
00-0033246,J.Mundt,TE,MIN,2024,29.77,14,0,0,0,0,0,0,0,0,27,19,142,2,45.2,142
00-0033246,J.Mundt,TE,JAX,2025,30.77,12,0,0,0,0,0,0,0,0,19,9,111,0,20.1,111
00-0033251,Z.Pascal,WR,IND,2019,24.7,16,0,1,0,0,0,2,16,0,72,41,607,5,135.3,623
00-0033251,Z.Pascal,WR,IND,2020,25.7,16,0,1,0,0,0,0,0,0,71,44,629,5,136.9,629
00-0033251,Z.Pascal,WR,IND,2021,26.7,16,0,0,0,0,0,2,21,0,69,38,384,3,94.5,405
00-0033251,Z.Pascal,WR,PHI,2022,27.7,15,0,0,0,0,0,1,0,0,19,15,150,1,36.0,150
00-0033251,Z.Pascal,WR,ARI,2023,28.7,10,0,0,0,0,0,0,0,0,15,4,19,0,5.9,19
00-0033251,Z.Pascal,WR,ARI,2024,29.7,3,0,0,0,0,0,0,0,0,0,0,0,0,0.0,0
00-0033258,D.Daniels,TE,ARI,2019,24.78,7,0,0,0,0,0,0,0,0,3,1,4,0,1.4,4
00-0033258,D.Daniels,TE,ARI,2020,25.78,9,0,0,0,0,0,0,0,0,11,8,92,1,23.2,92
00-0033258,D.Daniels,TE,ARI,2021,26.78,10,0,0,0,0,0,0,0,0,4,1,0,0,1.0,0
00-0033258,D.Daniels,TE,DET,2023,28.78,1,0,0,0,0,0,0,0,0,0,0,0,0,0.0,0
00-0033266,J.Natson,WR,LA,2019,25.58,12,0,0,0,0,0,0,0,0,0,0,0,0,0.0,0
00-0033266,J.Natson,WR,CLE,2020,26.58,3,0,0,0,0,0,1,3,0,0,0,0,0,0.30000000000000004,3
00-0033266,J.Natson,WR,CLE,2021,27.58,3,0,0,0,0,0,0,0,0,0,0,0,0,0.0,0
00-0033275,P.Walker,QB,CAR,2020,25.52,4,32,56,368,1,5,5,-2,0,1,0,0,0,8.520000000000001,-2
00-0033275,P.Walker,QB,CAR,2021,26.52,5,36,66,362,1,3,7,13,0,0,0,0,0,13.78,13
00-0033275,P.Walker,QB,CAR,2022,27.52,6,63,106,731,3,3,6,39,0,0,0,0,0,39.14,39
00-0033275,P.Walker,QB,CLE,2023,28.52,5,54,111,674,1,5,13,30,0,0,0,0,0,19.96,30
00-0033280,C.McCaffrey,RB,CAR,2019,23.24,16,0,2,0,0,0,287,1387,15,142,116,1005,4,471.20000000000005,2392
00-0033280,C.McCaffrey,RB,CAR,2020,24.24,3,0,0,0,0,0,59,225,5,19,17,149,1,90.4,374
00-0033280,C.McCaffrey,RB,CAR,2021,25.24,7,0,0,0,0,0,99,442,1,41,37,343,1,127.5,785
00-0033280,C.McCaffrey,RB,SF,2022,26.24,17,1,1,34,1,0,244,1139,8,108,85,741,5,356.36,1880
00-0033280,C.McCaffrey,RB,SF,2023,27.24,16,0,0,0,0,0,272,1459,14,83,67,564,7,391.3,2023
00-0033280,C.McCaffrey,RB,SF,2024,28.24,4,0,0,0,0,0,50,202,0,19,15,146,0,47.800000000000004,348
00-0033280,C.McCaffrey,RB,SF,2025,29.24,17,0,1,0,0,0,311,1202,10,129,102,924,7,416.6,2126
00-0033282,C.Samuel,WR,CAR,2019,23.06,16,0,0,0,0,0,19,130,1,105,54,627,6,171.7,757
00-0033282,C.Samuel,WR,CAR,2020,24.06,15,0,0,0,0,0,41,200,2,97,77,851,3,212.1,1051
00-0033282,C.Samuel,WR,WAS,2021,25.06,5,0,0,0,0,0,4,11,0,9,6,27,0,9.8,38
00-0033282,C.Samuel,WR,WAS,2022,26.06,17,0,0,0,0,0,38,187,1,92,64,656,4,176.3,843
00-0033282,C.Samuel,WR,WAS,2023,27.06,16,0,0,0,0,0,7,39,1,91,62,613,4,157.2,652
00-0033282,C.Samuel,WR,BUF,2024,28.06,14,0,0,0,0,0,5,14,0,46,31,253,1,63.7,267
00-0033282,C.Samuel,WR,BUF,2025,29.06,6,0,0,0,0,0,0,0,0,9,7,81,1,21.1,81
00-0033288,G.Kittle,TE,SF,2019,25.9,14,0,0,0,0,0,5,22,0,107,85,1053,5,222.5,1075
00-0033288,G.Kittle,TE,SF,2020,26.9,8,0,0,0,0,0,2,17,0,63,48,634,2,125.1,651
00-0033288,G.Kittle,TE,SF,2021,27.9,14,0,0,0,0,0,3,20,0,94,71,910,6,198.0,930
00-0033288,G.Kittle,TE,SF,2022,28.9,15,0,0,0,0,0,0,0,0,86,60,765,11,200.5,765
00-0033288,G.Kittle,TE,SF,2023,29.9,16,0,0,0,0,0,1,2,0,90,65,1020,6,203.20000000000002,1022
00-0033288,G.Kittle,TE,SF,2024,30.9,15,0,0,0,0,0,0,0,0,94,78,1106,8,236.60000000000002,1106
00-0033288,G.Kittle,TE,SF,2025,31.9,11,0,0,0,0,0,1,-3,0,69,57,628,7,161.5,625
00-0033292,T.Taylor,WR,SF,2020,26.34,12,0,0,0,0,0,0,0,0,21,10,86,0,18.6,86
00-0033292,T.Taylor,WR,CIN,2021,27.34,4,0,0,0,0,0,0,0,0,3,2,41,0,6.1000000000000005,41
00-0033292,T.Taylor,WR,CIN,2022,28.34,16,0,0,0,0,0,4,15,0,10,6,62,0,13.700000000000001,77
00-0033292,T.Taylor,WR,CHI,2023,29.34,15,0,0,0,0,0,1,-2,0,2,0,0,0,-0.2,-2
00-0033292,T.Taylor,WR,SF,2024,30.34,2,0,0,0,0,0,0,0,0,1,1,11,0,2.1,11
00-0033293,A.Jones,RB,GB,2019,24.75,16,0,0,0,0,0,236,1084,16,68,49,474,3,314.8,1558
00-0033293,A.Jones,RB,GB,2020,25.75,14,0,0,0,0,0,201,1104,9,63,47,355,2,258.90000000000003,1459
00-0033293,A.Jones,RB,GB,2021,26.75,15,0,0,0,0,0,171,799,4,65,52,391,6,229.0,1190
00-0033293,A.Jones,RB,GB,2022,27.75,17,0,0,0,0,0,213,1121,2,72,59,395,5,248.60000000000002,1516
00-0033293,A.Jones,RB,GB,2023,28.75,11,0,0,0,0,0,142,656,2,43,30,233,1,134.9,889
00-0033293,A.Jones,RB,MIN,2024,29.75,17,0,0,0,0,0,255,1138,5,62,51,408,2,241.6,1546
00-0033293,A.Jones,RB,MIN,2025,30.75,12,0,0,0,0,0,132,548,2,41,28,199,1,118.7,747
00-0033296,A.Armah,RB,CAR,2019,25.29,8,0,0,0,0,0,6,11,1,2,2,6,0,9.7,17
00-0033296,A.Armah,RB,CAR,2020,26.29,12,0,0,0,0,0,6,9,0,9,5,18,0,7.7,27
00-0033296,A.Armah,RB,NO,2021,27.29,9,0,0,0,0,0,5,21,0,1,1,1,1,9.2,22
00-0033296,A.Armah,RB,WAS,2023,29.29,4,0,0,0,0,0,0,0,0,3,3,13,0,4.3,13
00-0033307,K.Bourne,WR,SF,2019,24.08,16,0,0,0,0,0,0,0,0,44,30,358,5,97.8,358
00-0033307,K.Bourne,WR,SF,2020,25.08,15,0,0,0,0,0,0,0,0,74,49,667,2,129.70000000000002,667
00-0033307,K.Bourne,WR,NE,2021,26.08,17,1,1,25,1,0,12,125,0,70,55,800,5,180.5,925
00-0033307,K.Bourne,WR,NE,2022,27.08,16,0,0,0,0,0,6,39,0,48,35,434,1,88.3,473
00-0033307,K.Bourne,WR,NE,2023,28.08,8,0,0,0,0,0,1,4,0,55,37,406,4,100.0,410
00-0033307,K.Bourne,WR,NE,2024,29.08,12,0,1,0,0,0,1,6,0,38,28,305,1,65.1,311
00-0033307,K.Bourne,WR,SF,2025,30.08,14,0,0,0,0,0,0,0,0,53,37,551,0,92.10000000000001,551
00-0033308,M.Breida,RB,SF,2019,24.51,12,0,0,0,0,0,123,623,1,22,19,120,1,103.3,743
00-0033308,M.Breida,RB,MIA,2020,25.51,10,0,0,0,0,0,59,254,0,10,9,96,0,42.0,350
00-0033308,M.Breida,RB,BUF,2021,26.51,7,0,0,0,0,0,26,125,1,9,7,72,2,42.699999999999996,197
00-0033308,M.Breida,RB,NYG,2022,27.51,17,0,0,0,0,0,54,220,1,25,20,118,0,59.8,338
00-0033308,M.Breida,RB,NYG,2023,28.51,15,0,0,0,0,0,55,151,1,21,17,88,0,46.9,239
00-0033319,N.Mullens,QB,SF,2019,24.45,1,0,0,0,0,0,3,-3,0,0,0,0,0,-0.30000000000000004,-3
00-0033319,N.Mullens,QB,SF,2020,25.45,10,211,326,2437,12,12,9,8,0,0,0,0,0,116.28,8
00-0033319,N.Mullens,QB,CLE,2021,26.45,1,20,30,147,1,0,0,0,0,0,0,0,0,9.879999999999999,0
00-0033319,N.Mullens,QB,MIN,2022,27.45,4,21,25,224,1,1,4,8,0,0,0,0,0,11.76,8
00-0033319,N.Mullens,QB,MIN,2023,28.45,5,100,148,1306,7,8,10,25,0,0,0,0,0,66.74000000000001,25
00-0033319,N.Mullens,QB,MIN,2024,29.45,4,2,2,38,0,0,3,-2,0,0,0,0,0,1.32,-2
00-0033319,N.Mullens,QB,JAX,2025,30.45,4,3,3,19,0,0,12,-8,0,0,0,0,0,-0.040000000000000036,-8
00-0033338,C.Carter,TE,CIN,2019,23.99,7,0,0,0,0,0,0,0,0,3,2,13,1,9.3,13
00-0033338,C.Carter,TE,CIN,2020,24.99,13,0,0,0,0,0,0,0,0,7,5,53,0,10.3,53
00-0033338,C.Carter,TE,MIA,2021,25.99,8,0,0,0,0,0,0,0,0,2,2,16,0,3.6,16
00-0033357,T.Hill,TE,NO,2019,29.02,16,3,6,55,0,0,27,156,1,22,19,234,6,102.2,390
00-0033357,T.Hill,TE,NO,2020,30.02,16,88,121,928,4,2,87,457,8,12,8,98,1,156.62,555
00-0033357,T.Hill,TE,NO,2021,31.02,12,78,134,978,4,5,70,374,5,6,4,52,0,121.72,426
00-0033357,T.Hill,TE,NO,2022,32.02,16,13,19,240,2,0,96,575,7,13,9,77,2,145.8,652
00-0033357,T.Hill,TE,NO,2023,33.02,16,6,11,83,1,0,81,401,4,40,33,291,2,143.52,692
00-0033357,T.Hill,TE,NO,2024,34.02,8,2,4,21,0,1,39,278,6,31,23,187,0,102.34,465
00-0033357,T.Hill,TE,NO,2025,35.02,13,2,6,57,1,0,52,114,1,16,11,91,0,41.78,205
00-0033367,C.Board,WR,JAX,2019,25.72,2,0,0,0,0,0,0,0,0,4,2,31,0,5.1000000000000005,31
00-0033367,C.Board,WR,NYG,2020,26.72,11,0,0,0,0,0,1,3,0,16,11,101,0,21.4,104
00-0033367,C.Board,WR,NYG,2021,27.72,6,0,0,0,0,0,1,6,0,6,4,51,0,9.700000000000001,57
00-0033367,C.Board,WR,TEN,2022,28.72,4,0,0,0,0,0,0,0,0,1,1,6,0,1.6,6
00-0033374,R.Ortiz,RB,NO,2019,25.38,1,0,0,0,0,0,0,0,0,1,1,8,0,1.8,8
00-0033375,T.Patrick,WR,DEN,2019,25.77,8,0,0,0,0,0,0,0,0,31,16,218,0,37.8,218
00-0033375,T.Patrick,WR,DEN,2020,26.77,15,0,0,0,0,0,0,0,0,79,51,742,6,161.20000000000002,742
00-0033375,T.Patrick,WR,DEN,2021,27.77,16,0,0,0,0,0,0,0,0,85,53,734,5,156.4,734
00-0033375,T.Patrick,WR,DET,2024,30.77,15,0,0,0,0,0,0,0,0,44,33,394,3,92.4,394
00-0033375,T.Patrick,WR,JAX,2025,31.77,13,0,0,0,0,0,0,0,0,24,15,187,3,51.7,187
00-0033382,A.Carr,WR,NO,2019,25.69,2,0,0,0,0,0,0,0,0,4,1,9,0,1.9,9
00-0033382,A.Carr,WR,NO,2020,26.69,5,0,0,0,0,0,0,0,0,4,3,27,1,11.7,27
00-0033386,C.Hollister,WR,TEN,2019,25.79,3,0,0,0,0,0,0,0,0,2,2,13,0,3.3,13
00-0033386,C.Hollister,WR,TEN,2020,26.79,1,0,0,0,0,0,0,0,0,1,1,12,0,2.2,12
00-0033386,C.Hollister,WR,TEN,2021,27.79,3,0,0,0,0,0,0,0,0,7,4,33,0,7.300000000000001,33
00-0033386,C.Hollister,WR,TEN,2022,28.79,6,0,0,0,0,0,0,0,0,5,3,54,0,8.4,54
00-0033387,J.Hollister,TE,SEA,2019,25.79,10,0,0,0,0,0,0,0,0,59,41,349,3,93.9,349
00-0033387,J.Hollister,TE,SEA,2020,26.79,13,0,0,0,0,0,0,0,0,40,25,209,3,65.9,209
00-0033387,J.Hollister,TE,JAX,2021,27.79,7,0,0,0,0,0,0,0,0,14,9,55,1,20.5,55
00-0033421,A.Auclair,TE,TB,2019,26.26,5,0,0,0,0,0,0,0,0,3,1,11,0,2.1,11
00-0033421,A.Auclair,TE,TB,2020,27.26,1,0,0,0,0,0,0,0,0,1,0,0,0,0.0,0
00-0033421,A.Auclair,TE,HOU,2021,28.26,4,0,0,0,0,0,0,0,0,5,5,47,1,15.700000000000001,47
00-0033434,B.Wilson,WR,TB,2019,24.6,6,0,0,0,0,0,0,0,0,11,3,35,0,6.5,35
00-0033439,P.Brown,TE,CLE,2019,25.33,7,0,0,0,0,0,0,0,0,3,2,27,0,4.699999999999999,27
00-0033439,P.Brown,TE,HOU,2020,26.33,10,0,0,0,0,0,0,0,0,16,14,163,2,42.300000000000004,163
00-0033439,P.Brown,TE,HOU,2021,27.33,13,0,0,0,0,0,0,0,0,34,23,171,0,38.1,171
00-0033439,P.Brown,TE,CLE,2022,28.33,8,0,0,0,0,0,0,0,0,20,12,117,0,23.7,117
00-0033439,P.Brown,TE,NE,2023,29.33,11,0,0,0,0,0,0,0,0,15,13,208,1,37.800000000000004,208
00-0033439,P.Brown,TE,SEA,2024,30.33,10,0,0,0,0,0,0,0,0,12,8,65,0,12.5,65
00-0033439,P.Brown,TE,ARI,2025,31.33,5,0,0,0,0,0,0,0,0,2,2,1,0,2.1,1
00-0033455,A.Firkser,TE,TEN,2019,24.54,10,0,0,0,0,0,0,0,0,24,14,204,1,40.4,204
00-0033455,A.Firkser,TE,TEN,2020,25.54,15,0,0,0,0,0,0,0,0,53,39,387,1,83.7,387
00-0033455,A.Firkser,TE,TEN,2021,26.54,15,0,0,0,0,0,0,0,0,43,34,291,2,73.10000000000001,291
00-0033455,A.Firkser,TE,ATL,2022,27.54,8,0,0,0,0,0,0,0,0,13,9,100,0,19.0,100
00-0033455,A.Firkser,TE,KC,2024,29.54,1,0,0,0,0,0,0,0,0,0,0,0,0,0.0,0
00-0033455,A.Firkser,TE,DET,2025,30.54,5,0,0,0,0,0,0,0,0,10,8,53,0,13.3,53
00-0033460,J.Ross,WR,CIN,2019,23.76,8,0,0,0,0,0,0,0,0,3,2,28,0,4.800000000000001,28
00-0033460,J.Ross,WR,NYG,2021,25.76,9,0,0,0,0,0,1,16,0,20,11,224,1,41.0,240
00-0033460,J.Ross,WR,PHI,2024,28.76,1,0,0,0,0,0,0,0,0,2,1,6,0,1.6,6
00-0033460,J.Ross III,WR,CIN,2019,23.76,8,0,0,0,0,0,3,4,0,53,26,478,3,90.2,482
00-0033460,J.Ross III,WR,CIN,2020,24.76,2,0,0,0,0,0,0,0,0,7,2,17,0,3.7,17
00-0033466,I.McKenzie,WR,BUF,2019,24.4,12,0,0,0,0,0,8,49,0,39,27,254,1,63.3,303
00-0033466,I.McKenzie,WR,BUF,2020,25.4,15,1,1,12,1,0,10,9,0,34,30,282,5,99.58,291
00-0033466,I.McKenzie,WR,BUF,2021,26.4,15,0,0,0,0,0,9,47,1,26,20,178,1,54.5,225
00-0033466,I.McKenzie,WR,BUF,2022,27.4,15,0,0,0,0,0,9,55,1,65,42,423,4,119.80000000000001,478
00-0033466,I.McKenzie,WR,IND,2023,28.4,13,0,0,0,0,0,3,14,0,14,11,82,0,20.6,96
00-0033471,I.Ford,WR,MIA,2019,23.56,8,0,0,0,0,0,1,11,0,35,23,244,0,48.5,255
00-0033471,I.Ford,WR,MIA,2020,24.56,9,0,0,0,0,0,0,0,0,44,28,276,0,55.6,276
00-0033471,I.Ford,WR,MIA,2021,25.56,10,0,0,0,0,0,0,0,0,17,12,161,2,40.1,161
00-0033474,G.Dieter,WR,KC,2019,26.52,2,0,0,0,0,0,0,0,0,0,0,0,0,0.0,0
00-0033474,G.Dieter,WR,KC,2020,27.52,1,0,0,0,0,0,0,0,0,2,1,10,0,2.0,10
00-0033481,M.Kemp,WR,KC,2020,25.05,4,0,0,0,0,0,0,0,0,1,1,11,0,2.1,11
00-0033481,M.Kemp,WR,KC,2021,26.05,12,0,0,0,0,0,0,0,0,5,2,24,0,4.4,24
00-0033481,M.Kemp,WR,KC,2022,27.05,2,0,0,0,0,0,0,0,0,0,0,0,0,0.0,0
00-0033526,S.Perine,RB,CIN,2019,23.96,4,0,0,0,0,0,5,16,0,0,0,0,0,1.6,16
00-0033526,S.Perine,RB,CIN,2020,24.96,12,0,0,0,0,0,63,301,3,12,11,66,0,65.7,367
00-0033526,S.Perine,RB,CIN,2021,25.96,15,0,0,0,0,0,55,246,1,31,27,196,1,83.2,442
00-0033526,S.Perine,RB,CIN,2022,26.96,16,0,0,0,0,0,95,394,2,51,38,287,4,142.1,681
00-0033526,S.Perine,RB,DEN,2023,27.96,17,0,0,0,0,0,53,238,1,56,50,455,0,121.30000000000001,693
00-0033526,S.Perine,RB,KC,2024,28.96,17,0,0,0,0,0,20,92,1,35,28,322,1,81.4,414
00-0033526,S.Perine,RB,CIN,2025,29.96,15,0,0,0,0,0,84,382,3,21,17,87,0,77.9,469
00-0033528,J.Sprinkle,TE,WAS,2019,25.06,16,0,0,0,0,0,0,0,0,40,26,241,1,56.1,241
00-0033528,J.Sprinkle,TE,WAS,2020,26.06,7,0,0,0,0,0,0,0,0,3,1,6,0,1.6,6
00-0033528,J.Sprinkle,TE,DAL,2021,27.06,6,0,0,0,0,0,0,0,0,3,3,31,0,6.1,31
00-0033530,R.Davis,WR,PHI,2019,24.42,3,0,0,0,0,0,0,0,0,5,2,17,0,3.7,17
00-0033536,M.Williams,WR,LAC,2019,24.91,15,0,0,0,0,0,1,2,0,90,49,1001,2,161.3,1003
00-0033536,M.Williams,WR,LAC,2020,25.91,14,0,0,0,0,0,1,1,0,85,48,756,5,153.7,757
00-0033536,M.Williams,WR,LAC,2021,26.91,16,0,0,0,0,0,0,0,0,129,76,1146,9,246.60000000000002,1146
00-0033536,M.Williams,WR,LAC,2022,27.91,13,0,0,0,0,0,0,0,0,93,63,895,4,176.5,895
00-0033536,M.Williams,WR,LAC,2023,28.91,3,0,0,0,0,0,1,3,0,26,19,249,1,50.2,252
00-0033536,M.Williams,WR,NYJ,2024,29.91,14,0,0,0,0,0,0,0,0,34,21,298,1,56.8,298
00-0033537,D.Watson,QB,HOU,2019,23.97,15,333,495,3852,26,12,82,413,7,1,1,6,1,320.98,419
00-0033537,D.Watson,QB,HOU,2020,24.97,16,382,544,4823,33,7,90,444,3,0,0,0,0,369.32,444
00-0033537,D.Watson,QB,CLE,2022,26.97,6,99,170,1102,7,5,36,175,1,0,0,0,0,85.58,175
00-0033537,D.Watson,QB,CLE,2023,27.97,6,105,171,1115,7,4,26,142,1,0,0,0,0,86.8,142
00-0033537,D.Watson,QB,CLE,2024,28.97,7,137,216,1148,5,3,31,148,1,0,0,0,0,76.72,148
00-0033550,D.Webb,QB,BUF,2021,26.61,1,0,0,0,0,0,2,-3,0,0,0,0,0,-0.30000000000000004,-3
00-0033550,D.Webb,QB,NYG,2022,27.61,1,23,40,168,1,0,6,41,1,0,0,0,0,20.82,41
00-0033553,J.Conner,RB,PIT,2019,24.32,10,0,0,0,0,0,116,464,4,38,34,251,3,145.5,715
00-0033553,J.Conner,RB,PIT,2020,25.32,13,0,0,0,0,0,169,721,6,43,35,215,0,164.6,936
00-0033553,J.Conner,RB,ARI,2021,26.32,15,0,0,0,0,0,202,752,15,39,37,375,3,257.7,1127
00-0033553,J.Conner,RB,ARI,2022,27.32,13,0,0,0,0,0,183,782,7,58,46,300,1,200.2,1082
00-0033553,J.Conner,RB,ARI,2023,28.32,13,0,0,0,0,0,208,1040,7,33,27,165,2,201.5,1205
00-0033553,J.Conner,RB,ARI,2024,29.32,16,0,0,0,0,0,236,1094,8,55,47,414,1,253.8,1508
00-0033553,J.Conner,RB,ARI,2025,30.32,3,0,0,0,0,0,32,95,1,9,8,38,1,33.3,133
00-0033555,M.Hollins,WR,PHI,2019,25.96,12,0,0,0,0,0,0,0,0,23,10,125,0,22.5,125
00-0033555,M.Hollins,WR,MIA,2020,26.96,11,0,0,0,0,0,0,0,0,25,16,176,1,37.6,176
00-0033555,M.Hollins,WR,MIA,2021,27.96,15,0,0,0,0,0,0,0,0,28,14,223,4,60.3,223
00-0033555,M.Hollins,WR,LV,2022,28.96,17,1,1,4,0,0,4,40,0,94,57,690,4,154.16,730
00-0033555,M.Hollins,WR,ATL,2023,29.96,12,0,0,0,0,0,0,0,0,30,18,251,0,43.1,251
00-0033555,M.Hollins,WR,BUF,2024,30.96,17,0,0,0,0,0,0,0,0,50,31,378,5,98.8,378
00-0033555,M.Hollins,WR,NE,2025,31.96,14,0,0,0,0,0,1,4,0,65,46,550,2,113.4,554
00-0033556,T.Cohen,RB,CHI,2019,24.1,16,0,0,0,0,0,64,213,0,104,79,456,3,163.9,669
00-0033556,T.Cohen,RB,CHI,2020,25.1,3,0,0,0,0,0,14,74,0,9,6,41,0,17.5,115
00-0033562,R.Switzer,WR,PIT,2019,24.83,9,0,0,0,0,0,0,0,0,11,8,27,0,10.700000000000001,27
00-0033564,J.Butt,TE,DEN,2020,25.14,4,0,0,0,0,0,0,0,0,4,2,5,0,2.5,5
00-0033567,B.Hill,RB,ATL,2019,23.81,10,0,0,0,0,0,78,323,2,14,10,69,1,67.2,392
00-0033567,B.Hill,RB,ATL,2020,24.81,16,0,0,0,0,0,100,465,1,30,25,199,0,95.4,664
00-0033567,B.Hill,RB,SF,2021,25.81,1,0,0,0,0,0,0,0,0,0,0,0,0,0.0,0
00-0033572,J.Agnew,WR,DET,2019,24.41,13,0,0,0,0,0,1,9,0,2,1,-2,0,13.700000000000001,7
00-0033572,J.Agnew,WR,DET,2020,25.41,14,0,1,0,0,0,6,33,0,20,13,89,0,31.200000000000003,122
00-0033572,J.Agnew,WR,JAX,2021,26.41,10,0,0,0,0,0,7,111,1,39,24,229,1,82.0,340
00-0033572,J.Agnew,WR,JAX,2022,27.41,15,0,0,0,0,0,12,86,0,30,23,187,3,70.3,273
00-0033572,J.Agnew,WR,JAX,2023,28.41,11,0,0,0,0,0,4,-2,0,21,14,225,1,40.300000000000004,223
00-0033572,J.Agnew,WR,ATL,2025,30.41,11,0,0,0,0,0,0,0,0,0,0,0,0,0.0,0
00-0033576,E.Saubert,TE,CHI,2019,25.31,2,0,0,0,0,0,0,0,0,3,2,21,0,4.1,21
00-0033576,E.Saubert,TE,JAX,2020,26.31,6,0,0,0,0,0,0,0,0,4,3,16,0,4.6,16
00-0033576,E.Saubert,TE,DEN,2021,27.31,10,0,0,0,0,0,0,0,0,12,8,47,1,18.700000000000003,47
00-0033576,E.Saubert,TE,DEN,2022,28.31,14,0,0,0,0,0,0,0,0,24,15,148,1,35.8,148
00-0033576,E.Saubert,TE,HOU,2023,29.31,3,0,0,0,0,0,0,0,0,3,3,12,0,4.2,12
00-0033576,E.Saubert,TE,SF,2024,30.31,12,0,0,0,0,0,0,0,0,14,11,97,1,26.7,97
00-0033576,E.Saubert,TE,SEA,2025,31.31,9,0,0,0,0,0,0,0,0,7,4,31,0,9.1,31
00-0033589,D.Moore,WR,SEA,2019,24.63,14,0,0,0,0,0,3,25,0,34,17,301,2,59.6,326
00-0033589,D.Moore,WR,SEA,2020,25.63,16,0,0,0,0,0,8,61,0,47,35,417,6,118.80000000000001,478
00-0033589,D.Moore,WR,DEN,2021,26.63,2,0,0,0,0,0,0,0,0,2,0,0,0,0.0,0
00-0033589,D.Moore,WR,TB,2023,28.63,6,0,0,0,0,0,0,0,0,7,5,94,1,20.400000000000002,94
00-0033589,D.Moore,WR,CAR,2024,29.63,15,0,0,0,0,0,1,0,0,57,32,351,3,85.10000000000001,351
00-0033589,D.Moore,WR,CAR,2025,30.63,3,0,0,0,0,0,1,12,0,1,1,5,0,2.7,17
00-0033591,N.Brown,WR,DAL,2020,24.65,10,0,0,0,0,0,1,4,0,24,14,154,0,29.8,158
00-0033591,N.Brown,WR,DAL,2021,25.65,9,0,0,0,0,0,0,0,0,25,16,184,0,34.4,184
00-0033591,N.Brown,WR,DAL,2022,26.65,16,0,0,0,0,0,0,0,0,74,43,555,3,114.5,555
00-0033591,N.Brown,WR,HOU,2023,27.65,10,0,0,0,0,0,1,-1,0,55,33,567,2,101.60000000000001,566
00-0033591,N.Brown,WR,WAS,2024,28.65,11,0,0,0,0,0,0,0,0,56,35,453,1,86.30000000000001,453
00-0033591,N.Brown,WR,WAS,2025,29.65,4,0,0,0,0,0,0,0,0,10,5,83,0,13.3,83
00-0033594,C.Carson,RB,SEA,2019,24.96,15,0,0,0,0,0,278,1230,7,47,37,266,2,232.6,1496
00-0033594,C.Carson,RB,SEA,2020,25.96,12,0,0,0,0,0,141,681,5,46,37,287,4,187.8,968
00-0033594,C.Carson,RB,SEA,2021,26.96,4,0,0,0,0,0,54,232,3,6,6,29,0,48.1,261
00-0033604,K.Hogan,WR,NO,2019,24.3,1,0,0,0,0,0,0,0,0,1,1,4,0,1.4,4
00-0033611,R.Seals-Jones,TE,CLE,2019,24.46,9,0,0,0,0,0,0,0,0,22,14,229,4,58.9,229
00-0033611,R.Seals-Jones,TE,KC,2020,25.46,1,0,0,0,0,0,0,0,0,1,0,0,0,0.0,0
00-0033611,R.Seals-Jones,TE,WAS,2021,26.46,11,0,0,0,0,0,0,0,0,49,30,271,2,69.10000000000001,271
00-0033627,J.Croom,TE,PHI,2020,26.51,1,0,0,0,0,0,0,0,0,1,1,3,1,7.3,3
00-0033633,T.Gentry,WR,BUF,2022,,1,0,0,0,0,0,0,0,0,1,0,0,0,0.0,0
00-0033658,B.Jarwin,TE,DAL,2019,25.13,15,0,0,0,0,0,0,0,0,41,31,365,3,85.5,365
00-0033658,B.Jarwin,TE,DAL,2020,26.13,1,0,0,0,0,0,0,0,0,1,1,12,0,2.2,12
00-0033658,B.Jarwin,TE,DAL,2021,27.13,8,0,0,0,0,0,0,0,0,17,11,96,2,32.6,96
00-0033662,C.Rush,QB,DAL,2021,27.78,4,30,47,422,3,1,9,-8,0,0,0,0,0,24.08,-8
00-0033662,C.Rush,QB,DAL,2022,28.78,8,94,162,1051,5,3,9,6,0,0,0,0,0,56.64,6
00-0033662,C.Rush,QB,DAL,2023,29.78,7,18,24,144,0,1,12,-5,0,0,0,0,0,3.2600000000000002,-5
00-0033662,C.Rush,QB,DAL,2024,30.78,12,187,308,1844,12,5,26,18,0,0,0,0,0,109.56,18
00-0033662,C.Rush,QB,BAL,2025,31.78,4,34,52,303,0,4,4,-4,0,0,0,0,0,1.7200000000000002,-4
00-0033681,K.Cole,WR,JAX,2019,26.37,12,0,0,0,0,0,1,6,0,35,24,361,3,78.7,367
00-0033681,K.Cole,WR,JAX,2020,27.37,16,0,0,0,0,0,0,0,0,18,15,148,2,41.8,148
00-0033681,K.Cole,WR,NYJ,2021,28.37,14,0,1,0,0,0,0,0,0,51,28,449,1,78.9,449
00-0033681,K.Cole,WR,LV,2022,29.37,12,0,0,0,0,0,0,0,0,21,10,141,1,30.1,141
00-0033681,K.Cole Sr.,WR,JAX,2020,27.37,16,0,0,0,0,0,1,2,0,70,40,494,3,113.6,496
00-0033696,S.Culkin,TE,LAC,2019,26.22,3,0,0,0,0,0,0,0,0,2,1,12,0,2.2,12
00-0033699,A.Ekeler,RB,LAC,2019,24.29,16,0,0,0,0,0,132,557,3,108,92,993,8,309.0,1550
00-0033699,A.Ekeler,RB,LAC,2020,25.29,10,0,0,0,0,0,116,530,1,65,54,403,2,165.3,933
00-0033699,A.Ekeler,RB,LAC,2021,26.29,16,0,0,0,0,0,206,911,12,94,70,647,8,343.8,1558
00-0033699,A.Ekeler,RB,LAC,2022,27.29,17,0,0,0,0,0,204,915,13,127,107,722,5,372.7,1637
00-0033699,A.Ekeler,RB,LAC,2023,28.29,14,0,0,0,0,0,179,628,5,74,51,436,1,185.4,1064
00-0033699,A.Ekeler,RB,WAS,2024,29.29,12,0,0,0,0,0,77,367,4,41,35,366,0,132.3,733
00-0033699,A.Ekeler,RB,WAS,2025,30.29,2,0,0,0,0,0,14,43,0,7,5,38,0,13.1,81
00-0033705,A.Patton,WR,LAC,2019,25.26,8,0,0,0,0,0,0,0,0,17,6,56,0,11.6,56
00-0033720,C.Thompson,TE,CAR,2020,26.71,2,0,0,0,0,0,0,0,0,2,1,7,1,7.7,7
00-0033720,C.Thompson,TE,CAR,2021,27.71,3,0,0,0,0,0,0,0,0,1,0,0,0,0.0,0
00-0033725,C.Clement,RB,PHI,2019,24.83,2,0,0,0,0,0,0,0,0,0,0,0,0,0.0,0
00-0033725,C.Clement,RB,PHI,2020,25.83,10,0,0,0,0,0,21,75,1,6,5,25,0,21.0,100
00-0033725,C.Clement,RB,DAL,2021,26.83,11,0,0,0,0,0,33,140,0,7,6,29,1,28.9,169
00-0033725,C.Clement,RB,ARI,2022,27.83,5,0,0,0,0,0,15,55,1,7,5,54,0,21.9,109
00-0033733,G.Ward,WR,PHI,2019,24.14,6,0,0,0,0,0,1,5,0,40,28,254,1,59.900000000000006,259
00-0033733,G.Ward,WR,PHI,2020,25.14,16,1,1,15,0,0,2,-4,0,79,53,419,6,133.1,415
00-0033733,G.Ward,WR,PHI,2021,26.14,10,1,2,2,0,0,0,0,0,11,7,95,3,34.58,95
00-0033742,T.Swoopes,TE,SEA,2019,24.8,1,0,0,0,0,0,0,0,0,1,1,5,0,1.5,5
00-0033757,R.Tonyan,TE,GB,2019,25.34,9,0,0,0,0,0,0,0,0,15,10,100,1,26.0,100
00-0033757,R.Tonyan,TE,GB,2020,26.34,15,0,0,0,0,0,0,0,0,59,52,586,11,176.6,586
00-0033757,R.Tonyan,TE,GB,2021,27.34,8,0,0,0,0,0,0,0,0,29,18,204,2,50.4,204
00-0033757,R.Tonyan,TE,GB,2022,28.34,17,0,0,0,0,0,0,0,0,67,53,470,2,112.0,470
00-0033757,R.Tonyan,TE,CHI,2023,29.34,12,0,0,0,0,0,0,0,0,17,11,112,0,22.2,112
00-0033757,R.Tonyan,TE,KC,2025,31.34,2,0,0,0,0,0,0,0,0,1,1,1,0,1.1,1
00-0033763,E.Baylis,TE,GB,2019,25.79,2,0,0,0,0,0,0,0,0,0,0,0,0,0.0,0
00-0033789,T.Logan,RB,TB,2019,25.0,9,0,0,0,0,0,3,10,0,3,2,13,0,4.3,23
00-0033798,M.Schreck,TE,CIN,2020,26.83,2,0,0,0,0,0,0,0,0,1,0,0,0,0.0,0
00-0033798,M.Schreck,TE,HOU,2022,28.83,2,0,0,0,0,0,0,0,0,2,2,6,0,2.6,6
00-0033838,T.Edmunds,RB,PIT,2019,24.67,7,0,0,0,0,0,20,85,0,6,5,41,0,17.6,126
00-0033838,T.Edmunds,RB,PIT,2020,25.67,1,0,0,0,0,0,0,0,0,0,0,0,0,0.0,0
00-0033838,Tr.Edmunds,RB,PIT,2019,24.67,7,0,0,0,0,0,2,7,0,1,1,7,0,2.4000000000000004,14
00-0033839,D.Westbrook,WR,JAX,2019,25.78,15,0,0,0,0,0,5,27,0,101,66,660,3,156.7,687
00-0033839,D.Westbrook,WR,JAX,2020,26.78,2,0,0,0,0,0,0,0,0,1,1,4,0,1.4,4
00-0033839,D.Westbrook,WR,MIN,2021,27.78,15,0,0,0,0,0,0,0,0,15,10,68,0,16.8,68
00-0033840,C.Hansen,WR,HOU,2020,25.62,5,0,0,0,0,0,0,0,0,24,17,236,1,46.6,236
00-0033854,D.Ogunbowale,RB,TB,2019,25.33,16,0,0,0,0,0,11,17,2,46,35,286,0,75.3,303
00-0033854,D.Ogunbowale,RB,JAX,2020,26.33,10,0,0,0,0,0,32,145,0,20,10,54,0,29.9,199
00-0033854,D.Ogunbowale,RB,JAX,2021,27.33,13,0,0,0,0,0,43,137,1,21,13,114,1,50.1,251
00-0033854,D.Ogunbowale,RB,HOU,2022,28.33,15,0,0,0,0,0,42,123,1,26,20,104,0,48.7,227
00-0033854,D.Ogunbowale,RB,HOU,2023,29.33,9,0,0,0,0,0,8,35,0,7,2,18,0,7.300000000000001,53
00-0033854,D.Ogunbowale,RB,HOU,2024,30.33,16,0,0,0,0,0,30,112,0,28,19,198,1,56.0,310
00-0033854,D.Ogunbowale,RB,HOU,2025,31.33,14,0,0,0,0,0,11,25,1,13,10,76,0,24.1,101
00-0033856,L.Fournette,RB,JAX,2019,24.62,15,0,0,0,0,0,265,1152,3,100,76,522,0,259.4,1674
00-0033856,L.Fournette,RB,TB,2020,25.62,12,0,0,0,0,0,97,367,6,47,36,233,0,132.0,600
00-0033856,L.Fournette,RB,TB,2021,26.62,14,0,1,0,0,0,180,812,8,84,69,454,2,255.60000000000002,1266
00-0033856,L.Fournette,RB,TB,2022,27.62,16,0,1,0,0,1,189,668,3,83,73,523,3,226.1,1191
00-0033856,L.Fournette,RB,BUF,2023,28.62,2,0,0,0,0,0,12,40,0,0,0,0,0,4.0,40
00-0033857,J.Smith-Schuster,WR,PIT,2019,22.78,12,0,0,0,0,0,0,0,0,70,42,552,3,113.2,552
00-0033857,J.Smith-Schuster,WR,PIT,2020,23.78,16,0,0,0,0,0,0,0,0,128,97,831,9,234.1,831
00-0033857,J.Smith-Schuster,WR,PIT,2021,24.78,5,0,0,0,0,0,3,9,1,28,15,129,0,34.8,138
00-0033857,J.Smith-Schuster,WR,KC,2022,25.78,16,0,0,0,0,0,0,0,0,101,78,933,3,185.3,933
00-0033857,J.Smith-Schuster,WR,NE,2023,26.78,11,0,0,0,0,0,0,0,0,47,29,260,1,61.0,260
00-0033857,J.Smith-Schuster,WR,KC,2024,27.78,11,0,0,0,0,0,0,0,0,26,18,231,2,53.1,231
00-0033857,J.Smith-Schuster,WR,KC,2025,28.78,17,0,0,0,0,0,0,0,0,45,33,345,1,73.5,345
00-0033858,J.Smith,TE,TEN,2019,24.03,15,0,0,0,0,0,4,78,0,44,35,439,3,104.7,517
00-0033858,J.Smith,TE,TEN,2020,25.03,14,0,0,0,0,0,2,4,1,65,41,448,8,140.2,452
00-0033858,J.Smith,TE,NE,2021,26.03,16,0,0,0,0,0,9,40,0,45,28,294,1,67.4,334
00-0033858,J.Smith,TE,NE,2022,27.03,12,0,0,0,0,0,1,5,0,38,27,245,0,52.0,250
00-0033858,J.Smith,TE,ATL,2023,28.03,17,0,1,0,0,0,1,0,0,70,50,582,3,124.2,582
00-0033858,J.Smith,TE,MIA,2024,29.03,17,0,0,0,0,0,2,-1,0,111,88,884,8,222.3,883
00-0033858,J.Smith,TE,PIT,2025,30.03,17,0,0,0,0,0,9,70,1,54,38,222,2,85.2,292
00-0033859,J.Malone,WR,NYJ,2020,24.45,3,0,0,0,0,0,1,12,0,6,4,16,0,6.800000000000001,28
00-0033869,M.Trubisky,QB,CHI,2019,25.03,15,326,516,3138,17,10,48,193,2,0,0,0,0,202.82,193
00-0033869,M.Trubisky,QB,CHI,2020,26.03,10,199,297,2055,16,8,33,195,1,0,0,0,0,153.70000000000002,195
00-0033869,M.Trubisky,QB,BUF,2021,27.03,5,6,8,43,0,1,13,24,1,0,0,0,0,8.120000000000001,24
00-0033869,M.Trubisky,QB,PIT,2022,28.03,7,117,180,1252,4,5,19,38,2,0,0,0,0,73.88,38
00-0033869,M.Trubisky,QB,PIT,2023,29.03,5,67,107,632,4,5,16,54,2,0,0,0,0,48.68,54
00-0033869,M.Trubisky,QB,BUF,2024,30.03,8,19,26,179,2,0,17,1,0,0,0,0,0,15.259999999999998,1
00-0033869,M.Trubisky,QB,BUF,2025,31.03,4,25,35,313,4,0,9,6,0,0,0,0,0,31.119999999999997,6
00-0033871,C.Davis,WR,TEN,2019,24.64,15,0,0,0,0,0,0,0,0,69,43,601,2,115.10000000000001,601
00-0033871,C.Davis,WR,TEN,2020,25.64,14,0,0,0,0,0,0,0,0,92,65,984,5,191.4,984
00-0033871,C.Davis,WR,NYJ,2021,26.64,9,0,0,0,0,0,0,0,0,59,34,492,4,105.2,492
00-0033871,C.Davis,WR,NYJ,2022,27.64,13,0,0,0,0,0,0,0,0,64,32,536,2,97.6,536
00-0033873,P.Mahomes,QB,KC,2019,23.96,14,319,484,4031,26,5,43,218,2,0,0,0,0,287.04,218
00-0033873,P.Mahomes,QB,KC,2020,24.96,15,390,588,4740,38,6,62,308,2,2,0,0,0,374.4,308
00-0033873,P.Mahomes,QB,KC,2021,25.96,17,436,658,4839,37,13,66,381,2,0,0,0,0,361.66,381
00-0033873,P.Mahomes,QB,KC,2022,26.96,17,435,648,5250,41,12,61,358,4,1,1,6,0,417.4,364
00-0033873,P.Mahomes,QB,KC,2023,27.96,16,401,597,4183,27,14,75,389,0,0,0,0,0,280.22,389
00-0033873,P.Mahomes,QB,KC,2024,28.96,16,392,581,3928,26,11,58,307,2,1,1,2,0,283.02,309
00-0033873,P.Mahomes,QB,KC,2025,29.96,14,315,502,3587,22,11,64,422,5,1,1,-10,0,285.68,412
00-0033879,O.Howard,TE,TB,2019,24.79,14,0,0,0,0,0,0,0,0,53,34,459,1,83.9,459
00-0033879,O.Howard,TE,TB,2020,25.79,4,0,0,0,0,0,0,0,0,19,11,146,2,37.6,146
00-0033879,O.Howard,TE,TB,2021,26.79,10,0,0,0,0,0,0,0,0,21,14,135,1,33.5,135
00-0033879,O.Howard,TE,HOU,2022,27.79,11,0,0,0,0,0,0,0,0,23,10,145,2,36.5,145
00-0033881,E.Engram,TE,NYG,2019,25.0,8,0,0,0,0,0,3,7,0,68,44,467,3,109.4,474
00-0033881,E.Engram,TE,NYG,2020,26.0,16,0,0,0,0,0,6,26,1,109,63,654,1,141.0,680
00-0033881,E.Engram,TE,NYG,2021,27.0,15,0,0,0,0,0,1,-3,0,73,46,408,3,102.5,405
00-0033881,E.Engram,TE,JAX,2022,28.0,17,0,0,0,0,0,2,13,0,98,73,766,4,176.9,779
00-0033881,E.Engram,TE,JAX,2023,29.0,17,0,0,0,0,0,0,0,0,143,114,963,4,230.3,963
00-0033881,E.Engram,TE,JAX,2024,30.0,9,0,0,0,0,0,0,0,0,64,47,365,1,89.5,365
00-0033881,E.Engram,TE,DEN,2025,31.0,16,0,0,0,0,0,1,7,0,76,50,461,1,102.8,468
00-0033885,D.Njoku,TE,CLE,2019,23.14,3,0,0,0,0,0,0,0,0,10,5,41,1,15.1,41
00-0033885,D.Njoku,TE,CLE,2020,24.14,11,0,0,0,0,0,0,0,0,29,19,213,2,52.3,213
00-0033885,D.Njoku,TE,CLE,2021,25.14,15,0,0,0,0,0,1,1,0,53,36,475,4,107.60000000000001,476
00-0033885,D.Njoku,TE,CLE,2022,26.14,14,0,0,0,0,0,2,-8,0,80,58,628,4,142.0,620
00-0033885,D.Njoku,TE,CLE,2023,27.14,16,0,0,0,0,0,0,0,0,123,81,882,6,201.2,882
00-0033885,D.Njoku,TE,CLE,2024,28.14,11,0,0,0,0,0,0,0,0,97,64,505,5,148.5,505
00-0033885,D.Njoku,TE,CLE,2025,29.14,11,0,0,0,0,0,0,0,0,48,33,293,4,86.3,293
00-0033891,Z.Jones,WR,LV,2019,24.42,14,0,0,0,0,0,1,3,0,45,27,216,0,48.900000000000006,219
00-0033891,Z.Jones,WR,LV,2020,25.42,11,1,1,29,0,0,0,0,0,20,14,154,1,36.56,154
00-0033891,Z.Jones,WR,LV,2021,26.42,15,0,0,0,0,0,2,3,0,70,47,546,1,105.9,549
00-0033891,Z.Jones,WR,JAX,2022,27.42,16,0,0,0,0,0,4,18,0,121,82,823,5,198.1,841
00-0033891,Z.Jones,WR,JAX,2023,28.42,9,0,0,0,0,0,0,0,0,64,34,321,2,78.1,321
00-0033891,Z.Jones,WR,ARI,2024,29.42,6,0,0,0,0,0,0,0,0,11,8,84,0,16.400000000000002,84
00-0033891,Z.Jones,WR,ARI,2025,30.42,6,0,0,0,0,0,0,0,0,18,12,183,0,30.3,183
00-0033893,D.Cook,RB,MIN,2019,24.06,14,0,0,0,0,0,250,1135,13,63,53,519,0,292.4,1654
00-0033893,D.Cook,RB,MIN,2020,25.06,14,0,0,0,0,0,312,1557,16,54,44,361,1,337.8,1918
00-0033893,D.Cook,RB,MIN,2021,26.06,13,0,0,0,0,0,249,1159,6,49,34,224,0,206.3,1383
00-0033893,D.Cook,RB,MIN,2022,27.06,17,0,0,0,0,0,264,1173,8,56,39,295,2,237.8,1468
00-0033893,D.Cook,RB,NYJ,2023,28.06,14,0,0,0,0,0,67,214,0,20,15,78,0,40.2,292
00-0033893,D.Cook,RB,DAL,2024,29.06,2,0,0,0,0,0,8,20,0,1,1,10,0,4.0,30
00-0033895,G.Everett,TE,LA,2019,25.19,12,0,0,0,0,0,1,0,0,60,37,408,2,89.8,408
00-0033895,G.Everett,TE,LA,2020,26.19,15,0,0,0,0,0,1,2,1,62,41,417,1,92.9,419
00-0033895,G.Everett,TE,SEA,2021,27.19,15,0,0,0,0,0,3,20,0,63,48,478,4,117.8,498
00-0033895,G.Everett,TE,LAC,2022,28.19,15,0,0,0,0,0,1,0,0,87,58,555,4,139.5,555
00-0033895,G.Everett,TE,LAC,2023,29.19,15,0,0,0,0,0,3,10,0,70,51,411,3,111.10000000000001,421
00-0033895,G.Everett,TE,CHI,2024,30.19,10,0,0,0,0,0,0,0,0,13,8,36,0,11.6,36
00-0033896,A.Shaheen,TE,CHI,2019,24.86,7,0,0,0,0,0,0,0,0,13,9,74,0,18.4,74
00-0033896,A.Shaheen,TE,MIA,2020,25.86,13,0,0,0,0,0,0,0,0,22,12,150,3,45.0,150
00-0033896,A.Shaheen,TE,MIA,2021,26.86,7,0,0,0,0,0,0,0,0,16,12,110,0,23.0,110
00-0033897,J.Mixon,RB,CIN,2019,23.11,16,0,0,0,0,0,278,1137,5,45,35,287,3,225.4,1424
00-0033897,J.Mixon,RB,CIN,2020,24.11,6,0,0,0,0,0,119,428,3,26,21,138,1,99.60000000000001,566
00-0033897,J.Mixon,RB,CIN,2021,25.11,16,0,0,0,0,0,292,1205,13,48,42,314,3,287.9,1519
00-0033897,J.Mixon,RB,CIN,2022,26.11,14,0,0,0,0,0,210,814,7,75,60,441,2,239.5,1255
00-0033897,J.Mixon,RB,CIN,2023,27.11,17,0,0,0,0,0,257,1034,9,64,52,376,3,267.0,1410
00-0033897,J.Mixon,RB,HOU,2024,28.11,14,0,1,0,0,0,245,1016,11,52,36,309,1,240.5,1325
00-0033906,A.Kamara,RB,NO,2019,24.1,14,1,1,13,0,0,171,797,5,97,81,533,1,248.52,1330
00-0033906,A.Kamara,RB,NO,2020,25.1,15,0,0,0,0,0,187,932,16,107,83,756,5,377.8,1688
00-0033906,A.Kamara,RB,NO,2021,26.1,13,0,0,0,0,0,240,898,4,67,47,439,5,234.70000000000002,1337
00-0033906,A.Kamara,RB,NO,2022,27.1,15,0,0,0,0,0,223,897,2,77,57,490,2,211.7,1387
00-0033906,A.Kamara,RB,NO,2023,28.1,13,0,0,0,0,0,180,694,5,86,75,466,1,233.0,1160
00-0033906,A.Kamara,RB,NO,2024,29.1,14,0,0,0,0,0,228,950,6,89,68,543,2,265.3,1493
00-0033906,A.Kamara,RB,NO,2025,30.1,11,0,0,0,0,0,131,471,1,39,33,186,0,100.7,657
00-0033908,C.Kupp,WR,LA,2019,26.21,16,0,1,0,0,0,2,4,0,134,94,1161,10,270.5,1165
00-0033908,C.Kupp,WR,LA,2020,27.21,15,0,0,0,0,0,4,33,0,124,92,974,3,210.70000000000002,1007
00-0033908,C.Kupp,WR,LA,2021,28.21,17,0,1,0,0,0,4,18,0,191,145,1947,16,439.5,1965
00-0033908,C.Kupp,WR,LA,2022,29.21,9,0,1,0,0,0,9,52,1,98,75,812,6,201.4,864
00-0033908,C.Kupp,WR,LA,2023,30.21,12,0,0,0,0,0,1,-3,0,95,59,737,5,164.4,734
00-0033908,C.Kupp,WR,LA,2024,31.21,12,0,0,0,0,0,2,10,0,100,67,710,6,175.0,720
00-0033908,C.Kupp,WR,SEA,2025,32.21,16,0,1,0,0,1,0,0,0,70,47,593,2,116.3,593
00-0033911,T.Taylor,WR,CLE,2019,24.5,2,0,0,0,0,0,0,0,0,1,0,0,0,0.0,0
00-0033911,T.Taylor,WR,CLE,2020,25.5,1,0,0,0,0,0,0,0,0,1,0,0,0,0.0,0
00-0033921,C.Godwin,WR,TB,2019,23.51,14,0,0,0,0,0,1,8,0,121,86,1333,9,276.1,1341
00-0033921,C.Godwin,WR,TB,2020,24.51,12,0,0,0,0,0,0,0,0,84,65,840,7,191.0,840
00-0033921,C.Godwin,WR,TB,2021,25.51,14,0,0,0,0,0,4,21,1,127,98,1103,5,242.4,1124
00-0033921,C.Godwin,WR,TB,2022,26.51,15,0,0,0,0,0,3,5,0,142,104,1023,3,222.8,1028
00-0033921,C.Godwin,WR,TB,2023,27.51,17,0,1,0,0,0,4,38,1,130,83,1024,2,209.2,1062
00-0033921,C.Godwin,WR,TB,2024,28.51,7,0,0,0,0,0,1,2,0,62,50,576,5,137.8,578
00-0033921,C.Godwin,WR,TB,2025,29.51,9,0,0,0,0,0,0,0,0,51,33,360,2,83.0,360
00-0033923,K.Hunt,RB,CLE,2019,24.07,8,0,0,0,0,0,43,179,2,44,37,285,1,101.4,464
00-0033923,K.Hunt,RB,CLE,2020,25.07,16,0,0,0,0,0,198,841,6,51,38,304,5,218.5,1145
00-0033923,K.Hunt,RB,CLE,2021,26.07,8,0,0,0,0,0,78,386,5,27,22,174,0,110.0,560
00-0033923,K.Hunt,RB,CLE,2022,27.07,17,0,0,0,0,0,123,468,3,44,35,210,1,126.8,678
00-0033923,K.Hunt,RB,CLE,2023,28.07,15,0,0,0,0,0,135,411,9,21,15,84,0,118.5,495
00-0033923,K.Hunt,RB,KC,2024,29.07,13,0,0,0,0,0,200,728,7,32,23,176,0,155.4,904
00-0033923,K.Hunt,RB,KC,2025,30.07,17,0,0,0,0,0,163,611,8,25,18,143,1,145.4,754
00-0033925,D.Foreman,RB,TEN,2020,24.36,5,0,0,0,0,0,22,95,0,1,1,5,1,17.0,100
00-0033925,D.Foreman,RB,TEN,2021,25.36,9,0,0,0,0,0,133,566,3,11,9,123,0,93.9,689
00-0033925,D.Foreman,RB,CAR,2022,26.36,16,0,0,0,0,0,203,914,5,9,5,26,0,131.0,940
00-0033925,D.Foreman,RB,CHI,2023,27.36,9,0,0,0,0,0,109,425,4,16,11,77,1,91.2,502
00-0033925,D.Foreman,RB,CLE,2024,28.36,10,0,0,0,0,0,71,232,0,8,6,54,0,32.6,286
00-0033932,K.Golladay,WR,DET,2019,25.83,16,0,0,0,0,0,0,0,0,116,65,1190,11,248.0,1190
00-0033932,K.Golladay,WR,DET,2020,26.83,5,0,0,0,0,0,0,0,0,32,20,338,2,65.8,338
00-0033932,K.Golladay,WR,NYG,2021,27.83,14,0,0,0,0,0,0,0,0,76,37,521,0,89.10000000000001,521
00-0033932,K.Golladay,WR,NYG,2022,28.83,6,0,0,0,0,0,0,0,0,17,6,81,1,20.1,81
00-0033933,C.Williams,WR,IND,2019,24.87,1,0,0,0,0,0,0,0,0,1,0,0,0,0.0,0
00-0033936,C.Beathard,QB,SF,2020,26.79,6,66,104,787,6,0,6,28,0,0,0,0,0,52.28,28
00-0033936,C.Beathard,QB,JAX,2021,27.79,2,2,2,33,0,0,1,2,0,0,0,0,0,1.52,2
00-0033936,C.Beathard,QB,JAX,2022,28.79,4,7,11,35,0,1,4,-4,0,0,0,0,0,-1.0000000000000002,-4
00-0033936,C.Beathard,QB,JAX,2023,29.79,6,40,53,349,1,0,8,35,0,0,0,0,0,21.46,35
00-0033943,J.Reynolds,WR,LA,2019,24.54,16,0,0,0,0,0,5,23,0,43,21,326,1,61.9,349
00-0033943,J.Reynolds,WR,LA,2020,25.54,16,0,0,0,0,0,1,5,0,81,52,618,2,126.3,623
00-0033943,J.Reynolds,WR,DET,2021,26.54,11,0,0,0,0,0,0,0,0,49,29,396,2,80.6,396
00-0033943,J.Reynolds,WR,DET,2022,27.54,12,0,0,0,0,0,0,0,0,59,38,479,3,103.9,479
00-0033943,J.Reynolds,WR,DET,2023,28.54,16,0,0,0,0,0,0,0,0,64,40,608,5,128.8,608
00-0033943,J.Reynolds,WR,DEN,2024,29.54,8,0,0,0,0,0,0,0,0,24,13,194,1,38.4,194
00-0033943,J.Reynolds,WR,NYJ,2025,30.54,5,0,0,0,0,0,0,0,0,21,11,101,0,23.1,101
00-0033948,J.Williams,RB,GB,2019,24.41,14,0,0,0,0,0,107,460,1,45,39,253,5,146.3,713
00-0033948,J.Williams,RB,GB,2020,25.41,14,0,0,0,0,0,119,505,2,35,31,236,1,127.10000000000001,741
00-0033948,J.Williams,RB,DET,2021,26.41,13,0,0,0,0,0,153,601,3,28,26,157,0,119.8,758
00-0033948,J.Williams,RB,NO,2023,28.41,13,0,0,0,0,0,106,306,1,20,18,62,0,60.800000000000004,368
00-0033948,Ja.Williams,RB,DET,2022,27.41,17,0,0,0,0,0,262,1066,17,16,12,73,0,225.9,1139
00-0033948,Ja.Williams,RB,NO,2024,29.41,14,0,0,0,0,0,48,164,1,11,9,57,0,37.1,221
00-0033949,J.Dobbs,QB,PIT,2020,25.6,1,4,5,2,0,0,2,20,0,0,0,0,0,2.08,20
00-0033949,J.Dobbs,QB,TEN,2022,27.6,2,40,68,411,2,2,8,44,0,0,0,0,0,20.84,44
00-0033949,J.Dobbs,QB,ARI,2023,28.6,13,262,417,2464,13,10,77,421,6,0,0,0,0,200.66,421
00-0033949,J.Dobbs,QB,SF,2024,29.6,2,32,47,361,2,2,9,24,2,0,0,0,0,30.839999999999996,24
00-0033949,J.Dobbs,QB,NE,2025,30.6,4,7,10,65,0,0,10,-5,0,0,0,0,0,2.1,-5
00-0033950,W.Gallman,RB,NYG,2020,25.92,14,0,0,0,0,0,69,275,5,16,13,75,0,78.0,350
00-0033950,W.Gallman,RB,ATL,2021,26.92,7,0,0,0,0,0,28,104,0,3,1,21,0,13.500000000000002,125
00-0033950,W.Gallman Jr,RB,NYG,2019,24.92,9,0,0,0,0,0,29,110,2,15,11,102,1,48.2,212
00-0033950,W.Gallman Jr.,RB,NYG,2020,25.92,14,0,0,0,0,0,78,407,1,11,8,39,0,58.6,446
00-0033951,M.Mack,RB,IND,2019,23.49,14,0,0,0,0,0,247,1091,8,17,14,82,0,181.3,1173
00-0033951,M.Mack,RB,IND,2020,24.49,1,0,0,0,0,0,4,26,0,3,3,30,0,8.600000000000001,56
00-0033951,M.Mack,RB,IND,2021,25.49,5,0,0,0,0,0,28,101,0,5,2,8,0,12.9,109
00-0033951,M.Mack,RB,DEN,2022,26.49,7,0,0,0,0,0,16,84,1,10,8,99,1,38.300000000000004,183
00-0033955,J.McNichols,RB,TEN,2020,24.68,15,0,0,0,0,0,47,204,1,17,12,55,0,43.9,259
00-0033955,J.McNichols,RB,TEN,2021,25.68,13,0,0,0,0,0,41,156,0,38,28,240,1,73.60000000000001,396
00-0033955,J.McNichols,RB,SF,2023,27.68,2,0,0,0,0,0,0,0,0,0,0,0,0,0.0,0
00-0033955,J.McNichols,RB,WAS,2024,28.68,15,0,0,0,0,0,55,261,4,12,9,27,0,63.800000000000004,288
00-0033955,J.McNichols,RB,WAS,2025,29.68,16,0,0,0,0,0,44,221,1,31,25,196,0,72.7,417
00-0033957,R.Adams,WR,CHI,2021,26.96,1,0,0,0,0,0,0,0,0,1,0,0,0,0.0,0
00-0033958,N.Peterman,QB,LV,2020,26.33,1,3,5,25,0,0,1,9,0,0,0,0,0,1.9,9
00-0033958,N.Peterman,QB,LV,2021,27.33,1,0,0,0,0,0,2,2,0,0,0,0,0,0.2,2
00-0033958,N.Peterman,QB,CHI,2022,28.33,3,14,25,139,1,1,2,7,0,0,0,0,0,8.26,7
00-0033958,N.Peterman,QB,CHI,2023,29.33,1,0,0,0,0,0,2,-4,0,0,0,0,0,-0.4,-4
00-0033994,F.Brown,WR,DEN,2019,25.75,6,0,0,0,0,0,0,0,0,3,2,21,0,4.1,21
00-0034011,D.Arnold,TE,ARI,2019,24.46,5,0,0,0,0,0,0,0,0,14,8,127,2,32.7,127
00-0034011,D.Arnold,TE,ARI,2020,25.46,15,0,0,0,0,0,0,0,0,45,31,438,4,96.8,438
00-0034011,D.Arnold,TE,JAX,2021,26.46,11,0,0,0,0,0,0,0,0,52,35,408,0,75.8,408
00-0034011,D.Arnold,TE,JAX,2022,27.46,11,0,0,0,0,0,0,0,0,13,9,135,0,22.5,135
00-0034034,R.Davis,WR,TEN,2019,23.97,1,0,0,0,0,0,0,0,0,1,1,16,0,2.6,16
00-0034052,B.Zylstra,WR,CAR,2019,26.44,5,0,0,0,0,0,0,0,0,12,8,106,0,18.6,106
00-0034052,B.Zylstra,WR,CAR,2020,27.44,5,0,0,0,0,0,1,1,0,4,3,35,0,6.6000000000000005,36
00-0034052,B.Zylstra,WR,CAR,2021,28.44,12,0,1,0,0,0,0,0,0,25,18,250,1,49.0,250
00-0034052,B.Zylstra,WR,DET,2022,29.44,1,0,0,0,0,0,0,0,0,0,0,0,0,0.0,0
00-0034054,R.Cracraft,WR,SF,2020,25.83,5,0,0,0,0,0,0,0,0,9,6,41,0,10.1,41
00-0034054,R.Cracraft,WR,SF,2021,26.83,3,0,0,0,0,0,0,0,0,0,0,0,0,0.0,0
00-0034054,R.Cracraft,WR,MIA,2022,27.83,8,0,0,0,0,0,0,0,0,14,9,102,2,31.2,102
00-0034054,R.Cracraft,WR,MIA,2023,28.83,6,0,0,0,0,0,0,0,0,12,9,121,1,27.1,121
00-0034054,R.Cracraft,WR,MIA,2024,29.83,5,0,0,0,0,0,0,0,0,9,7,66,0,13.600000000000001,66
00-0034054,R.Cracraft,WR,WAS,2025,30.83,2,0,0,0,0,0,0,0,0,0,0,0,0,0.0,0
00-0034073,R.Dwelley,TE,SF,2019,24.6,8,0,0,0,0,0,0,0,0,22,15,91,2,36.1,91
00-0034073,R.Dwelley,TE,SF,2020,25.6,12,0,0,0,0,0,0,0,0,24,19,245,1,49.5,245
00-0034073,R.Dwelley,TE,SF,2021,26.6,4,0,0,0,0,0,0,0,0,5,4,51,1,15.1,51
00-0034073,R.Dwelley,TE,SF,2022,27.6,5,0,0,0,0,0,0,0,0,5,3,105,1,19.5,105
00-0034073,R.Dwelley,TE,SF,2023,28.6,2,0,0,0,0,0,0,0,0,2,1,12,0,2.2,12
00-0034073,R.Dwelley,TE,ATL,2024,29.6,4,0,0,0,0,0,0,0,0,1,1,5,0,1.5,5
00-0034073,R.Dwelley,TE,DET,2025,30.6,4,0,0,0,0,0,0,0,0,5,2,7,0,2.7,7
00-0034081,S.Mitchell,WR,HOU,2019,25.33,2,0,0,0,0,0,0,0,0,6,2,37,0,5.7,37
00-0034081,S.Mitchell,WR,HOU,2020,26.33,4,0,0,0,0,0,0,0,0,8,5,60,0,11.0,60
00-0034104,C.Sims,WR,WAS,2019,23.65,3,0,0,0,0,0,0,0,0,3,2,27,0,4.7,27
00-0034104,C.Sims,WR,WAS,2020,24.65,13,0,0,0,0,0,1,5,0,48,32,477,1,86.2,482
00-0034104,C.Sims,WR,WAS,2021,25.65,12,0,0,0,0,0,1,7,0,23,15,211,2,48.8,218
00-0034104,C.Sims,WR,WAS,2022,26.65,13,0,0,0,0,0,0,0,0,18,8,89,0,16.900000000000002,89
00-0034109,P.Lindsay,RB,DEN,2019,25.11,16,0,0,0,0,0,224,1011,7,48,35,196,0,197.70000000000002,1207
00-0034109,P.Lindsay,RB,DEN,2020,26.11,11,0,0,0,0,0,118,502,1,14,7,28,0,66.0,530
00-0034109,P.Lindsay,RB,HOU,2021,27.11,14,0,0,0,0,0,88,249,1,5,4,45,1,45.4,294
00-0034109,P.Lindsay,RB,IND,2022,28.11,3,0,0,0,0,0,15,49,0,8,6,19,0,14.8,68
00-0034115,J.Wilson,RB,SF,2019,23.79,8,0,0,0,0,0,27,105,4,5,3,34,1,46.900000000000006,139
00-0034115,J.Wilson,RB,SF,2020,24.79,11,0,0,0,0,0,126,600,7,28,13,133,3,142.3,733
00-0034115,J.Wilson,RB,SF,2021,25.79,8,0,0,0,0,0,79,294,2,8,7,31,0,51.5,325
00-0034115,J.Wilson,RB,MIA,2022,26.79,16,0,0,0,0,0,176,860,5,37,22,185,1,158.5,1045
00-0034115,J.Wilson,RB,MIA,2023,27.79,9,0,0,0,0,0,41,188,0,17,14,85,0,41.300000000000004,273
00-0034115,J.Wilson,RB,MIA,2024,28.79,7,0,0,0,0,0,16,57,0,3,3,19,0,10.600000000000001,76
00-0034131,K.Benkert,QB,GB,2021,26.12,1,0,0,0,0,0,2,-1,0,0,0,0,0,-0.1,-1
00-0034132,C.Blake,WR,ATL,2019,23.23,7,0,0,0,0,0,0,0,0,24,11,91,0,20.1,91
00-0034132,C.Blake,WR,ATL,2020,24.23,10,0,0,0,0,0,0,0,0,18,13,141,0,27.1,141
00-0034132,C.Blake,WR,ATL,2021,25.23,9,0,0,0,0,0,0,0,0,9,4,25,0,6.5,25
00-0034159,W.Dissly,TE,SEA,2019,23.15,6,0,0,0,0,0,1,7,0,27,23,262,4,73.9,269
00-0034159,W.Dissly,TE,SEA,2020,24.15,15,0,0,0,0,0,0,0,0,29,24,251,2,61.1,251
00-0034159,W.Dissly,TE,SEA,2021,25.15,13,0,0,0,0,0,0,0,0,26,21,231,1,50.1,231
00-0034159,W.Dissly,TE,SEA,2022,26.15,15,0,0,0,0,0,0,0,0,38,34,349,3,86.9,349
00-0034159,W.Dissly,TE,SEA,2023,27.15,13,0,0,0,0,0,0,0,0,22,17,172,1,40.2,172
00-0034159,W.Dissly,TE,LAC,2024,28.15,15,0,0,0,0,0,0,0,0,64,50,481,2,110.1,481
00-0034159,W.Dissly,TE,LAC,2025,29.15,8,0,0,0,0,0,0,0,0,16,11,97,0,20.700000000000003,97
00-0034164,T.Cannon,RB,NYJ,2019,25.11,2,0,0,0,0,0,0,0,0,0,0,0,0,0.0,0
00-0034164,T.Cannon,RB,CAR,2020,26.11,12,0,0,0,0,0,10,33,0,3,3,16,0,7.9,49
00-0034164,T.Cannon,RB,SF,2021,27.11,10,0,0,0,0,0,3,4,0,0,0,0,0,0.4,4
00-0034164,T.Cannon,RB,TEN,2022,28.11,1,0,0,0,0,0,0,0,0,0,0,0,0,0.0,0
00-0034169,M.Baugh,TE,WAS,2020,25.73,1,0,0,0,0,0,0,0,0,1,1,2,0,1.2,2
00-0034177,T.Boyle,QB,GB,2019,24.91,3,3,4,15,0,0,5,-7,0,0,0,0,0,-0.10000000000000009,-7
00-0034177,T.Boyle,QB,GB,2020,25.91,8,0,0,0,0,0,13,-9,0,0,0,0,0,-0.9000000000000001,-9
00-0034177,T.Boyle,QB,DET,2021,26.91,4,61,94,526,3,6,2,13,0,0,0,0,0,24.34,13
00-0034177,T.Boyle,QB,CHI,2022,27.91,1,2,8,33,0,2,2,-2,0,0,0,0,0,-2.88,-2
00-0034177,T.Boyle,QB,NYJ,2023,28.91,3,48,77,360,1,4,4,5,0,0,0,0,0,10.9,5
00-0034177,T.Boyle,QB,MIA,2024,29.91,3,27,50,276,1,1,3,9,0,0,0,0,0,13.940000000000001,9
00-0034184,G.Edwards,RB,BAL,2019,24.39,16,0,0,0,0,0,133,711,2,7,7,45,0,92.60000000000001,756
00-0034184,G.Edwards,RB,BAL,2020,25.39,16,0,0,0,0,0,144,723,6,13,9,129,0,128.20000000000002,852
00-0034184,G.Edwards,RB,BAL,2022,27.39,9,0,0,0,0,0,87,433,3,2,0,0,0,59.300000000000004,433
00-0034184,G.Edwards,RB,BAL,2023,28.39,17,0,0,0,0,0,198,810,13,13,12,180,0,187.0,990
00-0034184,G.Edwards,RB,LAC,2024,29.39,11,0,0,0,0,0,101,365,4,5,3,6,0,64.10000000000001,371
00-0034192,N.Keizer,TE,KC,2020,25.33,11,0,0,0,0,0,0,0,0,9,6,63,0,10.3,63
00-0034193,K.Rader,TE,PIT,2020,25.35,1,0,0,0,0,0,0,0,0,1,0,0,0,0.0,0
00-0034193,K.Rader,TE,PIT,2021,26.35,3,0,0,0,0,0,0,0,0,3,2,8,0,2.8000000000000003,8
00-0034193,K.Rader,TE,TEN,2022,27.35,6,0,0,0,0,0,0,0,0,0,0,0,0,0.0,0
00-0034193,K.Rader,TE,TEN,2023,28.35,7,0,0,0,0,0,0,0,0,3,1,6,0,1.6,6
00-0034201,D.Turner,RB,MIA,2019,24.02,3,0,0,0,0,0,4,6,0,0,0,0,0,0.6000000000000001,6
00-0034207,J.Badet,WR,WAS,2020,26.08,1,0,0,0,0,0,0,0,0,1,0,0,0,0.0,0
00-0034208,M.Boone,RB,MIN,2019,24.09,8,0,0,0,0,0,49,273,3,4,3,17,0,50.0,290
00-0034208,M.Boone,RB,MIN,2020,25.09,10,0,0,0,0,0,11,59,1,2,2,10,0,14.900000000000002,69
00-0034208,M.Boone,RB,DEN,2021,26.09,3,0,0,0,0,0,4,35,0,2,2,22,0,7.7,57
00-0034208,M.Boone,RB,DEN,2022,27.09,8,0,0,0,0,0,24,102,0,15,9,96,0,28.800000000000004,198
00-0034208,M.Boone,RB,HOU,2023,28.09,9,0,0,0,0,0,5,23,0,9,7,40,0,13.3,63
00-0034208,M.Boone,RB,CAR,2024,29.09,5,0,0,0,0,0,13,51,0,3,1,-2,0,5.9,49
00-0034253,D.Hilliard,RB,CLE,2019,24.52,14,0,0,0,0,0,13,49,2,15,12,92,0,38.1,141
00-0034253,D.Hilliard,RB,CLE,2020,25.52,5,0,0,0,0,0,9,48,0,1,1,2,0,6.0,50
00-0034253,D.Hilliard,RB,TEN,2021,26.52,8,0,0,0,0,0,56,350,2,26,19,87,0,72.7,437
00-0034253,D.Hilliard,RB,TEN,2022,27.52,12,0,0,0,0,0,22,145,0,26,21,177,4,77.2,322
00-0034256,D.Scott,WR,NYG,2019,24.07,5,0,0,0,0,0,1,5,0,3,2,22,0,4.7,27
00-0034267,J.Scott,WR,BAL,2019,24.52,1,0,0,0,0,0,0,0,0,3,1,6,0,1.6,6
00-0034267,J.Scott,WR,NYJ,2020,25.52,1,0,0,0,0,0,0,0,0,1,1,16,0,2.6,16
00-0034270,T.Conklin,TE,MIN,2019,24.09,9,0,0,0,0,0,0,0,0,10,8,58,0,13.8,58
00-0034270,T.Conklin,TE,MIN,2020,25.09,9,0,0,0,0,0,0,0,0,26,19,194,1,44.4,194
00-0034270,T.Conklin,TE,MIN,2021,26.09,17,0,0,0,0,0,0,0,0,87,61,593,3,138.3,593
00-0034270,T.Conklin,TE,NYJ,2022,27.09,17,0,0,0,0,0,2,3,0,87,58,552,3,131.5,555
00-0034270,T.Conklin,TE,NYJ,2023,28.09,17,0,0,0,0,0,1,0,0,87,61,621,0,123.1,621
00-0034270,T.Conklin,TE,NYJ,2024,29.09,16,0,0,0,0,0,1,0,0,72,51,449,4,121.9,449
00-0034270,T.Conklin,TE,LAC,2025,30.09,6,0,0,0,0,0,1,2,0,10,7,101,0,17.3,103
00-0034272,M.Valdes-Scantling,WR,GB,2019,24.89,15,0,0,0,0,0,2,9,0,56,26,452,2,84.1,461
00-0034272,M.Valdes-Scantling,WR,GB,2020,25.89,14,0,0,0,0,0,4,13,0,63,33,690,6,137.3,703
00-0034272,M.Valdes-Scantling,WR,GB,2021,26.89,11,0,0,0,0,0,0,0,0,55,26,430,3,87.0,430
00-0034272,M.Valdes-Scantling,WR,KC,2022,27.89,17,0,0,0,0,0,1,-3,0,81,42,687,2,122.4,684
00-0034272,M.Valdes-Scantling,WR,KC,2023,28.89,16,0,0,0,0,0,0,0,0,42,21,315,1,56.5,315
00-0034272,M.Valdes-Scantling,WR,NO,2024,29.89,13,0,0,0,0,0,1,4,0,44,19,411,4,84.5,415
00-0034272,M.Valdes-Scantling,WR,PIT,2025,30.89,9,0,0,0,0,0,0,0,0,29,14,120,1,32.0,120
00-0034273,D.Ratley,WR,CLE,2019,24.38,9,0,0,0,0,0,0,0,0,24,12,200,1,38.0,200
00-0034273,D.Ratley,WR,NYG,2020,25.38,5,0,0,0,0,0,0,0,0,10,4,63,0,10.3,63
00-0034279,E.St. Brown,WR,GB,2020,23.92,8,0,0,0,0,0,1,7,0,13,7,117,1,25.400000000000002,124
00-0034279,E.St. Brown,WR,GB,2021,24.92,12,0,0,0,0,0,3,14,0,17,9,98,0,20.200000000000003,112
00-0034279,E.St. Brown,WR,CHI,2022,25.92,16,0,0,0,0,0,6,54,0,38,21,323,1,64.7,377
00-0034279,E.St. Brown,WR,CHI,2023,26.92,5,0,0,0,0,0,0,0,0,6,5,62,0,11.2,62
00-0034286,R.James,WR,SF,2019,23.99,16,0,0,0,0,0,0,0,0,2,1,39,1,10.9,39
00-0034286,R.James,WR,SF,2020,24.99,10,0,0,0,0,0,0,0,0,35,23,394,1,68.4,394
00-0034286,R.James,WR,NYG,2022,26.99,16,0,0,0,0,0,2,6,0,70,57,569,4,138.5,575
00-0034286,R.James,WR,KC,2023,27.99,9,0,0,0,0,0,0,0,0,14,10,114,0,21.400000000000002,114
00-0034286,R.James Jr.,WR,SF,2019,23.99,16,0,0,0,0,0,2,-1,0,8,5,126,0,17.5,125
00-0034297,B.Pringle,WR,KC,2019,25.79,12,0,0,0,0,0,0,0,0,16,12,170,1,35.0,170
00-0034297,B.Pringle,WR,KC,2020,26.79,7,0,0,0,0,0,0,0,0,17,13,160,1,41.0,160
00-0034297,B.Pringle,WR,KC,2021,27.79,16,0,0,0,0,0,0,0,0,60,42,568,5,128.8,568
00-0034297,B.Pringle,WR,CHI,2022,28.79,10,0,0,0,0,0,0,0,0,16,10,135,2,35.5,135
00-0034297,B.Pringle,WR,WAS,2023,29.79,13,0,0,0,0,0,0,0,0,22,14,161,0,30.1,161
00-0034301,D.Williams,RB,KC,2019,24.38,9,0,0,0,0,0,41,141,3,19,15,167,1,67.8,308
00-0034301,D.Williams,RB,KC,2020,25.38,13,0,0,0,0,0,11,35,0,11,6,35,0,15.0,70
00-0034301,D.Williams,RB,ARI,2022,27.38,5,0,0,0,0,0,21,102,1,8,4,9,0,21.1,111
00-0034301,Da.Williams,RB,KC,2021,26.38,17,0,0,0,0,0,144,558,6,57,47,452,2,196.0,1010
00-0034301,Darr.Williams,RB,KC,2020,25.38,13,0,0,0,0,0,28,134,1,15,12,81,0,39.5,215
00-0034309,C.Beebe,WR,MIN,2019,25.25,3,0,0,0,0,0,0,0,0,2,2,70,0,9.0,70
00-0034309,C.Beebe,WR,MIN,2020,26.25,12,0,0,0,0,0,0,0,0,30,20,201,2,52.1,201
00-0034311,J.Stanton,RB,CLE,2021,26.99,3,0,0,0,0,0,3,5,0,2,2,7,1,9.2,12
00-0034317,K.Kirkwood,WR,CAR,2020,25.68,1,0,0,0,0,0,0,0,0,2,1,13,0,2.3,13
00-0034317,K.Kirkwood,WR,CAR,2021,26.68,3,0,0,0,0,0,0,0,0,7,3,17,0,4.7,17
00-0034317,K.Kirkwood,WR,NO,2022,27.68,3,0,0,0,0,0,0,0,0,4,2,18,0,3.8000000000000003,18
00-0034317,K.Kirkwood,WR,NO,2023,28.68,7,0,0,0,0,0,0,0,0,9,5,37,1,14.700000000000001,37
00-0034319,D.Yelder,TE,KC,2019,24.49,3,0,0,0,0,0,0,0,0,4,3,50,0,8.0,50
00-0034319,D.Yelder,TE,KC,2020,25.49,6,0,0,0,0,0,0,0,0,11,7,36,0,10.6,36
00-0034319,D.Yelder,TE,TB,2021,26.49,1,0,0,0,0,0,0,0,0,1,1,0,0,1.0,0
00-0034331,J.Samuels,RB,PIT,2019,23.12,13,4,5,35,0,1,66,175,1,57,47,305,1,104.4,480
00-0034331,J.Samuels,RB,PIT,2020,24.12,9,0,0,0,0,0,9,28,0,14,9,46,0,16.400000000000002,74
00-0034331,J.Samuels,RB,HOU,2021,25.12,3,0,0,0,0,0,5,9,0,4,3,14,0,5.3,23
00-0034339,T.Quinn,WR,WAS,2019,23.74,12,0,0,0,0,0,0,0,0,47,26,198,1,51.8,198
00-0034339,T.Quinn,WR,JAX,2020,24.74,1,0,0,0,0,0,0,0,0,0,0,0,0,0.0,0
00-0034343,J.Rosen,QB,MIA,2019,22.56,5,58,109,567,1,5,3,13,0,0,0,0,0,17.98,13
00-0034343,J.Rosen,QB,ATL,2021,24.56,3,2,11,19,0,2,0,0,0,0,0,0,0,-3.24,0
00-0034348,C.Sutton,WR,DEN,2019,23.89,16,1,1,38,0,0,3,17,0,124,72,1112,6,222.42000000000002,1129
00-0034348,C.Sutton,WR,DEN,2020,24.89,1,0,0,0,0,0,0,0,0,6,3,66,0,9.600000000000001,66
00-0034348,C.Sutton,WR,DEN,2021,25.89,17,1,1,16,0,0,0,0,0,98,58,776,2,150.24,776
00-0034348,C.Sutton,WR,DEN,2022,26.89,15,0,0,0,0,0,1,5,0,109,64,829,2,159.4,834
00-0034348,C.Sutton,WR,DEN,2023,27.89,16,0,0,0,0,0,0,0,0,90,59,772,10,190.20000000000002,772
00-0034348,C.Sutton,WR,DEN,2024,28.89,16,2,2,30,1,0,0,0,0,135,81,1081,8,240.3,1081
00-0034348,C.Sutton,WR,DEN,2025,29.89,17,0,0,0,0,0,0,0,0,124,74,1017,7,219.70000000000002,1017
00-0034349,K.Johnson,RB,DET,2019,22.17,8,0,0,0,0,0,113,403,3,15,10,127,1,85.0,530
00-0034349,K.Johnson,RB,DET,2020,23.17,14,0,0,0,0,0,52,181,2,26,19,187,1,71.8,368
00-0034351,D.Goedert,TE,PHI,2019,24.66,15,0,0,0,0,0,0,0,0,87,58,607,5,144.7,607
00-0034351,D.Goedert,TE,PHI,2020,25.66,11,0,0,0,0,0,0,0,0,65,46,524,3,116.4,524
00-0034351,D.Goedert,TE,PHI,2021,26.66,15,0,0,0,0,0,0,0,0,76,56,830,4,165.0,830
00-0034351,D.Goedert,TE,PHI,2022,27.66,12,0,0,0,0,0,0,0,0,69,55,702,3,141.2,702
00-0034351,D.Goedert,TE,PHI,2023,28.66,14,0,0,0,0,0,1,1,0,83,59,592,3,136.3,593
00-0034351,D.Goedert,TE,PHI,2024,29.66,10,0,0,0,0,0,0,0,0,52,42,496,2,103.6,496
00-0034351,D.Goedert,TE,PHI,2025,30.66,15,0,0,0,0,0,0,0,0,82,60,591,11,185.1,591
00-0034353,A.Miller,WR,CHI,2019,24.9,16,0,0,0,0,0,1,-1,0,85,52,656,2,127.5,655
00-0034353,A.Miller,WR,CHI,2020,25.9,16,0,0,0,0,0,2,12,0,76,49,485,2,108.7,497
00-0034353,A.Miller,WR,HOU,2021,26.9,3,0,0,0,0,0,0,0,0,12,6,25,1,14.5,25
00-0034353,A.Miller,WR,BAL,2024,29.9,1,0,0,0,0,0,0,0,0,1,1,16,0,2.6,16
00-0034358,D.Guice,RB,WAS,2019,22.2,5,0,0,0,0,0,42,245,2,9,7,79,1,57.400000000000006,324
00-0034364,J.Akins,TE,HOU,2019,27.37,16,0,0,0,0,0,0,0,0,55,36,418,2,89.8,418
00-0034364,J.Akins,TE,HOU,2020,28.37,13,0,0,0,0,0,1,4,0,49,37,403,1,83.7,407
00-0034364,J.Akins,TE,HOU,2021,29.37,12,0,0,0,0,0,1,3,0,33,24,214,0,41.7,217
00-0034364,J.Akins,TE,HOU,2022,30.37,15,0,0,0,0,0,0,0,0,54,37,495,5,116.5,495
00-0034364,J.Akins,TE,CLE,2023,31.37,13,0,0,0,0,0,0,0,0,23,15,132,0,28.200000000000003,132
00-0034364,J.Akins,TE,CLE,2024,32.37,16,0,0,0,0,0,0,0,0,58,40,390,2,91.0,390
00-0034365,I.Thomas,TE,CAR,2019,23.24,10,0,0,0,0,0,0,0,0,30,16,136,1,35.6,136
00-0034365,I.Thomas,TE,CAR,2020,24.24,13,0,0,0,0,0,0,0,0,31,20,145,1,40.5,145
00-0034365,I.Thomas,TE,CAR,2021,25.24,14,0,0,0,0,0,0,0,0,30,18,188,0,36.800000000000004,188
00-0034365,I.Thomas,TE,CAR,2022,26.24,13,0,0,0,0,0,0,0,0,30,21,197,0,40.7,197
00-0034365,I.Thomas,TE,CAR,2023,27.24,8,0,0,0,0,0,0,0,0,9,5,56,0,10.6,56
00-0034365,I.Thomas,TE,CAR,2024,28.24,3,0,0,0,0,0,0,0,0,6,3,7,0,3.7,7
00-0034365,I.Thomas,TE,LV,2025,29.24,9,0,0,0,0,0,0,0,0,13,13,114,0,24.4,114
00-0034366,K.Coutee,WR,HOU,2019,22.63,8,0,0,0,0,0,2,14,1,36,22,254,0,52.800000000000004,268
00-0034366,K.Coutee,WR,HOU,2020,23.63,8,0,0,0,0,0,0,0,0,40,33,400,3,89.0,400
00-0034366,K.Coutee,WR,IND,2021,24.63,1,0,0,0,0,0,0,0,0,1,1,5,0,1.5,5
00-0034366,K.Coutee,WR,IND,2022,25.63,7,0,0,0,0,0,0,0,0,1,1,20,0,1.0,20
00-0034367,N.Hines,RB,IND,2019,22.8,16,0,0,0,0,0,52,199,2,58,44,320,0,117.9,519
00-0034367,N.Hines,RB,IND,2020,23.8,16,0,0,0,0,0,89,380,3,76,63,482,4,193.2,862
00-0034367,N.Hines,RB,IND,2021,24.8,17,0,0,0,0,0,56,276,2,57,40,310,1,116.60000000000001,586
00-0034367,N.Hines,RB,BUF,2022,25.8,16,0,0,0,0,0,24,33,1,37,30,241,1,81.4,274
00-0034367,N.Miller-Hines,RB,LAC,2025,28.8,4,0,0,0,0,0,2,-2,0,0,0,0,0,-0.2,-2
00-0034370,D.Hamilton,WR,DEN,2019,24.48,13,0,0,0,0,0,0,0,0,52,28,297,1,63.7,297
00-0034370,D.Hamilton,WR,DEN,2020,25.48,12,0,0,0,0,0,0,0,0,44,23,293,2,62.3,293
00-0034378,I.Smith,RB,ATL,2019,23.97,7,0,0,0,0,0,22,106,1,14,11,87,0,36.3,193
00-0034378,I.Smith,RB,ATL,2020,24.97,14,0,0,0,0,0,63,268,1,26,17,75,0,57.3,343
00-0034378,I.Smith,RB,DAL,2021,25.97,1,0,0,0,0,0,1,4,1,0,0,0,0,6.4,4
00-0034383,D.Schultz,TE,DAL,2019,23.14,6,0,0,0,0,0,0,0,0,2,1,6,0,1.6,6
00-0034383,D.Schultz,TE,DAL,2020,24.14,16,0,0,0,0,0,0,0,0,89,63,615,4,146.5,615
00-0034383,D.Schultz,TE,DAL,2021,25.14,17,0,0,0,0,0,0,0,0,104,78,808,8,208.8,808
00-0034383,D.Schultz,TE,DAL,2022,26.14,15,0,0,0,0,0,0,0,0,89,57,577,5,142.7,577
00-0034383,D.Schultz,TE,HOU,2023,27.14,15,0,0,0,0,0,0,0,0,88,59,635,5,150.5,635
00-0034383,D.Schultz,TE,HOU,2024,28.14,17,0,0,0,0,0,0,0,0,85,53,532,2,118.2,532
00-0034383,D.Schultz,TE,HOU,2025,29.14,17,0,0,0,0,0,0,0,0,106,82,777,3,177.70000000000002,777
00-0034386,J.Watson,WR,TB,2019,23.41,9,0,0,0,0,0,0,0,0,26,15,159,2,42.9,159
00-0034386,J.Watson,WR,TB,2020,24.41,7,0,0,0,0,0,0,0,0,11,7,94,0,16.4,94
00-0034386,J.Watson,WR,HOU,2025,29.41,3,0,0,0,0,0,0,0,0,4,3,30,0,6.0,30
00-0034386,Ju.Watson,WR,KC,2022,26.41,17,0,0,0,0,0,0,0,0,34,15,315,2,58.5,315
00-0034386,Ju.Watson,WR,KC,2023,27.41,15,0,0,0,0,0,0,0,0,53,27,460,3,89.0,460
00-0034386,Ju.Watson,WR,KC,2024,28.41,15,0,0,0,0,0,0,0,0,32,22,289,2,62.9,289
00-0034393,T.Fumagalli,TE,DEN,2019,24.54,6,0,0,0,0,0,0,0,0,9,6,38,1,15.799999999999999,38
00-0034393,T.Fumagalli,TE,DEN,2020,25.54,7,0,0,0,0,0,0,0,0,15,8,80,1,22.0,80
00-0034395,D.Fountain,WR,IND,2020,24.69,2,0,0,0,0,0,0,0,0,3,2,23,0,4.300000000000001,23
00-0034395,D.Fountain,WR,KC,2021,25.69,1,0,0,0,0,0,0,0,0,0,0,0,0,0.0,0
00-0034400,J.Wilkins,RB,IND,2019,25.12,13,0,0,0,0,0,51,307,2,11,7,43,0,54.0,350
00-0034400,J.Wilkins,RB,IND,2020,26.12,13,0,0,0,0,0,84,308,1,16,12,105,0,61.300000000000004,413
00-0034400,J.Wilkins,RB,IND,2021,27.12,2,0,0,0,0,0,0,0,0,0,0,0,0,0.0,0
00-0034400,J.Wilkins,RB,IND,2022,28.12,4,0,0,0,0,0,13,58,0,8,6,29,0,14.700000000000001,87
00-0034401,M.White,QB,NYJ,2021,26.44,4,88,132,953,5,8,5,-1,0,0,0,0,0,44.019999999999996,-1
00-0034401,M.White,QB,NYJ,2022,27.44,4,103,175,1192,3,4,6,9,1,0,0,0,0,56.58,9
00-0034401,M.White,QB,MIA,2023,28.44,6,5,6,74,1,1,8,-9,0,0,0,0,0,2.06,-9
00-0034401,M.White,QB,BUF,2024,29.44,1,3,11,28,0,0,0,0,0,0,0,0,0,1.12,0
00-0034406,D.Cain,WR,IND,2019,23.06,11,0,0,0,0,0,0,0,0,20,9,124,0,21.4,124
00-0034407,R.McCloud,WR,CAR,2019,22.88,6,0,0,0,0,0,0,0,0,0,0,0,0,0.0,0
00-0034407,R.McCloud,WR,PIT,2020,23.88,16,0,0,0,0,0,4,65,0,22,20,77,0,34.2,142
00-0034407,R.McCloud,WR,PIT,2021,24.88,16,0,0,0,0,0,2,15,0,66,39,277,0,68.2,292
00-0034407,R.McCloud,WR,SF,2022,25.88,17,0,0,0,0,0,4,78,1,25,14,243,1,58.1,321
00-0034407,R.McCloud,WR,SF,2023,26.88,12,0,0,0,0,0,3,30,0,15,12,135,0,28.5,165
00-0034407,R.McCloud,WR,ATL,2024,27.88,17,0,0,0,0,0,10,79,0,87,62,686,1,142.5,765
00-0034407,R.McCloud,WR,ATL,2025,28.88,6,0,0,0,0,0,0,0,0,15,7,69,0,13.900000000000002,69
00-0034411,R.Gage,WR,ATL,2019,23.61,14,0,0,0,0,0,4,12,0,74,49,446,1,100.80000000000001,458
00-0034411,R.Gage,WR,ATL,2020,24.61,16,1,2,39,1,0,2,9,0,109,72,786,4,181.06,795
00-0034411,R.Gage,WR,ATL,2021,25.61,13,0,0,0,0,0,0,0,0,94,66,770,4,163.0,770
00-0034411,R.Gage,WR,TB,2022,26.61,13,0,0,0,0,0,0,0,0,70,51,426,5,123.60000000000001,426
00-0034412,L.Falk,QB,NYJ,2019,24.68,3,47,73,416,0,3,0,0,0,0,0,0,0,8.64,0
00-0034414,B.Scott,RB,PHI,2019,24.35,9,0,0,0,0,0,61,245,5,26,24,204,0,98.9,449
00-0034414,B.Scott,RB,PHI,2020,25.35,16,0,0,0,0,0,80,374,1,36,25,212,1,95.60000000000001,586
00-0034414,B.Scott,RB,PHI,2021,26.35,11,0,0,0,0,0,87,373,7,16,13,83,0,98.6,456
00-0034414,B.Scott,RB,PHI,2022,27.35,15,0,0,0,0,0,54,217,3,6,5,15,0,46.2,232
00-0034414,B.Scott,RB,PHI,2023,28.35,12,0,0,0,0,0,20,86,0,6,4,52,0,17.8,138
00-0034418,C.Wilson,WR,DAL,2019,23.78,4,0,0,0,0,0,0,0,0,8,5,46,0,9.600000000000001,46
00-0034418,C.Wilson,WR,DAL,2020,24.78,13,2,2,23,1,0,3,-12,0,28,17,189,2,51.620000000000005,177
00-0034418,C.Wilson,WR,DAL,2021,25.78,14,3,3,88,0,0,2,11,0,61,45,602,6,147.82,613
00-0034418,C.Wilson,WR,MIA,2022,26.78,13,0,0,0,0,0,1,8,0,18,12,136,0,26.400000000000002,144
00-0034418,C.Wilson,WR,MIA,2023,27.78,11,0,0,0,0,0,0,0,0,38,22,296,3,69.6,296
00-0034418,C.Wilson,WR,NO,2024,28.78,13,1,1,21,1,0,0,0,0,27,20,211,1,51.94,211
00-0034418,C.Wilson,WR,MIA,2025,29.78,6,0,0,0,0,0,0,0,0,9,5,44,0,9.4,44
00-0034419,B.Berrios,WR,NYJ,2019,23.9,16,0,0,0,0,0,0,0,0,13,6,115,0,17.5,115
00-0034419,B.Berrios,WR,NYJ,2020,24.9,16,0,0,0,0,0,3,29,0,55,37,394,3,97.3,423
00-0034419,B.Berrios,WR,NYJ,2021,25.9,16,0,0,0,0,0,7,40,2,65,46,431,2,121.1,471
00-0034419,B.Berrios,WR,NYJ,2022,26.9,17,1,1,2,1,0,9,91,2,32,18,145,0,57.68,236
00-0034419,B.Berrios,WR,MIA,2023,27.9,16,0,0,0,0,0,1,11,0,33,27,238,1,57.9,249
00-0034419,B.Berrios,WR,MIA,2024,28.9,6,0,0,0,0,0,0,0,0,4,0,0,0,0.0,0
00-0034419,B.Berrios,WR,HOU,2025,29.9,4,0,0,0,0,0,0,0,0,8,6,37,0,9.700000000000001,37
00-0034426,J.Wims,WR,CHI,2019,24.97,11,0,0,0,0,0,0,0,0,39,18,186,1,42.6,186
00-0034426,J.Wims,WR,CHI,2020,25.97,10,0,0,0,0,0,1,2,0,12,6,48,1,17.0,50
00-0034432,B.Scarbrough,RB,DET,2019,22.92,6,0,0,0,0,0,89,377,1,4,1,5,0,43.2,382
00-0034432,B.Scarbrough,RB,SEA,2020,23.92,1,0,0,0,0,0,6,31,0,0,0,0,0,3.1,31
00-0034433,N.Bawden,RB,DET,2019,23.19,7,0,0,0,0,0,0,0,0,6,4,17,0,5.7,17
00-0034433,N.Bawden,RB,NYJ,2021,25.19,1,0,0,0,0,0,0,0,0,1,1,20,0,3.0,20
00-0034433,N.Bawden,RB,NYJ,2023,27.19,6,0,0,0,0,0,2,4,1,3,3,21,0,11.5,25
00-0034438,L.Woodside,QB,TEN,2020,25.6,5,1,3,7,0,0,7,10,0,0,0,0,0,1.28,10
00-0034438,L.Woodside,QB,TEN,2021,26.6,4,0,0,0,0,0,6,-6,0,0,0,0,0,-0.6000000000000001,-6
00-0034438,L.Woodside,QB,ATL,2023,28.6,1,3,4,27,0,1,1,6,0,0,0,0,0,-0.31999999999999984,6
00-0034439,R.Izzo,TE,NE,2019,23.7,6,0,0,0,0,0,0,0,0,9,6,114,1,23.4,114
00-0034439,R.Izzo,TE,NE,2020,24.7,10,0,0,0,0,0,0,0,0,20,13,199,0,30.900000000000002,199
00-0034440,J.Jackson,RB,LAC,2019,23.36,7,0,0,0,0,0,29,200,0,11,9,22,0,31.200000000000003,222
00-0034440,J.Jackson,RB,LAC,2020,24.36,8,0,0,0,0,0,59,270,0,24,19,173,0,65.3,443
00-0034440,J.Jackson,RB,LAC,2021,25.36,14,0,0,0,0,0,68,364,2,25,22,178,0,86.20000000000002,542
00-0034440,J.Jackson,RB,DET,2022,26.36,15,0,0,0,0,0,42,170,1,19,12,101,1,51.1,271
00-0034449,B.Howell,RB,HOU,2020,24.43,5,0,0,0,0,0,16,64,0,2,1,3,0,7.7,67
00-0034449,B.Howell,RB,LA,2021,25.43,5,0,0,0,0,0,5,11,0,0,0,0,0,1.1,11
00-0034449,G.Howell,RB,HOU,2019,23.43,8,0,0,0,0,0,5,10,0,0,0,0,0,1.0,10
00-0034457,J.Adams,RB,NYJ,2020,23.84,8,0,0,0,0,0,29,157,2,8,6,29,0,36.6,186
00-0034457,Jo.Adams,RB,NYJ,2019,22.84,2,0,0,0,0,0,8,12,0,0,0,0,0,1.2000000000000002,12
00-0034487,T.Sherfield,WR,ARI,2019,23.52,10,0,0,0,0,0,0,0,0,13,4,80,0,12.000000000000002,80
00-0034487,T.Sherfield,WR,ARI,2020,24.52,9,0,0,0,0,0,0,0,0,7,5,50,0,10.0,50
00-0034487,T.Sherfield,WR,SF,2021,25.52,12,0,0,0,0,0,0,0,0,20,9,87,1,23.7,87
00-0034487,T.Sherfield,WR,MIA,2022,26.52,16,0,0,0,0,0,0,0,0,51,30,417,2,83.7,417
00-0034487,T.Sherfield,WR,BUF,2023,27.52,11,0,0,0,0,0,0,0,0,22,11,86,1,25.6,86
00-0034487,T.Sherfield,WR,MIN,2024,28.52,13,0,0,0,0,0,0,0,0,9,8,83,1,22.3,83
00-0034487,T.Sherfield,WR,DEN,2025,29.52,4,0,0,0,0,0,0,0,0,5,3,21,0,5.1,21
00-0034510,R.Foster,WR,BUF,2019,25.32,10,0,0,0,0,0,2,29,0,18,3,64,0,12.3,93
00-0034510,R.Foster,WR,WAS,2020,26.32,3,0,0,0,0,0,0,0,0,6,2,37,0,5.7,37
00-0034521,A.Lazard,WR,GB,2019,23.72,12,0,0,0,0,0,1,21,0,52,35,477,3,102.8,498
00-0034521,A.Lazard,WR,GB,2020,24.72,10,0,0,0,0,0,2,17,0,46,33,451,3,97.80000000000001,468
00-0034521,A.Lazard,WR,GB,2021,25.72,14,0,0,0,0,0,3,32,0,60,40,513,8,142.5,545
00-0034521,A.Lazard,WR,GB,2022,26.72,15,0,0,0,0,0,2,0,0,100,60,788,6,174.8,788
00-0034521,A.Lazard,WR,NYJ,2023,27.72,14,0,0,0,0,0,0,0,0,49,23,311,1,60.1,311
00-0034521,A.Lazard,WR,NYJ,2024,28.72,12,0,1,0,0,0,0,0,0,61,37,530,6,126.0,530
00-0034521,A.Lazard,WR,NYJ,2025,29.72,9,0,0,0,0,0,0,0,0,18,10,70,1,23.0,70
00-0034575,D.Wells,TE,TB,2023,28.33,1,0,0,0,0,0,0,0,0,2,2,-10,0,1.0,-10
00-0034577,K.Allen,QB,CAR,2019,23.48,13,303,489,3322,17,16,32,106,2,0,0,0,0,177.48,106
00-0034577,K.Allen,QB,WAS,2020,24.48,4,60,87,610,4,1,7,26,1,0,0,0,0,45.0,26
00-0034577,K.Allen,QB,WAS,2021,25.48,2,12,19,120,1,0,2,11,0,0,0,0,0,7.9,11
00-0034577,K.Allen,QB,HOU,2022,26.48,2,46,78,416,2,4,6,13,0,0,0,0,0,15.940000000000001,13
00-0034577,K.Allen,QB,BUF,2023,27.48,6,0,0,0,0,0,13,-13,0,0,0,0,0,-1.3,-13
00-0034577,K.Allen,QB,PIT,2024,28.48,1,1,1,19,0,0,0,0,0,0,0,0,0,0.76,0
00-0034577,K.Allen,QB,DET,2025,29.48,2,0,2,0,0,0,3,-3,0,0,0,0,0,-0.30000000000000004,-3
00-0034578,R.Bonnafon,RB,CAR,2019,23.66,11,0,0,0,0,0,16,116,1,9,6,57,0,29.3,173
00-0034578,R.Bonnafon,RB,CAR,2020,24.66,2,0,0,0,0,0,12,69,0,2,2,18,1,16.700000000000003,87
00-0034578,R.Bonnafon,RB,CAR,2021,25.66,1,0,0,0,0,0,1,4,0,2,2,12,0,3.6,16
00-0034578,R.Bonnafon,RB,WAS,2022,26.66,1,0,0,0,0,0,3,8,0,0,0,0,0,0.8,8
00-0034593,C.Lacy,WR,DET,2019,23.59,4,0,0,0,0,0,0,0,0,10,3,60,0,9.0,60
00-0034597,R.Nall,RB,CHI,2019,23.68,4,0,0,0,0,0,2,8,0,0,0,0,0,0.8,8
00-0034597,R.Nall,RB,CHI,2020,24.68,9,0,0,0,0,0,3,0,0,9,8,67,1,20.7,67
00-0034597,R.Nall,RB,CHI,2021,25.68,5,0,0,0,0,0,1,4,0,1,1,4,0,1.7999999999999998,8
00-0034613,T.Hudson,TE,TB,2019,24.8,4,0,0,0,0,0,0,0,0,5,2,26,0,4.6000000000000005,26
00-0034613,T.Hudson,TE,TB,2020,25.8,4,0,0,0,0,0,0,0,0,7,3,41,0,7.1,41
00-0034613,T.Hudson,TE,NYG,2022,27.8,6,0,0,0,0,0,0,0,0,15,10,132,0,23.200000000000003,132
00-0034613,T.Hudson,TE,CIN,2023,28.8,12,0,0,0,0,0,0,0,0,50,39,352,1,80.2,352
00-0034613,T.Hudson,TE,CIN,2024,29.8,9,0,0,0,0,0,1,1,0,23,19,154,1,38.5,155
00-0034613,T.Hudson,TE,CIN,2025,30.8,10,0,0,0,0,0,0,0,0,24,19,168,2,47.8,168
00-0034614,G.Igwebuike,RB,DET,2021,,15,0,0,0,0,0,18,118,1,10,7,60,0,26.800000000000004,178
00-0034614,G.Igwebuike,RB,SEA,2022,,5,0,0,0,0,0,3,4,0,1,1,3,0,1.7000000000000002,7
00-0034614,G.Igwebuike,RB,PIT,2023,,7,0,0,0,0,0,0,0,0,0,0,0,0,0.0,0
00-0034631,V.Smith,WR,NYJ,2019,23.23,13,0,0,0,0,0,3,52,1,31,17,225,0,50.7,277
00-0034631,V.Smith,WR,NYJ,2020,24.23,4,0,0,0,0,0,0,0,0,3,1,13,0,2.3,13
00-0034631,V.Smith,WR,NYJ,2021,25.23,1,0,0,0,0,0,0,0,0,1,0,0,0,0.0,0
00-0034646,B.Powell,WR,ATL,2020,24.97,15,0,0,0,0,0,2,7,0,18,12,69,2,29.6,76
00-0034646,B.Powell,WR,LA,2021,25.97,6,0,0,0,0,0,0,0,0,0,0,0,0,6.0,0
00-0034646,B.Powell,WR,LA,2022,26.97,17,0,0,0,0,0,17,80,0,32,24,156,0,47.6,236
00-0034646,B.Powell,WR,MIN,2023,27.97,17,0,0,0,0,0,5,17,0,44,29,324,1,69.1,341
00-0034646,B.Powell,WR,MIN,2024,28.97,16,0,0,0,0,0,0,0,0,10,7,71,0,14.1,71
00-0034652,C.Batson,WR,TEN,2020,24.7,10,0,0,0,0,0,4,20,0,13,12,100,1,30.0,120
00-0034652,C.Batson,WR,TEN,2021,25.7,4,0,0,0,0,0,2,15,0,5,2,15,1,11.0,30
00-0034653,D.Burnett,WR,PHI,2019,21.91,1,0,0,0,0,0,0,0,0,4,2,48,0,6.800000000000001,48
00-0034653,D.Burnett,WR,PHI,2020,22.91,1,0,0,0,0,0,0,0,0,4,3,19,0,4.9,19
00-0034654,D.Dawkins,RB,TEN,2019,24.68,2,0,0,0,0,0,11,26,0,1,0,0,0,2.6000000000000005,26
00-0034660,R.Gafford,WR,LV,2019,23.27,3,0,0,0,0,0,0,0,0,2,2,66,1,14.600000000000001,66
00-0034660,R.Gafford,WR,LV,2020,24.27,3,0,0,0,0,0,0,0,0,2,0,0,0,0.0,0
00-0034669,J.Veasy,WR,HOU,2021,26.19,1,0,0,0,0,0,0,0,0,0,0,0,0,0.0,0
00-0034672,E.Wolf,TE,NO,2021,25.82,1,0,0,0,0,0,0,0,0,2,2,8,0,2.8,8
00-0034676,J.Washington,WR,PIT,2019,23.42,15,0,0,0,0,0,0,0,0,80,44,735,3,133.5,735
00-0034676,J.Washington,WR,PIT,2020,24.42,16,0,0,0,0,0,0,0,0,56,30,392,5,99.2,392
00-0034676,J.Washington,WR,PIT,2021,25.42,15,0,0,0,0,0,2,13,0,44,24,285,2,65.8,298
00-0034676,J.Washington,WR,DAL,2022,26.42,1,0,0,0,0,0,0,0,0,1,0,0,0,0.0,0
00-0034679,M.Walton,RB,MIA,2019,22.42,7,0,0,0,0,0,53,201,0,21,15,89,0,42.0,290
00-0034681,C.Edmonds,RB,ARI,2019,23.39,12,0,0,0,0,0,60,303,4,21,12,105,1,82.8,408
00-0034681,C.Edmonds,RB,ARI,2020,24.39,16,0,0,0,0,0,97,448,1,67,53,402,4,168.0,850
00-0034681,C.Edmonds,RB,ARI,2021,25.39,12,0,0,0,0,0,116,592,2,53,43,311,0,143.3,903
00-0034681,C.Edmonds,RB,MIA,2022,26.39,13,0,0,0,0,0,68,245,2,24,16,157,1,74.2,402
00-0034681,C.Edmonds,RB,TB,2023,27.39,13,0,0,0,0,0,49,176,0,17,14,81,0,39.7,257
00-0034681,C.Edmonds,RB,WAS,2025,29.39,3,0,0,0,0,0,0,0,0,0,0,0,0,0.0,0
00-0034686,A.Tate,WR,CIN,2019,22.58,12,0,0,0,0,0,0,0,0,80,40,575,1,101.5,575
00-0034686,A.Tate,WR,CIN,2020,23.58,8,0,0,0,0,0,0,0,0,22,14,150,0,29.0,150
00-0034686,A.Tate,WR,CIN,2021,24.58,4,0,0,0,0,0,0,0,0,4,3,39,1,12.9,39
00-0034705,J.Franklin,WR,TB,2019,24.95,1,0,0,0,0,0,1,11,0,0,0,0,0,1.1,11
00-0034710,D.Kidsy,WR,WAS,2019,24.45,1,0,0,0,0,0,0,0,0,0,0,0,0,0.0,0
00-0034735,C.McElroy,TE,TB,2019,26.72,1,0,0,0,0,0,0,0,0,1,1,30,0,4.0,30
00-0034735,C.McElroy,TE,TB,2021,28.72,1,0,0,0,0,0,0,0,0,1,0,0,0,0.0,0
00-0034747,M.Ateman,WR,LV,2019,24.96,4,0,0,0,0,0,0,0,0,10,5,116,0,14.600000000000001,116
00-0034750,R.Penny,RB,SEA,2019,23.58,9,0,0,0,0,0,65,370,3,11,8,83,1,75.3,453
00-0034750,R.Penny,RB,SEA,2020,24.58,3,0,0,0,0,0,11,34,0,0,0,0,0,3.4000000000000004,34
00-0034750,R.Penny,RB,SEA,2021,25.58,10,0,0,0,0,0,119,749,6,8,6,48,0,121.7,797
00-0034750,R.Penny,RB,SEA,2022,26.58,5,0,0,0,0,0,57,346,2,5,4,16,0,52.2,362
00-0034750,R.Penny,RB,PHI,2023,27.58,3,0,0,0,0,0,11,33,0,1,1,5,0,4.800000000000001,38
00-0034753,M.Andrews,TE,BAL,2019,23.99,15,0,0,0,0,0,0,0,0,98,64,852,10,207.2,852
00-0034753,M.Andrews,TE,BAL,2020,24.99,14,0,0,0,0,0,0,0,0,88,58,701,7,170.10000000000002,701
00-0034753,M.Andrews,TE,BAL,2021,25.99,17,0,0,0,0,0,1,0,0,153,107,1361,9,301.1,1361
00-0034753,M.Andrews,TE,BAL,2022,26.99,15,0,0,0,0,0,3,8,0,113,73,847,5,190.5,855
00-0034753,M.Andrews,TE,BAL,2023,27.99,10,0,0,0,0,0,1,0,0,61,45,544,6,135.4,544
00-0034753,M.Andrews,TE,BAL,2024,28.99,17,0,0,0,0,0,4,5,0,69,55,673,11,188.8,678
00-0034753,M.Andrews,TE,BAL,2025,29.99,17,0,0,0,0,0,10,48,1,70,48,422,5,131.0,470
00-0034764,M.Gallup,WR,DAL,2019,23.49,14,0,0,0,0,0,0,0,0,113,66,1107,6,212.7,1107
00-0034764,M.Gallup,WR,DAL,2020,24.49,16,0,0,0,0,0,0,0,0,105,59,843,5,173.3,843
00-0034764,M.Gallup,WR,DAL,2021,25.49,9,0,0,0,0,0,0,0,0,62,35,445,2,91.5,445
00-0034764,M.Gallup,WR,DAL,2022,26.49,14,0,0,0,0,0,0,0,0,74,39,424,4,105.4,424
00-0034764,M.Gallup,WR,DAL,2023,27.49,16,0,0,0,0,0,0,0,0,57,34,418,2,87.8,418
00-0034765,T.Smith,WR,NO,2019,23.65,10,0,0,0,0,0,0,0,0,25,18,234,5,71.4,234
00-0034765,T.Smith,WR,NO,2020,24.65,13,0,0,0,0,0,1,3,0,50,34,448,4,103.1,451
00-0034765,T.Smith,WR,NO,2021,25.65,10,0,0,0,0,0,0,0,0,50,32,377,3,87.7,377
00-0034765,T.Smith,WR,NO,2022,26.65,10,0,0,0,0,0,0,0,0,27,19,278,1,52.800000000000004,278
00-0034766,C.Herndon,TE,NYJ,2019,23.52,1,0,0,0,0,0,0,0,0,2,1,7,0,1.7000000000000002,7
00-0034766,C.Herndon,TE,NYJ,2020,24.52,12,0,0,0,0,0,0,0,0,45,31,287,3,73.7,287
00-0034766,C.Herndon,TE,MIN,2021,25.52,6,0,0,0,0,0,0,0,0,7,4,40,1,14.0,40
00-0034771,M.Rudolph,QB,PIT,2019,24.21,10,176,283,1765,13,9,21,42,0,0,0,0,0,108.8,42
00-0034771,M.Rudolph,QB,PIT,2020,25.21,4,25,43,324,2,1,7,-6,0,0,0,0,0,18.360000000000003,-6
00-0034771,M.Rudolph,QB,PIT,2021,26.21,2,35,58,277,1,1,5,53,0,0,0,0,0,18.38,53
00-0034771,M.Rudolph,QB,PIT,2023,28.21,4,55,74,719,3,0,10,8,0,0,0,0,0,39.56,8
00-0034771,M.Rudolph,QB,TEN,2024,29.21,8,146,228,1530,9,9,25,106,1,0,0,0,0,95.8,106
00-0034771,M.Rudolph,QB,PIT,2025,30.21,5,38,52,310,2,2,7,6,0,0,0,0,0,15.0,6
00-0034772,A.Callaway,WR,CLE,2019,22.65,4,0,0,0,0,0,0,0,0,15,8,89,0,16.900000000000002,89
00-0034772,A.Callaway,WR,MIA,2020,23.65,4,0,0,0,0,0,0,0,0,4,2,20,0,4.0,20
00-0034775,C.Kirk,WR,ARI,2019,22.79,13,0,0,0,0,0,10,93,0,108,68,709,3,168.2,802
00-0034775,C.Kirk,WR,ARI,2020,23.79,14,0,0,0,0,0,2,3,0,79,48,621,6,146.4,624
00-0034775,C.Kirk,WR,ARI,2021,24.79,17,1,1,33,0,0,1,11,0,103,77,982,5,207.62,993
00-0034775,C.Kirk,WR,JAX,2022,25.79,17,0,1,0,0,0,5,11,0,133,84,1108,8,241.9,1119
00-0034775,C.Kirk,WR,JAX,2023,26.79,12,1,2,-1,0,0,1,6,0,85,57,787,3,150.26,793
00-0034775,C.Kirk,WR,JAX,2024,27.79,8,0,0,0,0,0,0,0,0,47,27,379,1,70.9,379
00-0034775,C.Kirk,WR,HOU,2025,28.79,11,0,0,0,0,0,0,0,0,52,28,239,1,57.9,239
00-0034777,D.Chark,WR,JAX,2019,22.94,15,0,0,0,0,0,0,0,0,44,30,528,5,112.80000000000001,528
00-0034777,D.Chark,WR,JAX,2020,23.94,13,0,0,0,0,0,0,0,0,7,7,109,1,23.9,109
00-0034777,D.Chark,WR,JAX,2021,24.94,3,0,0,0,0,0,0,0,0,22,7,154,2,34.400000000000006,154
00-0034777,D.Chark,WR,DET,2022,25.94,11,0,0,0,0,0,0,0,0,52,30,502,3,98.2,502
00-0034777,D.Chark,WR,CAR,2023,26.94,14,0,0,0,0,0,0,0,0,66,35,525,5,115.5,525
00-0034777,D.Chark,WR,LAC,2024,27.94,4,0,0,0,0,0,0,0,0,10,4,31,1,13.1,31
00-0034777,D.Chark Jr.,WR,JAX,2019,22.94,15,0,0,0,0,0,2,20,0,74,43,480,3,113.0,500
00-0034777,D.Chark Jr.,WR,JAX,2020,23.94,13,0,0,0,0,0,0,0,0,86,46,597,4,129.7,597
00-0034788,J.Graham,TE,ATL,2019,23.89,10,0,0,0,0,0,0,0,0,10,9,149,1,29.900000000000002,149
00-0034788,J.Graham,TE,ATL,2020,24.89,8,0,0,0,0,0,0,0,0,5,3,25,0,5.5,25
00-0034791,N.Chubb,RB,CLE,2019,23.68,16,0,0,0,0,0,298,1494,8,49,36,278,0,255.20000000000002,1772
00-0034791,N.Chubb,RB,CLE,2020,24.68,12,0,0,0,0,0,190,1067,12,18,16,150,0,207.70000000000002,1217
00-0034791,N.Chubb,RB,CLE,2021,25.68,14,0,0,0,0,0,228,1259,8,25,20,174,1,215.3,1433
00-0034791,N.Chubb,RB,CLE,2022,26.68,17,0,0,0,0,0,302,1525,12,37,27,239,1,281.4,1764
00-0034791,N.Chubb,RB,CLE,2023,27.68,2,0,0,0,0,0,28,170,0,4,4,21,0,23.1,191
00-0034791,N.Chubb,RB,CLE,2024,28.68,8,0,0,0,0,0,102,332,3,11,5,31,1,63.3,363
00-0034791,N.Chubb,RB,HOU,2025,29.68,15,0,0,0,0,0,122,506,3,20,13,67,0,88.3,573
00-0034796,L.Jackson,QB,BAL,2019,22.65,15,265,401,3127,36,6,176,1206,7,0,0,0,0,415.68,1206
00-0034796,L.Jackson,QB,BAL,2020,23.65,15,242,376,2757,26,9,159,1005,7,0,0,0,0,332.78000000000003,1005
00-0034796,L.Jackson,QB,BAL,2021,24.65,12,246,382,2882,16,13,133,767,2,0,0,0,0,239.98000000000002,767
00-0034796,L.Jackson,QB,BAL,2022,25.65,12,203,326,2242,17,7,112,764,3,0,0,0,0,236.08,764
00-0034796,L.Jackson,QB,BAL,2023,26.65,16,307,457,3678,24,7,148,821,5,0,0,0,0,331.22,821
00-0034796,L.Jackson,QB,BAL,2024,27.65,17,316,474,4172,41,4,139,915,4,0,0,0,0,430.38000000000005,915
00-0034796,L.Jackson,QB,BAL,2025,28.65,13,192,302,2549,21,7,67,349,2,0,0,0,0,214.85999999999999,349
00-0034798,D.Smythe,TE,MIA,2019,24.06,12,0,0,0,0,0,0,0,0,14,7,65,0,13.5,65
00-0034798,D.Smythe,TE,MIA,2020,25.06,13,0,0,0,0,0,0,0,0,29,26,208,2,58.800000000000004,208
00-0034798,D.Smythe,TE,MIA,2021,26.06,16,0,0,0,0,0,2,3,0,41,34,357,0,70.0,360
00-0034798,D.Smythe,TE,MIA,2022,27.06,13,0,0,0,0,0,2,1,1,20,15,129,1,40.0,130
00-0034798,D.Smythe,TE,MIA,2023,28.06,13,0,0,0,0,0,0,0,0,43,35,366,0,71.60000000000001,366
00-0034798,D.Smythe,TE,MIA,2024,29.06,14,0,0,0,0,0,0,0,0,17,9,53,0,14.3,53
00-0034798,D.Smythe,TE,CHI,2025,30.06,7,0,0,0,0,0,0,0,0,6,4,25,0,6.5,25
00-0034799,K.Ballage,RB,MIA,2019,23.69,12,0,0,0,0,0,74,135,3,24,14,63,0,51.800000000000004,198
00-0034799,K.Ballage,RB,LAC,2020,24.69,11,0,0,0,0,0,91,303,3,37,29,166,0,93.9,469
00-0034799,K.Ballage,RB,PIT,2021,25.69,8,0,0,0,0,0,12,36,0,7,2,8,0,6.4,44
00-0034808,J.Kelly,RB,LA,2019,22.91,1,0,0,0,0,0,3,9,0,0,0,0,0,0.9,9
00-0034808,J.Kelly,RB,CLE,2021,24.91,1,0,0,0,0,0,2,13,0,0,0,0,0,1.3,13
00-0034808,J.Kelly,RB,BAL,2024,27.91,1,0,0,0,0,0,0,0,0,0,0,0,0,0.0,0
00-0034816,R.Jones,RB,TB,2019,22.08,16,0,0,0,0,0,172,724,6,40,31,309,0,166.3,1033
00-0034816,R.Jones,RB,TB,2020,23.08,14,0,0,0,0,0,192,978,7,42,28,165,1,186.3,1143
00-0034816,R.Jones,RB,TB,2021,24.08,15,0,0,0,0,0,101,428,4,13,10,64,0,79.2,492
00-0034816,R.Jones,RB,KC,2022,25.08,5,0,0,0,0,0,17,70,1,1,1,22,0,16.2,92
00-0034827,D.Moore,WR,CAR,2019,22.38,15,0,0,0,0,0,6,40,0,135,87,1175,4,230.5,1215
00-0034827,D.Moore,WR,CAR,2020,23.38,15,0,1,0,0,0,2,22,0,118,66,1193,4,211.5,1215
00-0034827,D.Moore,WR,CAR,2022,25.38,17,0,0,0,0,0,10,53,0,118,63,888,7,199.10000000000002,941
00-0034827,D.Moore,WR,CHI,2023,26.38,17,0,0,0,0,0,4,21,1,136,96,1364,8,286.5,1385
00-0034827,D.Moore,WR,CHI,2024,27.38,17,0,1,0,0,0,14,75,0,140,98,966,6,238.1,1041
00-0034827,D.Moore,WR,CHI,2025,28.38,17,1,1,2,1,0,15,79,1,85,50,682,6,172.18,761
00-0034827,Dj.Moore,WR,CAR,2021,24.38,17,0,0,0,0,0,8,48,0,163,93,1157,4,237.5,1205
00-0034829,M.Gesicki,TE,MIA,2019,23.91,15,0,0,0,0,0,0,0,0,89,51,570,5,136.0,570
00-0034829,M.Gesicki,TE,MIA,2020,24.91,15,0,0,0,0,0,0,0,0,85,53,703,6,159.3,703
00-0034829,M.Gesicki,TE,MIA,2021,25.91,17,0,1,0,0,0,0,0,0,112,73,780,2,165.0,780
00-0034829,M.Gesicki,TE,MIA,2022,26.91,17,0,0,0,0,0,0,0,0,52,32,362,5,98.2,362
00-0034829,M.Gesicki,TE,NE,2023,27.91,15,0,0,0,0,0,0,0,0,45,29,244,2,65.4,244
00-0034829,M.Gesicki,TE,CIN,2024,28.91,16,0,0,0,0,0,0,0,0,83,65,665,2,141.5,665
00-0034829,M.Gesicki,TE,CIN,2025,29.91,12,0,0,0,0,0,0,0,0,42,28,307,2,70.7,307
00-0034830,H.Hurst,TE,BAL,2019,26.02,16,0,0,0,0,0,0,0,0,39,30,349,2,76.9,349
00-0034830,H.Hurst,TE,ATL,2020,27.02,16,0,0,0,0,0,0,0,0,88,56,571,6,149.1,571
00-0034830,H.Hurst,TE,ATL,2021,28.02,12,0,0,0,0,0,0,0,0,31,26,221,3,64.1,221
00-0034830,H.Hurst,TE,CIN,2022,29.02,13,0,0,0,0,0,0,0,0,68,52,414,2,105.4,414
00-0034830,H.Hurst,TE,CAR,2023,30.02,9,0,0,0,0,0,0,0,0,32,18,184,1,42.400000000000006,184
00-0034830,H.Hurst,TE,LAC,2024,31.02,7,0,0,0,0,0,0,0,0,13,8,73,0,15.3,73
00-0034837,C.Ridley,WR,ATL,2019,24.7,13,0,0,0,0,0,2,34,0,93,63,866,7,197.0,900
00-0034837,C.Ridley,WR,ATL,2020,25.7,15,0,0,0,0,0,5,1,0,143,90,1374,9,281.5,1375
00-0034837,C.Ridley,WR,ATL,2021,26.7,5,0,0,0,0,0,0,0,0,52,31,281,2,71.10000000000001,281
00-0034837,C.Ridley,WR,JAX,2023,28.7,17,0,0,0,0,0,9,23,0,136,76,1016,8,229.9,1039
00-0034837,C.Ridley,WR,TEN,2024,29.7,17,0,0,0,0,0,8,55,1,120,64,1017,4,199.20000000000002,1072
00-0034837,C.Ridley,WR,TEN,2025,30.7,7,0,0,0,0,0,0,0,0,36,17,303,0,47.3,303
00-0034838,R.Freeman,RB,DEN,2019,23.52,16,0,0,0,0,0,132,496,3,50,43,256,1,142.2,752
00-0034838,R.Freeman,RB,DEN,2020,24.52,11,0,0,0,0,0,35,170,0,13,12,81,0,37.1,251
00-0034838,R.Freeman,RB,CAR,2021,25.52,12,0,0,0,0,0,56,169,0,16,10,77,0,34.6,246
00-0034838,R.Freeman,RB,HOU,2022,26.52,4,0,0,0,0,0,41,117,0,8,6,33,0,19.0,150
00-0034838,R.Freeman,RB,LA,2023,27.52,11,0,0,0,0,0,77,319,2,2,1,13,0,46.2,332
00-0034844,S.Barkley,RB,NYG,2019,22.56,13,0,0,0,0,0,217,1003,6,73,52,438,2,244.10000000000002,1441
00-0034844,S.Barkley,RB,NYG,2020,23.56,2,0,0,0,0,0,19,34,0,9,6,60,0,15.400000000000002,94
00-0034844,S.Barkley,RB,NYG,2021,24.56,13,0,0,0,0,0,162,593,2,57,41,263,2,148.6,856
00-0034844,S.Barkley,RB,NYG,2022,25.56,16,0,0,0,0,0,295,1312,10,76,57,338,0,284.0,1650
00-0034844,S.Barkley,RB,NYG,2023,26.56,14,0,0,0,0,0,247,962,6,60,41,280,4,223.20000000000002,1242
00-0034844,S.Barkley,RB,PHI,2024,27.56,16,0,0,0,0,0,345,2005,13,43,33,278,2,355.3,2283
00-0034844,S.Barkley,RB,PHI,2025,28.56,16,0,0,0,0,0,280,1140,7,50,37,273,2,232.3,1413
00-0034845,S.Michel,RB,NE,2019,24.54,16,0,0,0,0,0,247,912,7,20,12,94,0,152.6,1006
00-0034845,S.Michel,RB,NE,2020,25.54,8,0,0,0,0,0,79,449,1,9,7,114,1,75.30000000000001,563
00-0034845,S.Michel,RB,LA,2021,26.54,17,0,0,0,0,0,208,845,4,33,21,128,1,146.3,973
00-0034845,S.Michel,RB,LAC,2022,27.54,10,0,0,0,0,0,36,106,0,13,9,53,0,24.900000000000002,159
00-0034854,K.Hodge,WR,CLE,2019,24.66,12,0,0,0,0,0,0,0,0,10,4,76,0,11.600000000000001,76
00-0034854,K.Hodge,WR,CLE,2020,25.66,7,0,0,0,0,0,0,0,0,17,11,180,0,29.0,180
00-0034854,K.Hodge,WR,DET,2021,26.66,12,0,0,0,0,0,0,0,0,27,13,157,0,30.700000000000003,157
00-0034854,K.Hodge,WR,ATL,2022,27.66,13,0,0,0,0,0,0,0,0,20,13,202,1,41.2,202
00-0034854,K.Hodge,WR,ATL,2023,28.66,14,0,0,0,0,0,1,0,0,23,14,232,0,37.2,232
00-0034854,K.Hodge,WR,ATL,2024,29.66,10,0,0,0,0,0,0,0,0,12,7,131,1,26.099999999999998,131
00-0034854,K.Hodge,WR,ATL,2025,30.66,8,0,0,0,0,0,0,0,0,10,3,31,0,6.1,31
00-0034855,B.Mayfield,QB,CLE,2019,24.38,16,317,534,3827,22,21,28,141,3,0,0,0,0,229.18,141
00-0034855,B.Mayfield,QB,CLE,2020,25.38,16,305,486,3563,26,8,54,165,1,1,1,6,0,248.62,171
00-0034855,B.Mayfield,QB,CLE,2021,26.38,14,253,418,3010,17,13,37,134,1,0,0,11,0,180.9,145
00-0034855,B.Mayfield,QB,CAR,2022,27.38,12,201,335,2163,10,8,31,89,1,0,0,0,0,121.42,89
00-0034855,B.Mayfield,QB,TB,2023,28.38,17,364,566,4044,28,10,62,163,1,0,0,0,0,274.06,163
00-0034855,B.Mayfield,QB,TB,2024,29.38,17,407,570,4500,41,16,60,378,3,0,0,0,0,365.8,378
00-0034855,B.Mayfield,QB,TB,2025,30.38,17,343,543,3693,26,11,55,382,1,0,0,0,0,271.92,382
00-0034857,J.Allen,QB,BUF,2019,23.28,16,214,367,2407,16,9,88,414,5,0,0,0,0,211.68,414
00-0034857,J.Allen,QB,BUF,2020,24.28,16,396,572,4544,37,10,102,421,8,1,1,12,1,396.06,433
00-0034857,J.Allen,QB,BUF,2021,25.28,17,377,603,4049,32,15,118,754,5,0,0,0,0,365.36,754
00-0034857,J.Allen,QB,BUF,2022,26.28,16,359,567,4283,35,14,124,762,7,0,0,0,0,395.52,762
00-0034857,J.Allen,QB,BUF,2023,27.28,17,385,579,4306,29,18,111,524,15,0,0,0,0,392.64,524
00-0034857,J.Allen,QB,BUF,2024,28.28,16,307,483,3731,28,6,102,531,12,0,0,7,1,379.04,538
00-0034857,J.Allen,QB,BUF,2025,29.28,16,319,460,3668,25,10,112,579,14,0,0,0,0,364.62,579
00-0034857,Jos.Allen,QB,BUF,2019,23.28,16,57,94,682,4,0,21,96,4,0,0,0,0,76.88000000000001,96
00-0034857,Jos.Allen,QB,BUF,2021,25.28,17,32,43,358,4,0,4,9,1,0,0,0,0,37.22,9
00-0034860,D.Pettis,WR,SF,2019,23.86,9,1,1,16,0,0,0,0,0,24,11,109,2,34.54,109
00-0034860,D.Pettis,WR,SF,2020,24.86,6,0,0,0,0,0,0,0,0,6,4,76,1,17.6,76
00-0034860,D.Pettis,WR,NYG,2021,25.86,3,1,1,16,0,0,0,0,0,16,10,87,1,25.34,87
00-0034860,D.Pettis,WR,CHI,2022,26.86,17,0,0,0,0,0,2,37,0,41,19,245,3,65.2,282
00-0034860,D.Pettis,WR,NO,2024,28.86,8,0,0,0,0,0,0,0,0,28,12,120,1,32.0,120
00-0034860,D.Pettis,WR,NO,2025,29.86,8,0,0,0,0,0,0,0,0,11,9,127,0,19.700000000000003,127
00-0034867,M.Turner,WR,SEA,2019,23.59,11,0,0,0,0,0,0,0,0,22,15,245,1,45.5,245
00-0034867,M.Turner,WR,DAL,2020,24.59,1,0,0,0,0,0,0,0,0,0,0,0,0,0.0,0
00-0034867,M.Turner,WR,DAL,2021,25.59,7,0,0,0,0,0,0,0,0,16,12,149,3,44.900000000000006,149
00-0034867,M.Turner,WR,SF,2022,26.59,2,0,0,0,0,0,0,0,0,0,0,0,0,0.0,0
00-0034867,M.Turner,WR,SF,2025,29.59,2,0,0,0,0,0,0,0,0,1,0,0,0,0.0,0
00-0034869,S.Darnold,QB,NYJ,2019,22.24,13,273,441,3024,19,13,33,62,2,0,0,0,0,189.16,62
00-0034869,S.Darnold,QB,NYJ,2020,23.24,12,217,364,2208,9,11,37,217,2,0,0,0,0,134.02,217
00-0034869,S.Darnold,QB,CAR,2021,24.24,12,243,406,2527,9,13,48,222,5,0,0,0,0,157.28,222
00-0034869,S.Darnold,QB,CAR,2022,25.24,6,82,140,1143,7,3,26,106,2,0,0,0,0,86.32,106
00-0034869,S.Darnold,QB,SF,2023,26.24,10,28,46,297,2,1,21,15,1,0,0,0,0,23.380000000000003,15
00-0034869,S.Darnold,QB,MIN,2024,27.24,17,361,545,4319,35,12,67,212,1,0,0,0,0,307.96,212
00-0034869,S.Darnold,QB,SEA,2025,28.24,17,323,477,4048,25,14,35,95,0,0,0,0,0,235.42,95
00-0034899,J.Wolford,QB,LA,2020,24.88,1,22,38,231,0,1,6,56,0,0,0,0,0,12.84,56
00-0034899,J.Wolford,QB,LA,2021,25.88,2,1,4,5,0,1,2,-1,0,0,0,0,0,-1.9000000000000001,-1
00-0034899,J.Wolford,QB,LA,2022,26.88,2,38,62,390,1,3,8,32,0,0,0,0,0,14.8,32
00-0034922,I.Hyman,WR,TB,2019,24.02,2,0,0,0,0,0,0,0,0,4,2,34,0,5.3999999999999995,34
00-0034928,S.Sims,WR,WAS,2019,22.42,16,0,1,0,0,0,9,85,1,56,34,310,4,109.5,395
00-0034928,S.Sims,WR,WAS,2020,23.42,12,0,0,0,0,0,1,18,0,37,27,265,1,61.300000000000004,283
00-0034928,S.Sims,WR,PIT,2022,25.42,12,0,0,0,0,0,13,70,0,23,14,104,0,31.400000000000002,174
00-0034928,S.Sims,WR,HOU,2023,26.42,3,0,0,0,0,0,1,1,0,3,3,25,0,5.6,26
00-0034928,S.Sims,WR,HOU,2024,27.42,9,0,0,0,0,0,1,0,0,0,0,0,0,0.0,0
00-0034928,S.Sims,WR,ARI,2025,28.42,3,0,0,0,0,0,0,0,0,1,0,0,0,0.0,0
00-0034930,T.Benson,WR,DET,2021,24.63,7,0,0,0,0,0,0,0,0,22,10,103,0,20.3,103
00-0034930,T.Benson,WR,DET,2022,25.63,1,0,0,0,0,0,0,0,0,0,0,0,0,0.0,0
00-0034955,B.Rypien,QB,DEN,2020,24.15,2,27,40,295,2,4,5,-5,0,0,0,0,0,11.3,-5
00-0034955,B.Rypien,QB,DEN,2021,25.15,1,0,2,0,0,0,0,0,0,0,0,0,0,0.0,0
00-0034955,B.Rypien,QB,DEN,2022,26.15,4,53,88,483,2,4,6,7,0,0,0,0,0,18.02,7
00-0034955,B.Rypien,QB,LA,2023,27.15,2,18,38,172,0,1,3,19,0,0,0,0,0,4.78,19
00-0034955,B.Rypien,QB,CIN,2025,29.15,1,0,0,0,0,0,0,0,0,0,0,0,0,0.0,0
00-0034959,A.Beck,RB,DEN,2019,23.3,11,1,1,6,0,0,1,3,0,12,9,90,1,24.54,93
00-0034959,A.Beck,RB,DEN,2021,25.3,1,0,0,0,0,0,0,0,0,0,0,0,0,0.0,0
00-0034959,A.Beck,RB,DEN,2022,26.3,9,0,0,0,0,0,2,0,0,11,5,69,0,11.9,69
00-0034959,A.Beck,RB,HOU,2023,27.3,12,0,0,0,0,0,5,3,1,13,11,55,2,38.8,58
00-0034959,A.Beck,RB,GB,2024,28.3,2,0,0,0,0,0,0,0,0,2,0,0,0,0.0,0
00-0034959,A.Beck,RB,NYJ,2025,29.3,11,0,0,0,0,0,1,5,0,9,6,45,2,23.0,50
00-0034960,J.Meyers,WR,NE,2019,22.81,11,0,0,0,0,0,0,0,0,41,26,359,0,61.9,359
00-0034960,J.Meyers,WR,NE,2020,23.81,12,2,2,43,2,0,2,9,0,81,59,729,0,142.52,738
00-0034960,J.Meyers,WR,NE,2021,24.81,16,2,2,45,0,0,1,9,0,126,83,866,2,186.3,875
00-0034960,J.Meyers,WR,NE,2022,25.81,14,0,0,0,0,0,2,-11,0,96,67,804,6,182.3,793
00-0034960,J.Meyers,WR,LV,2023,26.81,16,2,3,12,1,0,4,24,2,106,71,807,8,218.58,831
00-0034960,J.Meyers,WR,LV,2024,27.81,15,0,0,0,0,0,2,23,0,129,87,1027,4,218.0,1050
00-0034960,J.Meyers,WR,JAX,2025,28.81,16,0,0,0,0,0,5,13,0,110,75,835,3,175.8,848
00-0034970,I.Smith,TE,MIN,2019,21.06,14,0,0,0,0,0,0,0,0,47,36,311,2,79.1,311
00-0034970,I.Smith,TE,MIN,2020,22.06,13,0,0,0,0,0,0,0,0,43,30,365,5,98.5,365
00-0034970,I.Smith,TE,MIN,2022,24.06,8,0,0,0,0,0,0,0,0,36,25,182,2,55.2,182
00-0034970,I.Smith,TE,CIN,2023,25.06,10,0,0,0,0,0,0,0,0,26,18,115,1,33.5,115
00-0034972,A.Mattison,RB,MIN,2019,21.2,13,0,0,0,0,0,100,462,1,12,10,82,0,68.4,544
00-0034972,A.Mattison,RB,MIN,2020,22.2,13,0,0,0,0,0,96,434,2,15,13,125,1,86.9,559
00-0034972,A.Mattison,RB,MIN,2021,23.2,16,0,0,0,0,0,134,491,3,39,32,228,1,125.9,719
00-0034972,A.Mattison,RB,MIN,2022,24.2,17,0,0,0,0,0,74,283,5,18,15,91,1,88.4,374
00-0034972,A.Mattison,RB,MIN,2023,25.2,16,0,0,0,0,0,180,700,0,44,30,192,3,133.20000000000002,892
00-0034972,A.Mattison,RB,LV,2024,26.2,14,0,0,0,0,0,132,420,4,48,36,294,1,137.4,714
00-0034975,J.Hill,RB,BAL,2019,21.8,16,0,0,0,0,0,58,225,2,15,8,70,0,49.5,295
00-0034975,J.Hill,RB,BAL,2020,22.8,11,0,0,0,0,0,12,60,0,5,5,20,0,13.0,80
00-0034975,J.Hill,RB,BAL,2022,24.8,15,0,0,0,0,0,49,262,0,12,12,58,0,42.0,320
00-0034975,J.Hill,RB,BAL,2023,25.8,16,0,0,0,0,0,84,387,3,39,28,206,1,109.30000000000001,593
00-0034975,J.Hill,RB,BAL,2024,26.8,15,0,0,0,0,0,47,228,1,51,42,383,3,127.10000000000001,611
00-0034975,J.Hill,RB,BAL,2025,27.8,10,0,0,0,0,0,18,93,2,27,21,169,1,65.2,262
00-0034981,F.Moreau,TE,LV,2019,22.32,11,0,0,0,0,0,0,0,0,25,21,174,5,68.4,174
00-0034981,F.Moreau,TE,LV,2020,23.32,8,0,0,0,0,0,0,0,0,9,7,140,2,33.0,140
00-0034981,F.Moreau,TE,LV,2021,24.32,15,0,0,0,0,0,0,0,0,44,30,373,3,85.3,373
00-0034981,F.Moreau,TE,LV,2022,25.32,14,0,0,0,0,0,0,2,0,54,33,420,2,87.2,422
00-0034981,F.Moreau,TE,NO,2023,26.32,13,0,0,0,0,0,0,0,0,25,21,193,1,46.300000000000004,193
00-0034981,F.Moreau,TE,NO,2024,27.32,16,0,0,0,0,0,0,0,0,43,32,413,5,103.3,413
00-0034981,F.Moreau,TE,NO,2025,28.32,7,0,0,0,0,0,0,0,0,10,7,59,0,12.9,59
00-0034983,H.Renfrow,WR,LV,2019,23.7,13,0,0,0,0,0,0,0,0,71,49,605,4,133.5,605
00-0034983,H.Renfrow,WR,LV,2020,24.7,16,0,0,0,0,0,0,0,0,77,56,656,2,131.6,656
00-0034983,H.Renfrow,WR,LV,2021,25.7,17,0,0,0,0,0,3,3,0,128,103,1038,9,259.1,1041
00-0034983,H.Renfrow,WR,LV,2022,26.7,10,0,0,0,0,0,0,0,0,50,36,330,2,79.0,330
00-0034983,H.Renfrow,WR,LV,2023,27.7,14,0,0,0,0,0,0,0,0,37,25,255,0,48.5,255
00-0034983,H.Renfrow,WR,CAR,2025,29.7,6,0,0,0,0,0,0,0,0,26,15,89,2,35.900000000000006,89
00-0034988,K.Smith,TE,NYG,2019,22.36,7,0,0,0,0,0,0,0,0,42,31,268,3,75.8,268
00-0034988,K.Smith,TE,NYG,2020,23.36,15,0,0,0,0,0,0,0,0,21,18,112,0,29.2,112
00-0034988,K.Smith,TE,NYG,2021,24.36,4,0,0,0,0,0,0,0,0,3,3,33,0,6.300000000000001,33
00-0034995,D.Williams,RB,GB,2019,22.65,2,0,0,0,0,0,5,11,0,0,0,0,0,1.1,11
00-0034995,D.Williams,RB,GB,2020,23.65,1,0,0,0,0,0,2,8,0,0,0,0,0,0.8,8
00-0035006,O.Johnson,WR,MIN,2019,22.46,13,0,0,0,0,0,1,6,0,45,31,294,3,79.0,300
00-0035006,O.Johnson,WR,MIN,2020,23.46,9,0,0,0,0,0,0,0,0,19,14,189,0,34.9,189
00-0035013,J.Hilliman,RB,NYG,2019,23.8,3,0,0,0,0,0,30,91,0,4,3,1,0,8.200000000000001,92
00-0035021,A.Dulin,WR,IND,2019,22.3,8,0,0,0,0,0,0,0,0,2,2,17,0,3.6999999999999997,17
00-0035021,A.Dulin,WR,IND,2020,23.3,10,0,0,0,0,0,2,11,0,6,3,53,0,9.4,64
00-0035021,A.Dulin,WR,IND,2021,24.3,16,0,0,0,0,0,3,32,0,22,13,173,2,45.5,205
00-0035021,A.Dulin,WR,IND,2022,25.3,10,0,0,0,0,0,2,8,0,22,15,207,1,42.5,215
00-0035021,A.Dulin,WR,IND,2024,27.3,13,0,0,0,0,0,5,45,0,8,2,67,1,19.2,112
00-0035021,A.Dulin,WR,IND,2025,28.3,12,0,0,0,0,0,3,44,0,10,5,106,0,20.0,150
00-0035022,P.Hart,WR,SEA,2020,24.16,5,0,0,0,0,0,1,19,0,1,1,3,0,3.2,22
00-0035022,P.Hart,WR,SEA,2021,25.16,11,0,0,0,0,0,0,0,0,12,7,59,0,12.9,59
00-0035022,P.Hart,WR,SEA,2022,26.16,4,0,0,0,0,0,0,0,0,4,3,20,0,5.0,20
00-0035025,H.Hentges,TE,WAS,2019,23.04,5,0,0,0,0,0,0,0,0,14,8,103,1,24.3,103
00-0035039,S.Carlson,TE,CLE,2019,22.72,6,0,0,0,0,0,0,0,0,7,5,51,1,16.1,51
00-0035039,S.Carlson,TE,CLE,2020,23.72,7,0,0,0,0,0,0,0,0,2,1,11,0,4.1,11
00-0035040,D.Blough,QB,DET,2019,24.09,5,94,174,984,4,6,8,31,0,1,1,19,1,55.36,50
00-0035040,D.Blough,QB,DET,2020,25.09,1,6,10,49,0,1,1,18,0,0,0,0,0,1.76,18
00-0035040,D.Blough,QB,DET,2021,26.09,1,0,0,0,0,0,1,6,0,0,0,0,0,0.6000000000000001,6
00-0035040,D.Blough,QB,ARI,2022,27.09,2,38,58,402,2,2,4,5,0,0,0,0,0,18.58,5
00-0035045,D.Montgomery,WR,NYJ,2021,24.79,2,0,0,0,0,0,0,0,0,6,3,36,0,6.6,36
00-0035045,D.Montgomery,WR,IND,2023,26.79,2,0,0,0,0,0,0,0,0,8,3,56,1,14.600000000000001,56
00-0035100,J.Browning,QB,CIN,2023,27.39,9,171,243,1936,12,7,27,127,3,1,1,-7,0,144.44,120
00-0035100,J.Browning,QB,CIN,2024,28.39,2,0,0,0,0,0,2,-2,0,0,0,0,0,-0.2,-2
00-0035100,J.Browning,QB,CIN,2025,29.39,5,81,125,771,6,8,9,39,1,0,0,0,0,48.74,39
00-0035101,D.Davis,WR,HOU,2021,24.86,2,0,0,0,0,0,0,0,0,3,1,17,0,2.7,17
00-0035102,B.Dillon,TE,MIN,2020,23.34,1,0,0,0,0,0,0,0,0,1,1,6,0,1.6,6
00-0035104,A.Hollins,WR,MIN,2019,22.77,2,0,0,0,0,0,0,0,0,4,2,46,0,6.6000000000000005,46
00-0035120,K.Doss,WR,LV,2019,23.45,6,0,0,0,0,0,0,0,0,14,11,133,0,24.3,133
00-0035120,K.Doss,WR,LAC,2023,27.45,2,0,0,0,0,0,0,0,0,13,6,33,0,9.3,33
00-0035126,A.Wesley,WR,ARI,2021,23.86,8,0,0,0,0,0,0,0,0,32,19,208,3,57.800000000000004,208
00-0035140,M.Hardman,WR,KC,2019,21.47,16,0,0,0,0,0,4,17,0,41,26,538,6,123.5,555
00-0035140,M.Hardman,WR,KC,2020,22.47,16,0,0,0,0,0,4,31,0,62,41,560,4,130.1,591
00-0035140,M.Hardman,WR,KC,2021,23.47,17,0,0,0,0,0,8,46,0,83,59,693,2,140.9,739
00-0035140,M.Hardman,WR,KC,2022,24.47,8,0,0,0,0,0,4,31,2,34,25,297,4,93.8,328
00-0035140,M.Hardman,WR,KC,2023,25.47,7,0,0,0,0,0,1,3,0,24,15,124,0,27.7,127
00-0035140,M.Hardman,WR,KC,2024,26.47,12,0,0,0,0,0,5,62,1,14,12,90,0,33.2,152
00-0035140,M.Hardman,WR,BUF,2025,27.47,2,0,0,0,0,0,0,0,0,1,0,0,0,0.0,0
00-0035146,T.McSorley,QB,BAL,2019,24.02,1,0,0,0,0,0,1,1,0,0,0,0,0,0.1,1
00-0035146,T.McSorley,QB,BAL,2020,25.02,2,3,10,90,1,0,5,17,0,0,0,0,0,9.299999999999999,17
00-0035146,T.McSorley,QB,ARI,2022,27.02,5,45,83,412,0,5,15,61,0,0,0,0,0,8.58,61
00-0035148,D.Thompson,RB,KC,2019,22.55,10,0,0,0,0,0,37,128,1,10,9,43,0,32.1,171
00-0035148,D.Thompson,RB,KC,2020,23.55,5,0,0,0,0,0,27,97,1,11,7,65,1,33.2,162
00-0035164,C.Thompson,WR,SEA,2021,25.64,2,0,0,0,0,0,0,0,0,0,0,0,0,0.0,0
00-0035164,C.Thompson,WR,SEA,2023,27.64,2,0,0,0,0,0,0,0,0,1,1,10,0,2.0,10
00-0035164,C.Thompson,WR,TB,2024,28.64,1,0,0,0,0,0,0,0,0,0,0,0,0,0.0,0
00-0035181,D.Shepherd,WR,GB,2019,23.83,6,0,0,0,0,0,0,0,0,2,1,1,0,1.1,1
00-0035181,D.Shepherd,WR,GB,2020,24.83,8,0,0,0,0,0,0,0,0,8,5,46,0,9.6,46
00-0035184,D.Ozigbo,RB,JAX,2019,22.92,3,0,0,0,0,0,9,27,0,5,3,23,0,8.0,50
00-0035184,D.Ozigbo,RB,JAX,2020,23.92,6,0,0,0,0,0,1,1,0,9,9,42,0,13.3,43
00-0035184,D.Ozigbo,RB,NO,2021,24.92,1,0,0,0,0,0,1,-3,0,1,1,7,0,1.4,4
00-0035184,D.Ozigbo,RB,DEN,2022,25.92,3,0,0,0,0,0,3,4,0,1,1,3,0,1.7,7
00-0035184,D.Ozigbo,RB,DET,2023,26.92,1,0,0,0,0,0,3,5,0,1,1,8,0,2.3,13
00-0035187,A.Walter,RB,SF,2020,24.04,3,0,0,0,0,0,1,3,0,1,1,27,0,4.0,30
00-0035187,A.Walter,RB,NYJ,2021,25.04,4,0,0,0,0,0,26,101,1,3,2,9,0,19.0,110
00-0035208,O.Zaccheaus,WR,ATL,2019,22.11,6,0,0,0,0,0,0,0,0,5,3,115,1,20.5,115
00-0035208,O.Zaccheaus,WR,ATL,2020,23.11,10,0,0,0,0,0,1,0,0,32,20,274,1,53.400000000000006,274
00-0035208,O.Zaccheaus,WR,ATL,2021,24.11,15,0,0,0,0,0,1,2,0,53,31,406,3,89.8,408
00-0035208,O.Zaccheaus,WR,ATL,2022,25.11,16,0,0,0,0,0,2,7,0,61,40,533,3,110.0,540
00-0035208,O.Zaccheaus,WR,PHI,2023,26.11,11,0,0,0,0,0,0,0,0,20,10,164,2,38.400000000000006,164
00-0035208,O.Zaccheaus,WR,WAS,2024,27.11,16,0,0,0,0,0,1,8,0,64,45,506,3,114.4,514
00-0035208,O.Zaccheaus,WR,CHI,2025,28.11,14,0,0,0,0,0,4,25,0,65,39,313,2,84.80000000000001,338
00-0035215,D.Harris,WR,NO,2019,21.74,14,0,0,0,0,0,4,31,0,6,6,24,0,17.5,55
00-0035215,D.Harris,WR,NO,2020,22.74,9,0,0,0,0,0,6,51,0,25,20,186,1,49.7,237
00-0035215,D.Harris,WR,NO,2021,23.74,13,0,0,0,0,0,5,41,0,59,36,570,3,115.1,611
00-0035215,D.Harty,WR,NO,2022,24.74,4,0,0,0,0,0,0,0,0,2,2,13,0,3.3,13
00-0035215,D.Harty,WR,BUF,2023,25.74,16,0,0,0,0,0,4,0,0,21,15,150,1,42.0,150
00-0035215,D.Harty,WR,BAL,2024,26.74,5,0,0,0,0,0,0,0,0,0,0,0,0,0.0,0
00-0035216,D.Johnson,WR,PIT,2019,23.16,16,0,0,0,0,0,4,41,0,92,59,680,5,165.1,721
00-0035216,D.Johnson,WR,PIT,2020,24.16,15,0,0,0,0,0,2,13,0,106,65,654,5,161.70000000000002,667
00-0035216,D.Johnson,WR,PIT,2021,25.16,16,0,0,0,0,0,5,53,0,169,107,1161,8,274.40000000000003,1214
00-0035216,D.Johnson,WR,PIT,2022,26.16,17,0,0,0,0,0,7,25,0,147,86,882,0,180.7,907
00-0035216,D.Johnson,WR,PIT,2023,27.16,13,0,0,0,0,0,0,0,0,87,51,717,5,152.7,717
00-0035216,D.Johnson,WR,BAL,2024,28.16,11,0,0,0,0,0,0,0,0,9,3,18,0,4.800000000000001,18
00-0035216,Di.Johnson,WR,PIT,2020,24.16,15,0,0,0,0,0,1,2,0,38,23,269,2,62.1,271
00-0035216,Di.Johnson,WR,CAR,2024,28.16,11,0,0,0,0,0,2,6,0,32,17,201,2,49.7,207
00-0035216,Dio.Johnson,WR,CAR,2024,28.16,11,0,0,0,0,0,0,0,0,26,13,156,1,34.6,156
00-0035217,B.Snell,RB,PIT,2019,21.51,11,0,0,0,0,0,28,118,0,2,1,14,0,14.200000000000001,132
00-0035217,B.Snell,RB,PIT,2020,22.51,15,0,0,0,0,0,111,368,4,14,10,61,0,74.9,429
00-0035217,B.Snell,RB,PIT,2021,23.51,16,0,0,0,0,0,36,98,0,4,2,13,0,13.100000000000001,111
00-0035217,B.Snell,RB,PIT,2022,24.51,9,0,0,0,0,0,20,90,1,2,2,17,0,18.7,107
00-0035217,B.Snell Jr.,RB,PIT,2019,21.51,11,0,0,0,0,0,80,308,2,2,2,9,0,43.7,317
00-0035218,S.Smith,RB,LV,2021,25.44,1,0,0,0,0,0,0,0,0,0,0,0,0,0.0,0
00-0035222,Z.Gentry,TE,PIT,2019,22.98,2,0,0,0,0,0,0,0,0,1,1,4,0,1.4,4
00-0035222,Z.Gentry,TE,PIT,2021,24.98,10,0,0,0,0,0,0,0,0,25,19,167,0,35.7,167
00-0035222,Z.Gentry,TE,PIT,2022,25.98,14,0,0,0,0,0,0,0,0,23,19,132,0,32.2,132
00-0035228,K.Murray,QB,ARI,2019,22.07,16,349,542,3722,20,12,93,544,4,0,0,0,0,285.28,544
00-0035228,K.Murray,QB,ARI,2020,23.07,16,375,558,3971,26,12,133,819,11,0,0,0,0,378.74,819
00-0035228,K.Murray,QB,ARI,2021,24.07,14,333,481,3787,24,10,88,423,5,0,0,7,0,300.48,430
00-0035228,K.Murray,QB,ARI,2022,25.07,11,259,390,2368,14,7,67,418,3,0,0,0,0,200.52,418
00-0035228,K.Murray,QB,ARI,2023,26.07,8,176,268,1799,10,5,44,244,3,0,0,0,0,146.36,244
00-0035228,K.Murray,QB,ARI,2024,27.07,17,372,541,3851,21,11,78,572,5,0,0,0,0,297.24,572
00-0035228,K.Murray,QB,ARI,2025,28.07,5,110,161,962,6,3,29,173,1,0,0,0,0,77.78,173
00-0035229,T.Hockenson,TE,DET,2019,22.16,12,0,0,0,0,0,0,0,0,59,32,367,2,80.7,367
00-0035229,T.Hockenson,TE,DET,2020,23.16,16,0,0,0,0,0,1,0,0,101,67,723,6,175.3,723
00-0035229,T.Hockenson,TE,DET,2021,24.16,12,0,0,0,0,0,0,0,0,84,61,583,4,145.3,583
00-0035229,T.Hockenson,TE,MIN,2022,25.16,17,0,0,0,0,0,0,0,0,129,86,914,6,217.4,914
00-0035229,T.Hockenson,TE,MIN,2023,26.16,15,0,0,0,0,0,0,0,0,127,95,960,5,219.0,960
00-0035229,T.Hockenson,TE,MIN,2024,27.16,10,0,0,0,0,0,0,0,0,62,41,455,0,86.5,455
00-0035229,T.Hockenson,TE,MIN,2025,28.16,15,0,0,0,0,0,1,0,0,66,51,438,3,112.8,438
00-0035232,D.Haskins,QB,WAS,2019,22.33,9,119,203,1365,7,7,20,101,0,0,0,0,0,76.7,101
00-0035232,D.Haskins,QB,WAS,2020,23.33,7,148,241,1439,5,7,20,46,1,0,0,0,0,68.16,46
00-0035243,M.Sanders,RB,PHI,2019,22.33,16,0,0,0,0,0,179,818,3,63,50,509,3,218.70000000000002,1327
00-0035243,M.Sanders,RB,PHI,2020,23.33,12,0,0,0,0,0,164,867,6,52,28,197,0,170.4,1064
00-0035243,M.Sanders,RB,PHI,2021,24.33,12,0,0,0,0,0,137,754,0,34,26,158,0,117.20000000000002,912
00-0035243,M.Sanders,RB,PHI,2022,25.33,17,0,0,0,0,0,259,1269,11,26,20,78,0,216.70000000000002,1347
00-0035243,M.Sanders,RB,CAR,2023,26.33,16,0,0,0,0,0,129,432,1,41,27,154,0,87.60000000000001,586
00-0035243,M.Sanders,RB,CAR,2024,27.33,11,0,0,0,0,0,55,205,2,30,24,148,1,77.30000000000001,353
00-0035243,M.Sanders,RB,DAL,2025,28.33,4,0,0,0,0,0,20,117,1,8,8,30,0,26.700000000000003,147
00-0035246,J.Arcega-Whiteside,WR,PHI,2019,22.67,9,0,0,0,0,0,0,0,0,22,10,169,1,32.9,169
00-0035246,J.Arcega-Whiteside,WR,PHI,2020,23.67,5,0,0,0,0,0,0,0,0,8,4,85,0,14.5,85
00-0035246,J.Arcega-Whiteside,WR,PHI,2021,24.67,7,0,0,0,0,0,0,0,0,5,2,36,0,5.6,36
00-0035249,J.Oliver,TE,JAX,2019,22.45,3,0,0,0,0,0,0,0,0,6,3,15,0,4.5,15
00-0035249,J.Oliver,TE,BAL,2021,24.45,11,0,0,0,0,0,0,0,0,15,9,66,0,15.600000000000001,66
00-0035249,J.Oliver,TE,BAL,2022,25.45,12,0,0,0,0,0,0,0,0,25,14,149,2,40.900000000000006,149
00-0035249,J.Oliver,TE,MIN,2023,26.45,13,0,0,0,0,0,0,0,0,28,22,213,2,53.300000000000004,213
00-0035249,J.Oliver,TE,MIN,2024,27.45,12,0,0,0,0,0,0,0,0,28,22,258,3,65.8,258
00-0035249,J.Oliver,TE,MIN,2025,28.45,12,0,0,0,0,0,0,0,0,19,15,160,4,55.0,160
00-0035250,D.Singletary,RB,BUF,2019,22.0,12,0,0,0,0,0,151,775,2,41,29,194,2,147.9,969
00-0035250,D.Singletary,RB,BUF,2020,23.0,16,0,0,0,0,0,156,687,2,50,38,269,0,143.60000000000002,956
00-0035250,D.Singletary,RB,BUF,2021,24.0,17,0,0,0,0,0,188,870,7,50,40,228,1,197.8,1098
00-0035250,D.Singletary,RB,BUF,2022,25.0,16,0,0,0,0,0,177,819,5,52,38,280,1,177.9,1099
00-0035250,D.Singletary,RB,HOU,2023,26.0,17,1,1,6,1,0,216,898,4,38,30,193,0,167.34,1091
00-0035250,D.Singletary,RB,NYG,2024,27.0,15,0,0,0,0,0,113,437,4,24,21,119,0,96.60000000000001,556
00-0035250,D.Singletary,RB,NYG,2025,28.0,17,0,0,0,0,0,119,437,5,19,18,151,0,108.8,588
00-0035251,W.Grier,QB,CAR,2019,24.41,2,28,52,228,0,4,7,22,0,0,0,0,0,1.3200000000000012,22
00-0035259,T.Wesco,TE,NYJ,2019,23.97,6,0,0,0,0,0,1,2,0,3,2,47,0,6.9,49
00-0035259,T.Wesco,TE,NYJ,2020,24.97,3,0,0,0,0,0,1,0,0,2,1,5,0,1.5,5
00-0035259,T.Wesco,TE,NYJ,2021,25.97,8,0,0,0,0,0,0,0,0,5,3,35,0,6.5,35
00-0035259,T.Wesco,TE,CHI,2022,26.97,6,0,0,0,0,0,0,0,0,4,2,26,0,6.6000000000000005,26
00-0035259,T.Wesco,TE,TEN,2023,27.97,6,0,0,0,0,0,0,0,0,3,1,21,0,3.1,21
00-0035261,T.Pollard,RB,DAL,2019,22.34,14,0,0,0,0,0,86,455,2,20,15,107,1,89.2,562
00-0035261,T.Pollard,RB,DAL,2020,23.34,16,0,0,0,0,0,101,435,4,40,28,193,1,120.80000000000001,628
00-0035261,T.Pollard,RB,DAL,2021,24.34,15,0,0,0,0,0,130,719,2,46,39,337,0,162.6,1056
00-0035261,T.Pollard,RB,DAL,2022,25.34,16,0,0,0,0,0,193,1007,9,55,39,371,3,248.8,1378
00-0035261,T.Pollard,RB,DAL,2023,26.34,17,0,0,0,0,0,252,1005,6,67,55,311,0,222.60000000000002,1316
00-0035261,T.Pollard,RB,TEN,2024,27.34,16,0,0,0,0,0,260,1079,5,57,41,238,0,200.70000000000002,1317
00-0035261,T.Pollard,RB,TEN,2025,28.34,17,0,0,0,0,0,242,1082,5,41,33,206,0,185.8,1288
00-0035264,J.Stidham,QB,NE,2019,23.07,3,2,4,14,0,1,2,-2,0,0,0,0,0,-1.64,-2
00-0035264,J.Stidham,QB,NE,2020,24.07,5,22,44,256,2,3,7,7,0,0,0,0,0,12.94,7
00-0035264,J.Stidham,QB,LV,2022,26.07,3,53,83,656,4,3,14,84,0,0,0,0,0,42.64,84
00-0035264,J.Stidham,QB,DEN,2023,27.07,2,40,66,496,2,1,9,8,0,0,0,0,0,26.64,8
00-0035264,J.Stidham,QB,DEN,2024,28.07,2,0,0,0,0,0,4,5,0,0,0,0,0,0.5,5
00-0035264,J.Stidham,QB,DEN,2025,29.07,1,0,0,0,0,0,1,-1,0,0,0,0,0,-0.1,-1
00-0035268,R.Armstead,RB,JAX,2019,22.84,14,0,0,0,0,0,35,108,0,24,14,144,2,51.2,252
00-0035268,R.Armstead,RB,JAX,2021,24.84,2,0,0,0,0,0,15,80,0,4,3,16,0,12.6,96
00-0035273,Q.Ollison,RB,ATL,2019,22.98,6,0,0,0,0,0,22,50,4,2,1,7,0,30.7,57
00-0035273,Q.Ollison,RB,ATL,2020,23.98,1,0,0,0,0,0,1,3,0,0,0,0,0,0.30000000000000004,3
00-0035273,Q.Ollison,RB,ATL,2021,24.98,6,0,0,0,0,0,21,105,1,6,4,12,0,19.700000000000003,117
00-0035273,Q.Ollison,RB,DAL,2022,25.98,2,0,0,0,0,0,0,0,0,0,0,0,0,0.0,0
00-0035275,J.Scarlett,RB,CAR,2019,24.15,3,0,0,0,0,0,4,9,0,0,0,0,0,0.9,9
00-0035282,E.Stick,QB,LAC,2020,24.96,1,1,1,4,0,0,1,-2,0,0,0,0,0,-0.04000000000000001,-2
00-0035282,E.Stick,QB,LAC,2023,27.96,5,111,174,1129,3,1,27,144,1,0,0,0,0,67.56,144
00-0035287,K.Johnson,WR,ARI,2019,22.9,10,0,0,0,0,0,1,3,0,42,21,187,1,46.0,190
00-0035287,K.Johnson,WR,ARI,2020,23.9,8,0,0,0,0,0,0,0,0,23,15,173,0,32.300000000000004,173
00-0035289,G.Minshew,QB,JAX,2019,23.29,14,124,194,1442,9,2,21,125,0,0,0,0,0,94.18,125
00-0035289,G.Minshew,QB,JAX,2020,24.29,9,79,107,787,6,3,12,60,0,0,0,0,0,53.480000000000004,60
00-0035289,G.Minshew,QB,PHI,2021,25.29,3,41,60,439,4,1,9,21,0,0,0,0,0,33.660000000000004,21
00-0035289,G.Minshew,QB,PHI,2022,26.29,5,44,76,663,3,3,7,3,1,0,0,0,0,36.82000000000001,3
00-0035289,G.Minshew,QB,IND,2023,27.29,16,305,490,3305,15,9,34,100,3,0,0,0,0,196.20000000000002,100
00-0035289,G.Minshew,QB,LV,2024,28.29,10,203,306,2013,9,10,19,58,0,0,0,0,0,96.32000000000001,58
00-0035289,G.Minshew,QB,KC,2025,29.29,4,6,13,37,0,1,6,2,0,0,0,0,0,-0.3200000000000003,2
00-0035289,G.Minshew II,QB,JAX,2019,23.29,14,161,276,1829,12,4,46,219,0,0,0,0,0,135.06,219
00-0035289,G.Minshew II,QB,JAX,2020,24.29,9,137,220,1472,10,2,17,93,1,1,1,0,0,107.17999999999999,93
00-0035291,T.Williams,RB,CIN,2020,22.87,6,0,0,0,0,0,26,157,0,5,5,30,0,21.700000000000003,187
00-0035291,T.Williams,RB,CIN,2021,23.87,4,0,0,0,0,0,15,51,0,2,1,4,0,6.5,55
00-0035291,T.Williams,RB,CIN,2022,24.87,7,0,0,0,0,0,6,30,0,3,2,30,0,8.0,60
00-0035291,T.Williams,RB,CIN,2023,25.87,16,0,0,0,0,0,15,69,0,9,7,10,0,14.9,79
00-0035291,T.Williams,RB,CIN,2024,26.87,5,0,0,0,0,0,0,0,0,0,0,0,0,0.0,0
00-0035291,T.Williams,RB,CLE,2025,27.87,6,0,0,0,0,0,10,36,0,9,8,55,0,17.1,91
00-0035297,K.Harmon,WR,WAS,2019,22.71,15,1,1,11,0,0,0,0,0,44,30,365,0,66.94,365
00-0035298,S.Miller,WR,TB,2019,22.09,9,0,0,0,0,0,2,16,0,26,13,200,1,40.6,216
00-0035298,S.Miller,WR,TB,2020,23.09,14,0,0,0,0,0,3,14,0,53,33,501,3,102.5,515
00-0035298,S.Miller,WR,TB,2021,24.09,6,0,0,0,0,0,2,43,1,9,5,38,0,19.1,81
00-0035298,S.Miller,WR,TB,2022,25.09,12,0,0,0,0,0,1,8,0,40,23,185,0,42.300000000000004,193
00-0035298,S.Miller,WR,ATL,2023,26.09,11,0,0,0,0,0,0,0,0,16,11,161,2,39.1,161
00-0035298,S.Miller,WR,PIT,2024,27.09,6,0,0,0,0,0,0,0,0,9,5,69,0,11.9,69
00-0035298,S.Miller,WR,PIT,2025,28.09,5,0,0,0,0,0,0,0,0,14,9,62,0,15.200000000000001,62
00-0035304,C.Gillaspia,RB,HOU,2019,24.3,6,0,0,0,0,0,0,0,0,0,0,0,0,0.0,0
00-0035304,C.Gillaspia,RB,HOU,2020,25.3,4,0,0,0,0,0,0,0,0,1,1,6,0,1.6,6
00-0035304,C.Gillaspia,RB,NYG,2021,26.3,4,0,0,0,0,0,0,0,0,0,0,0,0,0.0,0
00-0035304,C.Gillaspia,RB,SEA,2022,27.3,4,0,0,0,0,0,0,0,0,0,0,0,0,0.0,0
00-0035308,T.Sweeney,TE,BUF,2019,24.17,5,0,0,0,0,0,0,0,0,13,8,114,0,19.400000000000002,114
00-0035308,T.Sweeney,TE,BUF,2021,26.17,7,0,0,0,0,0,0,0,0,12,9,44,1,19.4,44
00-0035308,T.Sweeney,TE,BUF,2022,27.17,2,0,0,0,0,0,0,0,0,1,1,7,0,1.7000000000000002,7
00-0035311,M.Gaskin,RB,MIA,2019,22.55,7,0,0,0,0,0,36,133,1,12,7,51,0,31.4,184
00-0035311,M.Gaskin,RB,MIA,2020,23.55,10,0,0,0,0,0,142,584,3,47,41,388,2,164.20000000000002,972
00-0035311,M.Gaskin,RB,MIA,2021,24.55,17,0,0,0,0,0,173,612,3,63,49,234,4,173.6,846
00-0035311,M.Gaskin,RB,MIA,2022,25.55,2,0,0,0,0,0,10,26,0,6,4,28,0,9.4,54
00-0035311,M.Gaskin,RB,MIN,2024,27.55,4,0,0,0,0,0,3,-1,0,1,1,11,0,1.9999999999999998,10
00-0035311,M.Gaskin,RB,SEA,2025,28.55,1,0,0,0,0,0,3,6,0,0,0,0,0,0.6000000000000001,6
00-0035313,T.Godwin,WR,JAX,2020,23.86,2,0,0,0,0,0,1,3,0,6,3,32,0,6.5,35
00-0035320,C.Wilson,TE,PHI,2020,24.13,1,0,0,0,0,0,0,0,0,0,0,0,0,0.0,0
00-0035329,D.Parham,TE,LAC,2021,24.04,13,0,0,0,0,0,0,0,0,27,20,190,3,59.0,190
00-0035329,D.Parham,TE,LAC,2022,25.04,6,0,0,0,0,0,0,0,0,12,10,130,1,29.0,130
00-0035329,D.Parham,TE,LAC,2023,26.04,14,0,0,0,0,0,0,0,0,41,27,285,4,79.5,285
00-0035329,D.Parham Jr.,TE,LAC,2020,23.04,11,0,0,0,0,0,0,0,0,20,10,159,3,43.9,159
00-0035341,T.Irwin,WR,CIN,2020,24.73,1,0,0,0,0,0,0,0,0,2,1,5,0,1.5,5
00-0035341,T.Irwin,WR,CIN,2021,25.73,5,0,0,0,0,0,0,0,0,5,2,34,0,5.4,34
00-0035341,T.Irwin,WR,CIN,2022,26.73,9,0,0,0,0,0,1,11,0,23,15,231,4,63.2,242
00-0035341,T.Irwin,WR,CIN,2023,27.73,12,0,0,0,0,0,0,0,0,32,25,316,1,62.6,316
00-0035341,T.Irwin,WR,CIN,2024,28.73,6,0,0,0,0,0,0,0,0,10,3,15,0,4.5,15
00-0035342,P.Laird,RB,MIA,2019,24.04,8,0,0,0,0,0,62,168,1,30,23,204,0,68.2,372
00-0035342,P.Laird,RB,MIA,2020,25.04,9,0,0,0,0,0,13,72,0,12,10,68,0,22.0,140
00-0035342,P.Laird,RB,MIA,2021,26.04,3,0,0,0,0,0,1,4,0,3,3,17,0,5.1,21
00-0035345,C.Myarick,TE,NYG,2021,25.9,4,0,0,0,0,0,0,0,0,6,3,17,1,10.7,17
00-0035345,C.Myarick,TE,NYG,2022,26.9,10,0,0,0,0,0,0,0,0,8,7,65,1,19.5,65
00-0035350,P.Williams,WR,MIA,2019,22.43,8,0,0,0,0,0,0,0,0,60,32,428,3,90.80000000000001,428
00-0035350,P.Williams,WR,MIA,2020,23.43,8,0,0,0,0,0,0,0,0,35,18,288,4,74.8,288
00-0035350,P.Williams,WR,MIA,2021,24.43,6,0,0,0,0,0,1,7,0,16,6,71,0,13.799999999999999,78
00-0035356,T.Jackson,TE,PHI,2021,,3,0,0,0,0,0,0,0,0,7,3,22,1,11.2,22
00-0035356,T.Jackson,TE,PHI,2022,,2,0,0,0,0,0,0,0,0,0,0,0,0,0.0,0
00-0035359,D.Sills,WR,NYG,2021,25.26,4,0,0,0,0,0,0,0,0,6,2,17,0,3.7,17
00-0035359,D.Sills,WR,NYG,2022,26.26,7,0,0,0,0,0,0,0,0,17,11,106,0,21.6,106
00-0035359,D.Sills,WR,ATL,2025,29.26,12,0,0,0,0,0,0,0,0,36,18,191,2,49.1,191
00-0035374,M.Walker,WR,JAX,2019,22.84,7,0,0,0,0,0,0,0,0,3,2,15,0,3.5,15
00-0035399,S.Morgan,WR,CIN,2019,22.99,7,0,0,0,0,0,0,0,0,10,3,18,0,4.8,18
00-0035399,S.Morgan,WR,CIN,2020,23.99,2,0,0,0,0,0,0,0,0,0,0,0,0,0.0,0
00-0035399,S.Morgan,WR,CIN,2021,24.99,11,0,0,0,0,0,1,3,0,4,2,11,0,3.4000000000000004,14
00-0035399,S.Morgan,WR,CIN,2022,25.99,9,0,0,0,0,0,0,0,0,1,0,0,0,0.0,0
00-0035399,S.Morgan,WR,CIN,2023,26.99,1,0,0,0,0,0,0,0,0,0,0,0,0,0.0,0
00-0035401,D.Willis,WR,CIN,2019,22.2,7,0,0,0,0,0,0,0,0,16,9,82,0,17.200000000000003,82
00-0035406,L.Humphrey,WR,NO,2019,21.37,1,0,0,0,0,0,0,0,0,1,0,0,0,0.0,0
00-0035406,L.Humphrey,WR,NO,2020,22.37,2,0,0,0,0,0,0,0,0,5,3,46,1,13.600000000000001,46
00-0035406,L.Humphrey,WR,NO,2021,23.37,8,0,0,0,0,0,0,0,0,18,13,249,2,49.9,249
00-0035406,L.Humphrey,WR,NE,2022,24.37,4,0,0,0,0,0,0,0,0,4,2,20,0,4.0,20
00-0035406,L.Humphrey,WR,DEN,2023,25.37,11,0,0,0,0,0,0,0,0,19,13,162,3,47.2,162
00-0035406,L.Humphrey,WR,DEN,2024,26.37,14,0,0,0,0,0,0,0,0,45,31,293,1,64.3,293
00-0035406,L.Humphrey,WR,DEN,2025,27.37,7,0,0,0,0,0,0,0,0,25,13,156,1,34.6,156
00-0035414,J.Guyton,WR,LAC,2019,22.24,1,0,0,0,0,0,0,0,0,2,0,0,0,0.0,0
00-0035414,J.Guyton,WR,LAC,2020,23.24,16,0,0,0,0,0,2,0,0,55,28,511,3,97.1,511
00-0035414,J.Guyton,WR,LAC,2021,24.24,16,0,0,0,0,0,7,34,0,48,31,448,3,97.2,482
00-0035414,J.Guyton,WR,LAC,2022,25.24,2,0,0,0,0,0,0,0,0,4,2,64,0,8.4,64
00-0035414,J.Guyton,WR,LAC,2023,26.24,7,0,0,0,0,0,0,0,0,21,10,89,1,24.900000000000002,89
00-0035428,D.Helm,TE,LV,2021,26.37,3,0,0,0,0,0,0,0,0,2,1,-1,0,0.9,-1
00-0035432,J.Moore,WR,LAC,2019,24.19,6,0,0,0,0,0,0,0,0,5,2,43,0,6.3,43
00-0035432,J.Moore,WR,LAC,2021,26.19,1,0,0,0,0,0,0,0,0,4,3,56,0,8.600000000000001,56
00-0035432,J.Moore,WR,LAC,2022,27.19,1,0,0,0,0,0,0,0,0,2,1,5,0,1.5,5
00-0035436,M.Sokol,TE,LAC,2020,24.81,1,0,0,0,0,0,0,0,0,0,0,0,0,0.0,0
00-0035448,D.Crockett,RB,DEN,2021,23.69,1,0,0,0,0,0,3,7,0,0,0,0,0,0.7000000000000001,7
00-0035457,T.Johnson,WR,LAC,2020,24.65,11,0,0,0,0,0,3,17,0,4,3,157,1,26.400000000000002,174
00-0035457,T.Johnson,WR,JAX,2021,25.65,7,0,0,0,0,0,0,0,0,5,2,16,0,3.6,16
00-0035457,T.Johnson,WR,HOU,2022,26.65,2,0,0,0,0,0,0,0,0,1,1,8,0,1.8,8
00-0035457,Ty.Johnson,WR,LAC,2020,24.65,11,0,0,0,0,0,0,0,0,22,17,241,2,53.1,241
00-0035480,M.Taylor,WR,GB,2020,24.7,10,0,0,0,0,0,1,9,0,6,5,66,1,18.5,75
00-0035480,M.Taylor,WR,GB,2021,25.7,7,0,0,0,0,0,0,0,0,3,2,14,0,3.4000000000000004,14
00-0035480,M.Taylor,WR,NYJ,2023,27.7,2,0,0,0,0,0,0,0,0,4,2,13,0,3.3000000000000003,13
00-0035489,W.Hills,RB,DET,2019,24.24,1,0,0,0,0,0,10,21,2,2,2,1,0,16.2,22
00-0035500,G.Dortch,WR,CAR,2019,21.26,2,0,0,0,0,0,0,0,0,0,0,0,0,0.0,0
00-0035500,G.Dortch,WR,ARI,2021,23.26,5,0,0,0,0,0,1,24,0,3,3,15,0,6.9,39
00-0035500,G.Dortch,WR,ARI,2022,24.26,16,0,0,0,0,0,7,44,0,64,52,467,2,115.1,511
00-0035500,G.Dortch,WR,ARI,2023,25.26,16,0,0,0,0,0,1,5,0,41,24,280,2,64.5,285
00-0035500,G.Dortch,WR,ARI,2024,26.26,17,0,0,0,0,0,5,31,0,50,37,342,3,90.3,373
00-0035500,G.Dortch,WR,ARI,2025,27.26,12,0,0,0,0,0,7,15,1,33,29,206,3,75.10000000000001,221
00-0035510,J.Smith,WR,NYJ,2019,22.36,1,0,0,0,0,0,0,0,0,2,1,12,0,2.2,12
00-0035510,J.Smith,WR,NYJ,2020,23.36,9,0,0,0,0,0,0,0,0,37,17,167,0,33.7,167
00-0035510,J.Smith,WR,NYJ,2021,24.36,9,0,0,0,0,0,1,-1,0,17,8,113,0,19.2,112
00-0035510,J.Smith,WR,NYJ,2022,25.36,7,0,0,0,0,0,0,0,0,11,8,134,0,21.4,134
00-0035527,A.Isabella,WR,ARI,2019,22.79,12,0,0,0,0,0,4,15,0,13,9,189,1,35.4,204
00-0035527,A.Isabella,WR,ARI,2020,23.79,11,0,0,0,0,0,1,-6,0,35,21,224,2,54.800000000000004,218
00-0035527,A.Isabella,WR,ARI,2021,24.79,3,0,0,0,0,0,0,0,0,1,1,13,0,2.3,13
00-0035527,A.Isabella,WR,ARI,2022,25.79,4,0,0,0,0,0,1,1,0,5,2,21,0,4.2,22
00-0035527,A.Isabella,WR,BUF,2023,26.79,1,0,0,0,0,0,0,0,0,0,0,0,0,0.0,0
00-0035529,H.Butler,TE,PHI,2020,24.29,1,0,0,0,0,0,0,0,0,1,0,0,0,0.0,0
00-0035535,D.Slayton,WR,NYG,2019,22.64,14,0,0,0,0,0,0,0,0,84,48,740,8,170.0,740
00-0035535,D.Slayton,WR,NYG,2020,23.64,16,0,0,0,0,0,2,-1,0,96,50,751,3,141.0,750
00-0035535,D.Slayton,WR,NYG,2021,24.64,13,0,0,0,0,0,1,-13,0,58,26,339,2,68.60000000000001,326
00-0035535,D.Slayton,WR,NYG,2022,25.64,13,0,0,0,0,0,0,0,0,71,46,724,2,128.4,724
00-0035535,D.Slayton,WR,NYG,2023,26.64,17,0,0,0,0,0,0,0,0,79,50,770,4,151.0,770
00-0035535,D.Slayton,WR,NYG,2024,27.64,16,0,0,0,0,0,2,17,0,71,39,573,2,110.0,590
00-0035535,D.Slayton,WR,NYG,2025,28.64,14,0,0,0,0,0,0,0,0,63,37,538,1,98.80000000000001,538
00-0035537,T.Johnson,RB,DET,2019,21.96,16,0,0,0,0,0,63,273,0,31,24,109,0,60.2,382
00-0035537,T.Johnson,RB,NYJ,2020,22.96,11,0,0,0,0,0,54,254,1,21,16,99,1,63.300000000000004,353
00-0035537,T.Johnson,RB,NYJ,2021,23.96,15,0,0,0,0,0,60,239,2,54,34,372,2,117.10000000000001,611
00-0035537,T.Johnson,RB,NYJ,2022,24.96,12,0,0,0,0,0,30,160,1,24,12,88,0,42.800000000000004,248
00-0035537,T.Johnson,RB,BUF,2023,25.96,9,0,0,0,0,0,30,132,0,7,7,62,1,32.4,194
00-0035537,Ty.Johnson,RB,NYJ,2021,23.96,15,0,0,0,0,0,1,-1,0,1,0,0,0,-0.1,-1
00-0035537,Ty.Johnson,RB,BUF,2024,26.96,17,0,0,0,0,0,41,213,1,25,18,284,3,91.7,497
00-0035537,Ty.Johnson,RB,BUF,2025,27.96,17,0,0,0,0,0,50,200,3,33,24,263,2,100.30000000000001,463
00-0035539,I.Nauta,TE,DET,2019,22.28,2,0,0,0,0,0,0,0,0,3,2,13,0,3.3,13
00-0035539,I.Nauta,TE,DET,2020,23.28,2,0,0,0,0,0,0,0,0,2,1,3,0,1.3,3
00-0035544,T.Kennedy,WR,DET,2021,25.09,6,1,1,75,1,0,0,0,0,10,6,54,0,18.4,54
00-0035544,T.Kennedy,WR,DET,2022,26.09,5,0,0,0,0,0,0,0,0,15,8,141,0,22.1,141
00-0035544,T.Kennedy,WR,DET,2024,28.09,3,0,0,0,0,0,0,0,0,1,0,0,0,0.0,0
00-0035544,T.Kennedy,WR,DET,2025,29.09,6,0,0,0,0,0,0,0,0,4,4,36,0,7.6,36
00-0035547,J.Fortson,TE,KC,2021,25.74,4,0,0,0,0,0,0,0,0,5,5,47,2,21.7,47
00-0035547,J.Fortson,TE,KC,2022,26.74,10,0,0,0,0,0,0,0,0,13,9,108,2,31.8,108
00-0035547,J.Fortson,TE,KC,2024,28.74,3,0,0,0,0,0,0,0,0,3,1,5,0,1.5,5
00-0035548,V.Bryant,WR,DAL,2019,23.02,7,0,0,0,0,0,0,0,0,1,1,15,1,8.5,15
00-0035551,T.Brooks-James,RB,PIT,2019,24.74,3,0,0,0,0,0,8,7,0,0,0,0,0,0.7000000000000001,7
00-0035551,T.Brooks-James,RB,ATL,2020,25.74,1,0,0,0,0,0,3,4,0,0,0,0,0,0.4,4
00-0035553,C.Jones,TE,JAX,2019,23.07,2,0,0,0,0,0,0,0,0,1,1,5,0,1.5,5
00-0035562,J.Horsted,TE,CHI,2019,22.51,5,0,0,0,0,0,0,0,0,10,8,87,1,22.7,87
00-0035562,J.Horsted,TE,CHI,2021,24.51,4,0,0,0,0,0,0,0,0,3,2,21,2,16.1,21
00-0035562,J.Horsted,TE,LV,2022,25.51,5,0,0,0,0,0,0,0,0,4,3,19,0,4.9,19
00-0035562,J.Horsted,TE,LV,2023,26.51,5,0,0,0,0,0,0,0,0,1,1,4,0,1.4,4
00-0035567,C.Reynolds,RB,JAX,2020,24.21,1,0,0,0,0,0,1,4,0,1,1,3,0,1.7000000000000002,7
00-0035567,C.Reynolds,RB,DET,2021,25.21,5,0,0,0,0,0,55,230,0,8,7,52,0,35.2,282
00-0035567,C.Reynolds,RB,DET,2022,26.21,6,0,0,0,0,0,23,102,0,10,9,116,0,30.8,218
00-0035567,C.Reynolds,RB,DET,2023,27.21,12,0,0,0,0,0,41,179,1,5,5,47,0,31.599999999999998,226
00-0035567,C.Reynolds,RB,DET,2024,28.21,8,0,0,0,0,0,31,139,0,5,3,40,0,20.900000000000002,179
00-0035567,C.Reynolds,RB,DET,2025,29.21,5,0,0,0,0,0,3,4,0,0,0,0,0,0.4,4
00-0035572,P.Hesse,TE,ATL,2021,26.27,4,0,0,0,0,0,0,0,0,6,5,43,0,9.3,43
00-0035572,P.Hesse,TE,ATL,2022,27.27,12,0,0,0,0,0,0,0,0,11,9,89,0,17.9,89
00-0035572,P.Hesse,TE,ATL,2023,28.27,1,0,0,0,0,0,0,0,0,0,0,0,0,0.0,0
00-0035577,D.Hodges,QB,PIT,2019,23.39,8,100,160,1063,5,8,21,68,0,0,0,0,0,51.32,68
00-0035587,S.Schnell,WR,TB,2019,24.74,1,0,0,0,0,0,0,0,0,0,0,0,0,0.0,0
00-0035590,R.Ridley,WR,CHI,2019,23.11,3,0,0,0,0,0,0,0,0,7,6,69,0,12.9,69
00-0035590,R.Ridley,WR,CHI,2020,24.11,2,0,0,0,0,0,0,0,0,4,4,39,0,7.9,39
00-0035592,T.Fulgham,WR,DET,2019,23.97,2,0,0,0,0,0,0,0,0,3,0,0,0,0.0,0
00-0035592,T.Fulgham,WR,PHI,2020,24.97,12,0,0,0,0,0,0,0,0,67,38,539,4,115.9,539
00-0035593,J.Winfree,WR,DEN,2019,22.99,2,0,0,0,0,0,0,0,0,0,0,0,0,0.0,0
00-0035593,J.Winfree,WR,GB,2021,24.99,5,0,0,0,0,0,0,0,0,13,8,58,0,11.8,58
00-0035593,J.Winfree,WR,GB,2022,25.99,3,0,0,0,0,0,0,0,0,4,1,17,0,2.7,17
00-0035593,J.Winfree,WR,IND,2023,26.99,1,0,0,0,0,0,0,0,0,1,0,0,0,0.0,0
00-0035594,T.Homer,RB,SEA,2019,21.07,7,0,0,0,0,0,18,114,0,13,11,56,0,28.0,170
00-0035594,T.Homer,RB,SEA,2020,22.07,9,0,0,0,0,0,25,88,0,10,9,90,1,32.8,178
00-0035594,T.Homer,RB,SEA,2021,23.07,14,0,0,0,0,0,21,177,1,20,16,161,0,61.8,338
00-0035594,T.Homer,RB,SEA,2022,24.07,10,0,0,0,0,0,19,74,0,18,16,157,1,43.1,231
00-0035594,T.Homer,RB,CHI,2023,25.07,7,0,0,0,0,0,0,0,0,1,0,0,0,0.0,0
00-0035594,T.Homer,RB,CHI,2024,26.07,8,0,0,0,0,0,6,23,0,3,3,11,0,6.3999999999999995,34
00-0035594,T.Homer,RB,CHI,2025,27.07,8,0,0,0,0,0,1,-2,0,0,0,0,0,-0.2,-2
00-0035596,K.Whyte Jr.,RB,PIT,2019,22.84,6,0,0,0,0,0,24,122,0,1,1,9,0,14.1,131
00-0035597,J.Ursua,WR,SEA,2019,25.62,1,0,0,0,0,0,0,0,0,1,1,11,0,2.1,11
00-0035602,A.Bachman,WR,NYG,2021,25.26,2,0,0,0,0,0,1,-3,0,0,0,0,0,-0.30000000000000004,-3
00-0035602,A.Bachman,WR,LV,2024,28.26,5,0,0,0,0,0,0,0,0,3,3,31,0,6.1,31
00-0035602,A.Bachman,WR,LV,2025,29.26,11,0,0,0,0,0,0,0,0,3,2,12,0,3.2,12
00-0035603,K.Blanton,TE,LA,2021,25.81,4,0,0,0,0,0,0,0,0,7,4,37,0,7.7,37
00-0035603,K.Blanton,TE,LA,2022,26.81,2,0,0,0,0,0,0,0,0,2,2,35,0,5.5,35
00-0035621,N.Webster,WR,LA,2019,23.6,4,0,0,0,0,0,0,0,0,0,0,0,0,0.0,0
00-0035621,N.Webster,WR,LA,2020,24.6,16,0,0,0,0,0,0,0,0,0,0,0,0,0.0,0
00-0035621,N.Webster,WR,CHI,2021,25.6,6,0,0,0,0,0,0,0,0,0,0,0,0,0.0,0
00-0035621,N.Webster,WR,CHI,2022,26.6,1,0,0,0,0,0,0,0,0,3,2,14,0,3.4000000000000004,14
00-0035624,N.Harry,TE,NE,2019,21.71,7,0,0,0,0,0,5,49,0,24,12,105,2,39.4,154
00-0035624,N.Harry,TE,NE,2020,22.71,13,0,0,0,0,0,2,0,0,57,33,309,2,73.9,309
00-0035624,N.Harry,TE,NE,2021,23.71,10,0,0,0,0,0,0,0,0,22,12,184,0,30.4,184
00-0035624,N.Harry,TE,CHI,2022,24.71,6,0,0,0,0,0,0,0,0,9,7,116,1,24.6,116
00-0035628,D.Johnson,RB,CLE,2019,23.51,10,0,0,0,0,0,4,21,0,7,6,71,0,15.2,92
00-0035628,D.Johnson,RB,CLE,2020,24.51,14,0,0,0,0,0,33,166,0,4,3,14,0,21.0,180
00-0035628,D.Johnson,RB,CLE,2021,25.51,13,0,0,0,0,0,100,534,3,25,19,137,0,104.10000000000001,671
00-0035628,D.Johnson,RB,CLE,2022,26.51,9,0,0,0,0,0,4,17,0,3,3,7,0,5.4,24
00-0035628,D.Johnson,RB,JAX,2023,27.51,16,0,0,0,0,0,41,108,0,12,10,140,0,34.800000000000004,248
00-0035628,D.Johnson,RB,JAX,2024,28.51,12,0,0,0,0,0,32,143,0,19,12,96,0,35.9,239
00-0035628,D.Johnson,RB,NE,2025,29.51,5,0,0,0,0,0,14,25,0,0,0,0,0,2.5,25
00-0035631,D.Sample,TE,CIN,2019,23.38,5,0,0,0,0,0,0,0,0,6,5,30,0,8.0,30
00-0035631,D.Sample,TE,CIN,2020,24.38,16,0,0,0,0,0,0,0,0,53,40,349,1,78.9,349
00-0035631,D.Sample,TE,CIN,2021,25.38,10,0,0,0,0,0,0,0,0,15,11,81,0,19.1,81
00-0035631,D.Sample,TE,CIN,2022,26.38,2,0,0,0,0,0,0,0,0,2,2,-2,0,1.7999999999999998,-2
00-0035631,D.Sample,TE,CIN,2023,27.38,14,0,0,0,0,0,0,0,0,27,22,163,2,50.3,163
00-0035631,D.Sample,TE,CIN,2024,28.38,11,0,0,0,0,0,1,-4,0,22,20,109,1,36.5,105
00-0035631,D.Sample,TE,CIN,2025,29.38,12,0,0,0,0,0,1,3,0,20,15,106,1,31.9,109
00-0035639,P.Campbell,WR,IND,2019,22.13,7,0,0,0,0,0,4,34,0,24,18,127,1,38.1,161
00-0035639,P.Campbell,WR,IND,2020,23.13,2,0,0,0,0,0,2,16,0,9,6,71,0,14.7,87
00-0035639,P.Campbell,WR,IND,2021,24.13,6,0,0,0,0,0,0,0,0,20,10,162,1,32.2,162
00-0035639,P.Campbell,WR,IND,2022,25.13,17,0,0,0,0,0,5,58,0,91,63,623,3,149.1,681
00-0035639,P.Campbell,WR,NYG,2023,26.13,10,0,0,0,0,0,0,0,0,27,20,104,0,30.400000000000002,104
00-0035639,P.Campbell,WR,PHI,2024,27.13,4,0,0,0,0,0,0,0,0,8,6,30,1,15.0,30
00-0035639,P.Campbell,WR,DAL,2025,28.13,1,0,0,0,0,0,0,0,0,0,0,0,0,0.0,0
00-0035640,D.Metcalf,WR,SEA,2020,22.72,16,0,0,0,0,0,0,0,0,129,83,1303,10,271.3,1303
00-0035640,D.Metcalf,WR,SEA,2021,23.72,17,0,0,0,0,0,1,6,0,129,75,967,12,244.3,973
00-0035640,D.Metcalf,WR,SEA,2022,24.72,17,0,0,0,0,0,0,0,0,141,90,1048,6,226.8,1048
00-0035640,D.Metcalf,WR,SEA,2023,25.72,16,0,0,0,0,0,0,0,0,119,66,1114,8,225.4,1114
00-0035640,D.Metcalf,WR,SEA,2024,26.72,15,0,0,0,0,0,0,0,0,108,66,992,5,191.2,992
00-0035640,D.Metcalf,WR,PIT,2025,27.72,15,0,0,0,0,0,2,12,1,99,59,850,6,187.2,862
00-0035640,DK.Metcalf,WR,SEA,2019,21.72,16,0,0,0,0,0,2,11,0,100,58,900,7,187.1,911
00-0035644,N.Fant,TE,DEN,2019,21.78,16,0,0,0,0,0,3,-12,0,66,40,562,3,111.0,550
00-0035644,N.Fant,TE,DEN,2020,22.78,14,0,0,0,0,0,0,0,0,93,62,673,3,149.3,673
00-0035644,N.Fant,TE,DEN,2021,23.78,16,0,0,0,0,0,0,0,0,90,68,670,4,159.0,670
00-0035644,N.Fant,TE,SEA,2022,24.78,17,0,0,0,0,0,0,0,0,63,50,486,4,122.6,486
00-0035644,N.Fant,TE,SEA,2023,25.78,15,0,0,0,0,0,0,0,0,43,32,414,0,73.4,414
00-0035644,N.Fant,TE,SEA,2024,26.78,14,0,0,0,0,0,0,0,0,64,48,500,1,104.0,500
00-0035644,N.Fant,TE,CIN,2025,27.78,13,0,0,0,0,0,0,0,0,41,34,288,3,74.8,288
00-0035645,G.Olszewski,WR,NE,2019,22.77,8,0,0,0,0,0,0,0,0,4,2,34,0,5.4,34
00-0035645,G.Olszewski,WR,NE,2020,23.77,13,0,0,0,0,0,5,23,0,5,5,62,1,25.5,85
00-0035645,G.Olszewski,WR,NE,2021,24.77,16,0,0,0,0,0,1,9,0,3,2,31,0,6.0,40
00-0035645,G.Olszewski,WR,PIT,2022,25.77,15,0,0,0,0,0,8,39,0,7,5,53,0,14.200000000000001,92
00-0035645,G.Olszewski,WR,NYG,2023,26.77,12,0,0,0,0,0,0,0,0,1,1,0,0,5.0,0
00-0035645,G.Olszewski,WR,NYG,2025,28.77,16,1,2,33,1,0,0,0,0,13,10,145,1,35.82000000000001,145
00-0035652,R.Finley,QB,CIN,2019,24.68,3,41,87,474,2,2,10,77,0,0,0,0,0,24.66,77
00-0035652,R.Finley,QB,CIN,2020,25.68,4,17,32,164,1,2,11,66,1,0,0,0,0,19.16,66
00-0035657,D.Harris,RB,NE,2019,22.56,1,0,0,0,0,0,4,12,0,0,0,0,0,1.2000000000000002,12
00-0035657,D.Harris,RB,NE,2020,23.56,10,0,0,0,0,0,137,691,2,7,5,52,0,91.30000000000001,743
00-0035657,D.Harris,RB,NE,2021,24.56,15,0,0,0,0,0,202,929,15,21,18,132,0,210.1,1061
00-0035657,D.Harris,RB,NE,2022,25.56,11,0,0,0,0,0,106,462,3,23,17,97,0,90.9,559
00-0035657,D.Harris,RB,BUF,2023,26.56,6,0,0,0,0,0,23,94,1,2,2,16,0,19.0,110
00-0035659,T.McLaurin,WR,WAS,2019,23.96,14,0,0,0,0,0,0,0,0,93,58,919,7,191.9,919
00-0035659,T.McLaurin,WR,WAS,2020,24.96,15,0,0,0,0,0,2,30,0,134,87,1118,4,223.8,1148
00-0035659,T.McLaurin,WR,WAS,2021,25.96,17,0,0,0,0,0,1,12,0,130,77,1053,5,213.5,1065
00-0035659,T.McLaurin,WR,WAS,2022,26.96,17,0,0,0,0,0,7,29,0,120,77,1191,5,229.0,1220
00-0035659,T.McLaurin,WR,WAS,2023,27.96,17,0,0,0,0,0,0,0,0,132,79,1002,4,203.20000000000002,1002
00-0035659,T.McLaurin,WR,WAS,2024,28.96,17,0,0,0,0,0,2,2,0,117,82,1096,13,267.8,1098
00-0035659,T.McLaurin,WR,WAS,2025,29.96,10,0,0,0,0,0,0,0,0,60,38,582,3,114.2,582
00-0035660,K.Warring,TE,HOU,2020,23.44,4,0,0,0,0,0,0,0,0,7,3,35,0,6.5,35
00-0035662,M.Brown,WR,BAL,2019,22.24,14,0,0,0,0,0,0,0,0,71,46,584,7,146.4,584
00-0035662,M.Brown,WR,BAL,2020,23.24,16,0,0,0,0,0,1,1,0,100,58,769,8,183.0,770
00-0035662,M.Brown,WR,BAL,2021,24.24,16,0,0,0,0,0,1,5,0,146,91,1008,6,228.3,1013
00-0035662,M.Brown,WR,ARI,2022,25.24,12,0,0,0,0,0,1,1,0,107,67,709,3,156.0,710
00-0035662,M.Brown,WR,ARI,2023,26.24,13,0,0,0,0,0,2,23,0,101,51,574,4,134.70000000000002,597
00-0035662,M.Brown,WR,KC,2024,27.24,2,0,0,0,0,0,0,0,0,15,9,91,0,18.1,91
00-0035662,M.Brown,WR,KC,2025,28.24,16,0,0,0,0,0,0,0,0,74,49,587,5,137.7,587
00-0035664,D.Henderson,RB,LA,2019,22.04,9,0,0,0,0,0,39,147,0,6,4,37,0,22.400000000000002,184
00-0035664,D.Henderson,RB,LA,2020,23.04,15,0,0,0,0,0,138,624,5,24,16,159,1,130.3,783
00-0035664,D.Henderson,RB,LA,2021,24.04,12,0,0,0,0,0,149,688,5,40,29,176,3,163.4,864
00-0035664,D.Henderson,RB,LA,2022,25.04,10,0,0,0,0,0,70,283,3,22,17,102,0,73.5,385
00-0035664,D.Henderson,RB,LA,2023,26.04,4,0,0,0,0,0,46,112,2,14,10,103,0,43.5,215
00-0035671,J.Sternberger,TE,GB,2019,23.18,3,0,0,0,0,0,0,0,0,1,0,0,0,0.0,0
00-0035671,J.Sternberger,TE,GB,2020,24.18,8,0,0,0,0,0,0,0,0,15,12,114,1,29.4,114
00-0035676,A.Brown,WR,TEN,2019,22.17,16,0,0,0,0,0,3,60,1,84,52,1051,8,217.1,1111
00-0035676,A.Brown,WR,TEN,2020,23.17,14,0,0,0,0,0,0,0,0,106,70,1075,11,247.5,1075
00-0035676,A.Brown,WR,TEN,2021,24.17,13,0,2,0,0,0,2,10,0,105,63,869,5,180.9,879
00-0035676,A.Brown,WR,PHI,2022,25.17,17,0,0,0,0,0,0,0,0,145,88,1496,11,299.6,1496
00-0035676,A.Brown,WR,PHI,2023,26.17,17,0,0,0,0,0,0,0,0,158,106,1456,7,289.6,1456
00-0035676,A.Brown,WR,PHI,2024,27.17,13,0,0,0,0,0,0,0,0,97,67,1079,7,216.9,1079
00-0035676,A.Brown,WR,PHI,2025,28.17,15,0,0,0,0,0,0,0,0,121,78,1003,7,220.3,1003
00-0035685,D.Montgomery,RB,CHI,2019,22.24,16,0,0,0,0,0,242,889,6,35,25,185,1,170.4,1074
00-0035685,D.Montgomery,RB,CHI,2020,23.24,15,0,0,0,0,0,247,1070,8,68,54,438,2,264.8,1508
00-0035685,D.Montgomery,RB,CHI,2021,24.24,13,0,1,0,0,1,225,849,7,51,42,301,0,195.0,1150
00-0035685,D.Montgomery,RB,CHI,2022,25.24,16,0,0,0,0,0,201,801,5,40,34,316,1,177.70000000000002,1117
00-0035685,D.Montgomery,RB,DET,2023,26.24,14,0,0,0,0,0,219,1015,13,24,16,117,0,207.2,1132
00-0035685,D.Montgomery,RB,DET,2024,27.24,14,1,1,3,1,0,185,775,12,38,36,341,0,221.72,1116
00-0035685,D.Montgomery,RB,DET,2025,28.24,17,1,2,3,1,0,158,716,8,29,24,192,0,166.92000000000002,908
00-0035689,D.Knox,TE,BUF,2019,22.8,15,0,0,0,0,0,1,9,0,50,28,388,2,79.7,397
00-0035689,D.Knox,TE,BUF,2020,23.8,11,0,0,0,0,0,0,0,0,44,24,288,3,66.8,288
00-0035689,D.Knox,TE,BUF,2021,24.8,15,0,0,0,0,0,0,4,0,71,49,587,9,164.1,591
00-0035689,D.Knox,TE,BUF,2022,25.8,15,0,0,0,0,0,0,0,0,65,48,517,6,135.7,517
00-0035689,D.Knox,TE,BUF,2023,26.8,10,0,0,0,0,0,0,0,0,36,22,186,2,54.599999999999994,186
00-0035689,D.Knox,TE,BUF,2024,27.8,14,0,0,0,0,0,0,0,0,33,22,311,1,59.1,311
00-0035689,D.Knox,TE,BUF,2025,28.8,16,0,0,0,0,0,0,0,0,49,36,417,4,103.7,417
00-0035700,J.Jacobs,RB,LV,2019,21.56,13,0,0,0,0,0,242,1150,7,27,20,166,0,191.6,1316
00-0035700,J.Jacobs,RB,LV,2020,22.56,15,0,0,0,0,0,273,1065,12,45,33,238,0,231.3,1303
00-0035700,J.Jacobs,RB,LV,2021,23.56,15,0,0,0,0,0,217,872,9,64,54,348,0,226.0,1220
00-0035700,J.Jacobs,RB,LV,2022,24.56,17,0,0,0,0,0,340,1653,12,64,53,400,0,328.3,2053
00-0035700,J.Jacobs,RB,LV,2023,25.56,13,0,0,0,0,0,233,805,6,54,37,296,0,181.1,1101
00-0035700,J.Jacobs,RB,GB,2024,26.56,17,0,0,0,0,0,301,1329,15,43,36,342,1,293.1,1671
00-0035700,J.Jacobs,RB,GB,2025,27.56,15,0,0,0,0,0,234,929,13,44,36,282,1,237.1,1211
00-0035703,M.Boykin,WR,BAL,2019,22.89,12,0,0,0,0,0,0,0,0,22,13,198,3,50.8,198
00-0035703,M.Boykin,WR,BAL,2020,23.89,14,0,0,0,0,0,0,0,0,33,19,266,4,69.6,266
00-0035703,M.Boykin,WR,BAL,2021,24.89,1,0,0,0,0,0,0,0,0,1,1,6,0,1.6,6
00-0035703,M.Boykin,WR,PIT,2022,25.89,10,0,0,0,0,0,0,0,0,3,2,11,0,3.1,11
00-0035703,M.Boykin,WR,PIT,2023,26.89,8,0,0,0,0,0,0,0,0,4,3,17,0,4.7,17
00-0035704,D.Lock,QB,DEN,2019,22.81,5,100,156,1020,7,3,18,72,0,0,0,0,0,68.0,72
00-0035704,D.Lock,QB,DEN,2020,23.81,13,254,443,2933,16,15,44,160,3,0,0,0,0,181.32,160
00-0035704,D.Lock,QB,DEN,2021,24.81,6,67,111,787,2,2,10,53,2,1,1,1,0,51.88,54
00-0035704,D.Lock,QB,SEA,2023,26.81,4,48,76,543,3,3,5,14,0,0,0,0,0,29.119999999999997,14
00-0035704,D.Lock,QB,NYG,2024,27.81,7,107,181,1071,6,5,18,133,2,0,0,0,0,80.14,133
00-0035704,D.Lock,QB,SEA,2025,28.81,3,2,3,15,0,0,6,-5,0,0,0,0,0,0.09999999999999998,-5
00-0035710,D.Jones,QB,NYG,2019,22.26,13,284,459,3027,24,12,45,279,2,0,0,0,0,214.98000000000002,279
00-0035710,D.Jones,QB,NYG,2020,23.26,14,280,448,2943,11,10,65,423,1,0,0,0,0,180.02,423
00-0035710,D.Jones,QB,NYG,2021,24.26,11,232,361,2428,10,7,62,298,2,1,1,16,0,167.52,314
00-0035710,D.Jones,QB,NYG,2022,25.26,16,317,472,3205,15,5,120,708,7,0,0,0,0,289.0,708
00-0035710,D.Jones,QB,NYG,2023,26.26,6,108,160,909,2,6,40,206,1,0,0,0,0,56.96000000000001,206
00-0035710,D.Jones,QB,NYG,2024,27.26,10,216,341,2070,8,7,67,265,2,0,0,0,0,135.3,265
00-0035710,D.Jones,QB,IND,2025,28.26,13,261,384,3101,19,8,45,164,5,0,0,0,0,226.44,164
00-0035715,D.Gore,RB,KC,2021,26.72,8,0,0,0,0,0,51,256,2,9,8,105,0,56.1,361
00-0035715,D.Gore,RB,WAS,2023,28.72,3,0,0,0,0,0,3,26,0,0,0,0,0,2.6000000000000005,26
00-0035719,D.Samuel,WR,SF,2019,23.63,15,0,0,0,0,0,14,159,3,81,57,802,3,189.1,961
00-0035719,D.Samuel,WR,SF,2020,24.63,7,0,0,0,0,0,8,26,0,44,33,391,1,80.7,417
00-0035719,D.Samuel,WR,SF,2021,25.63,16,1,2,24,1,0,59,365,8,121,77,1405,6,338.96000000000004,1770
00-0035719,D.Samuel,WR,SF,2022,26.63,13,0,0,0,0,0,42,232,3,94,56,632,2,168.4,864
00-0035719,D.Samuel,WR,SF,2023,27.63,15,0,1,0,0,0,37,225,5,89,60,892,7,243.7,1117
00-0035719,D.Samuel,WR,SF,2024,28.63,15,0,0,0,0,0,42,136,1,81,51,670,3,155.6,806
00-0035719,D.Samuel,WR,WAS,2025,29.63,16,0,0,0,0,0,17,75,1,99,72,727,5,188.20000000000002,802
00-0035726,J.Johnson,RB,NE,2020,25.71,8,0,0,0,0,0,0,0,0,3,3,8,1,9.8,8
00-0035726,J.Johnson,RB,NE,2021,26.71,6,0,0,0,0,0,0,0,0,4,3,34,0,6.4,34
00-0035726,J.Johnson,RB,LV,2022,27.71,11,0,0,0,0,0,0,0,0,6,5,10,0,6.0,10
00-0035726,J.Johnson,RB,LV,2023,28.71,8,0,0,0,0,0,0,0,0,0,0,0,0,0.0,0
00-0035726,J.Johnson,RB,NYG,2024,29.71,1,0,0,0,0,0,0,0,0,0,0,0,0,0.0,0
00-0035726,J.Johnson,RB,HOU,2025,30.71,2,0,0,0,0,0,0,0,0,0,0,0,0,0.0,0
00-0035726,Jak.Johnson,RB,NE,2019,24.71,1,0,0,0,0,0,0,0,0,2,1,5,0,1.5,5
00-0035726,Jak.Johnson,RB,NE,2020,25.71,8,0,0,0,0,0,0,0,0,6,5,27,0,7.7,27
00-0035726,Jak.Johnson,RB,NE,2021,26.71,6,0,0,0,0,0,0,0,0,1,1,9,0,1.9,9
00-0035726,Jak.Johnson,RB,LV,2023,28.71,8,0,0,0,0,0,0,0,0,2,1,12,0,2.2,12
00-0035752,C.Streveler,QB,ARI,2020,25.65,2,11,16,105,1,1,4,15,0,0,0,0,0,7.699999999999999,15
00-0035752,C.Streveler,QB,ARI,2021,26.65,2,6,9,36,0,0,3,6,0,0,0,0,0,2.04,6
00-0035752,C.Streveler,QB,NYJ,2022,27.65,1,10,15,90,0,0,9,54,0,0,0,0,0,9.0,54
00-0035760,J.Patrick,RB,SF,2021,24.65,1,0,0,0,0,0,2,12,0,0,0,0,0,1.2000000000000002,12
00-0035771,M.Wilcox,TE,CIN,2021,24.82,4,0,0,0,0,0,0,0,0,5,3,16,0,4.6,16
00-0035771,M.Wilcox,TE,CIN,2022,25.82,9,0,0,0,0,0,0,0,0,18,17,139,1,36.9,139
00-0035771,M.Wilcox,TE,CIN,2023,26.82,12,0,0,0,0,0,0,0,0,12,9,56,0,14.6,56
00-0035787,J.Pinkney,TE,LA,2022,25.03,1,0,0,0,0,0,0,0,0,0,0,0,0,0.0,0
00-0035789,C.Rowland,WR,ATL,2020,22.7,2,0,0,0,0,0,0,0,0,0,0,0,0,0.0,0
00-0035806,J.Hasty,RB,SF,2020,23.97,6,0,0,0,0,0,39,148,1,8,7,33,0,31.1,181
00-0035806,J.Hasty,RB,SF,2021,24.97,11,0,0,0,0,0,16,68,1,29,23,157,0,51.5,225
00-0035806,J.Hasty,RB,JAX,2022,25.97,14,0,0,0,0,0,46,194,2,26,20,126,1,70.0,320
00-0035806,J.Hasty,RB,JAX,2023,26.97,1,0,0,0,0,0,0,0,0,2,0,0,0,0.0,0
00-0035806,J.Hasty,RB,NE,2024,27.97,12,0,0,0,0,0,20,69,0,12,10,59,1,28.8,128
00-0035819,B.Victor,WR,BAL,2022,25.63,1,0,0,0,0,0,0,0,0,0,0,0,0,0.0,0
00-0035823,B.Ellefson,TE,JAX,2020,24.0,3,0,0,0,0,0,0,0,0,4,1,10,0,4.0,10
00-0035823,B.Ellefson,TE,MIN,2021,25.0,3,0,0,0,0,0,0,0,0,1,0,0,0,0.0,0
00-0035823,B.Ellefson,TE,MIN,2022,26.0,2,0,0,0,0,0,0,0,0,3,3,26,0,5.6000000000000005,26
00-0035831,J.Robinson,RB,JAX,2020,22.06,14,0,0,0,0,0,240,1070,7,60,49,344,3,250.4,1414
00-0035831,J.Robinson,RB,JAX,2021,23.06,14,0,0,0,0,0,164,767,8,46,31,222,0,173.9,989
00-0035831,J.Robinson,RB,JAX,2022,24.06,11,0,0,0,0,0,110,425,3,14,11,51,2,88.6,476
00-0035831,J.Robinson,RB,GB,2023,25.06,1,0,0,0,0,0,1,2,0,1,1,-2,0,1.0,0
00-0035835,N.Cottrell,RB,JAX,2020,24.08,7,0,0,0,0,0,0,0,0,0,0,0,0,0.0,0
00-0035835,N.Cottrell,RB,JAX,2021,25.08,3,0,0,0,0,0,1,3,0,0,0,0,0,0.30000000000000004,3
00-0035838,M.Cole,WR,SF,2020,23.82,1,0,0,0,0,0,0,0,0,0,0,0,0,0.0,0
00-0035838,M.Cole,WR,CAR,2021,24.82,1,0,0,0,0,0,0,0,0,0,0,0,0,0.0,0
00-0035844,K.Merritt,WR,MIA,2021,24.66,1,0,0,0,0,0,0,0,0,3,1,13,0,2.3,13
00-0035848,D.Harris,WR,IND,2020,22.14,6,0,0,0,0,0,6,46,0,10,10,79,0,22.5,125
00-0035860,T.Jones,RB,NO,2020,22.77,1,0,0,0,0,0,3,13,0,0,0,0,0,1.3,13
00-0035860,T.Jones,RB,NO,2021,23.77,10,0,0,0,0,0,54,142,0,8,5,29,0,22.1,171
00-0035860,T.Jones,RB,SEA,2022,24.77,3,0,0,0,0,0,10,24,0,8,5,30,0,10.4,54
00-0035860,T.Jones,RB,ARI,2023,25.77,6,0,0,0,0,0,26,95,2,10,7,37,0,32.2,132
00-0035860,T.Jones,RB,ARI,2024,26.77,1,0,0,0,0,0,4,55,1,0,0,0,0,11.5,55
00-0035864,K.Hinton,WR,DEN,2020,23.54,1,1,9,13,0,2,2,7,0,0,0,0,0,-2.78,7
00-0035864,K.Hinton,WR,DEN,2021,24.54,11,1,1,1,0,0,0,0,0,23,15,175,1,38.54,175
00-0035864,K.Hinton,WR,DEN,2022,25.54,11,0,0,0,0,0,2,13,0,33,24,311,0,56.4,324
00-0035869,A.Mack,WR,NYG,2020,23.0,5,0,0,0,0,0,0,0,0,11,7,91,0,16.099999999999998,91
00-0035876,A.Baccellia,WR,ARI,2022,25.65,5,0,0,0,0,0,0,0,0,10,7,45,0,11.5,45
00-0035876,A.Baccellia,WR,ARI,2023,26.65,1,0,0,0,0,0,0,0,0,0,0,0,0,0.0,0
00-0035876,A.Baccellia,WR,ARI,2025,28.65,4,0,0,0,0,0,0,0,0,4,2,8,0,2.8,8
00-0035883,M.Ffrench,WR,LAC,2021,23.67,2,0,0,0,0,0,1,3,0,0,0,0,0,0.30000000000000004,3
00-0035891,C.White,WR,PIT,2021,22.76,6,0,0,0,0,0,0,0,0,6,5,33,0,8.3,33
00-0035891,C.White,WR,PIT,2022,23.76,1,0,0,0,0,0,0,0,0,1,1,2,0,1.2,2
00-0035891,C.White,WR,SEA,2024,25.76,2,0,0,0,0,0,0,0,0,3,2,44,0,6.4,44
00-0035891,C.White,WR,SEA,2025,26.76,8,0,0,0,0,0,0,0,0,4,3,90,1,18.0,90
00-0035898,D.Bradwell,RB,LAC,2021,24.3,1,0,0,0,0,0,0,0,0,1,0,0,0,0.0,0
00-0035912,L.Bellamy,RB,DEN,2020,23.76,4,0,0,0,0,0,4,11,0,1,1,5,0,2.6,16
00-0035924,J.Ward,RB,ARI,2020,22.92,7,0,0,0,0,0,0,0,0,1,1,11,1,8.1,11
00-0035924,J.Ward,RB,ARI,2021,23.92,9,0,0,0,0,0,9,33,0,4,3,34,0,9.7,67
00-0035924,J.Ward,RB,TEN,2022,24.92,4,0,0,0,0,0,5,25,0,3,2,7,0,5.2,32
00-0035924,J.Ward,RB,TEN,2023,25.92,2,0,0,0,0,0,3,11,0,0,0,0,0,1.1,11
00-0035924,J.Ward,RB,PIT,2024,26.92,4,0,0,0,0,0,5,22,0,0,0,0,0,2.2,22
00-0035934,T.Jackson,WR,MIN,2023,25.48,2,0,0,0,0,0,0,0,0,4,2,9,0,4.9,9
00-0035935,J.Koski,WR,LA,2021,24.68,3,0,0,0,0,0,0,0,0,0,0,0,0,0.0,0
00-0035939,B.Perkins,QB,LA,2022,25.7,5,19,34,161,1,2,19,90,0,0,0,0,0,15.440000000000003,90
00-0035956,G.Ricci,TE,CAR,2021,24.88,8,0,0,0,0,0,0,0,0,2,0,0,0,0.0,0
00-0035956,G.Ricci,TE,CAR,2022,25.88,11,0,0,0,0,0,0,0,0,9,8,100,0,18.0,100
00-0035956,G.Ricci,TE,CAR,2023,26.88,2,0,0,0,0,0,0,0,0,1,1,2,0,1.2,2
00-0035956,G.Ricci,TE,DET,2025,28.88,2,0,0,0,0,0,0,0,0,1,0,0,0,0.0,0
00-0035957,R.Smith,RB,CAR,2020,24.51,7,0,0,0,0,0,41,156,1,11,9,59,0,36.5,215
00-0035957,R.Smith,RB,CAR,2021,25.51,1,0,0,0,0,0,0,0,0,5,5,48,0,9.8,48
00-0035973,P.Taylor,RB,GB,2021,23.34,5,0,0,0,0,0,23,89,1,2,2,3,0,17.200000000000003,92
00-0035973,P.Taylor,RB,GB,2022,24.34,6,0,0,0,0,0,10,31,0,1,1,17,0,5.800000000000001,48
00-0035973,P.Taylor,RB,GB,2023,25.34,11,0,0,0,0,0,32,141,0,17,11,49,0,30.0,190
00-0035973,P.Taylor,RB,SF,2024,26.34,7,0,0,0,0,0,39,183,1,11,3,25,0,29.8,208
00-0035976,D.Chisena,WR,MIN,2020,23.52,7,0,0,0,0,0,0,0,0,0,0,0,0,0.0,0
00-0035976,D.Chisena,WR,MIN,2021,24.52,2,0,0,0,0,0,0,0,0,0,0,0,0,0.0,0
00-0035976,D.Chisena,WR,MIN,2022,25.52,2,0,0,0,0,0,0,0,0,0,0,0,0,0.0,0
00-0035976,D.Chisena,WR,ARI,2023,26.52,1,0,0,0,0,0,0,0,0,0,0,0,0,0.0,0
00-0035976,D.Chisena,WR,CAR,2024,27.52,4,0,0,0,0,0,0,0,0,4,3,37,0,6.7,37
00-0035993,T.Huntley,QB,BAL,2020,22.58,2,3,5,15,0,0,10,23,0,0,0,0,0,2.9000000000000004,23
00-0035993,T.Huntley,QB,BAL,2021,23.58,7,122,188,1081,3,4,47,294,2,0,0,0,0,82.64000000000001,294
00-0035993,T.Huntley,QB,BAL,2022,24.58,5,75,112,658,2,3,43,137,1,0,0,0,0,50.02,137
00-0035993,T.Huntley,QB,BAL,2023,25.58,5,21,37,203,3,0,15,55,0,0,0,0,0,25.619999999999997,55
00-0035993,T.Huntley,QB,MIA,2024,26.58,5,86,133,829,3,3,26,135,2,0,0,0,0,60.66,135
00-0035993,T.Huntley,QB,BAL,2025,27.58,5,52,67,426,2,0,24,151,0,0,0,0,0,40.14,151
00-0036000,A.Killins,RB,PHI,2020,22.67,1,0,0,0,0,0,1,-12,0,1,1,2,0,0.0,-10
00-0036005,N.Togiai,TE,IND,2020,23.15,1,0,0,0,0,0,0,0,0,1,0,0,0,0.0,0
00-0036005,N.Togiai,TE,PHI,2021,24.15,1,0,0,0,0,0,0,0,0,0,0,0,0,0.0,0
00-0036005,N.Togiai,TE,PHI,2022,25.15,1,0,0,0,0,0,0,0,0,1,0,0,0,0.0,0
00-0036008,H.Bryant,TE,DET,2020,22.03,3,0,0,0,0,0,0,0,0,3,1,44,0,5.4,44
00-0036020,S.Ahmed,RB,MIA,2020,21.67,6,0,0,0,0,0,75,319,3,14,11,61,0,69.0,380
00-0036020,S.Ahmed,RB,MIA,2021,22.67,11,0,0,0,0,0,54,149,0,19,12,117,0,38.6,266
00-0036020,S.Ahmed,RB,MIA,2022,23.67,6,0,0,0,0,0,12,64,1,1,1,8,0,14.200000000000001,72
00-0036020,S.Ahmed,RB,MIA,2023,24.67,7,0,0,0,0,0,22,61,1,23,16,88,1,42.9,149
00-0036032,S.McKeon,TE,DAL,2020,22.68,1,0,0,0,0,0,0,0,0,0,0,0,0,0.0,0
00-0036032,S.McKeon,TE,DAL,2021,23.68,5,0,0,0,0,0,0,0,0,6,4,27,1,12.7,27
00-0036032,S.McKeon,TE,DAL,2022,24.68,3,0,0,0,0,0,0,0,0,3,2,11,0,3.1,11
00-0036032,S.McKeon,TE,DAL,2023,25.68,8,0,0,0,0,0,0,0,0,2,0,0,0,0.0,0
00-0036033,S.Olonilua,RB,DAL,2020,22.76,1,0,0,0,0,0,0,0,0,0,0,0,0,0.0,0
00-0036040,J.Johnson,TE,NO,2020,23.97,5,0,0,0,0,0,0,0,0,10,4,39,0,7.9,39
00-0036040,J.Johnson,TE,NO,2021,24.97,13,0,0,0,0,0,0,0,0,22,13,159,4,52.900000000000006,159
00-0036040,J.Johnson,TE,NO,2022,25.97,16,0,0,0,0,0,0,0,0,65,42,508,7,134.8,508
00-0036040,J.Johnson,TE,NO,2023,26.97,13,0,0,0,0,0,0,0,0,59,37,368,4,97.8,368
00-0036040,J.Johnson,TE,NO,2024,27.97,15,0,0,0,0,0,0,0,0,66,50,548,3,122.80000000000001,548
00-0036040,J.Johnson,TE,NO,2025,28.97,17,0,0,0,0,0,0,0,0,102,77,889,3,179.9,889
00-0036059,T.Mabry,TE,SEA,2022,25.78,1,0,0,0,0,0,0,0,0,1,1,7,1,7.7,7
00-0036069,S.Phillips,RB,HOU,2020,22.9,1,0,0,0,0,0,2,9,0,1,1,7,0,2.6,16
00-0036069,S.Phillips,RB,HOU,2021,23.9,2,0,0,0,0,0,6,13,0,3,2,9,0,4.2,22
00-0036078,X.Jones,RB,LA,2020,23.02,5,0,0,0,0,0,0,0,0,0,0,0,0,0.0,0
00-0036080,E.Winston,WR,NO,2021,24.71,3,0,0,0,0,0,0,0,0,1,1,5,0,1.5,5
00-0036096,J.Taylor,RB,NE,2020,22.66,6,0,0,0,0,0,23,110,0,2,1,4,0,12.4,114
00-0036096,J.Taylor,RB,NE,2021,23.66,5,0,0,0,0,0,19,37,2,4,4,8,0,18.5,45
00-0036096,J.Taylor,RB,NE,2022,24.66,1,0,0,0,0,0,10,9,0,1,1,8,0,2.7,17
00-0036096,J.Taylor,RB,HOU,2024,26.66,3,0,0,0,0,0,10,44,0,3,2,0,0,6.4,44
00-0036100,I.Zuber,WR,NE,2020,23.38,4,0,0,0,0,0,2,21,0,2,2,29,0,7.0,50
00-0036110,J.Bradley,WR,CLE,2020,23.72,1,0,0,0,0,0,0,0,0,11,5,60,0,11.0,60
00-0036110,J.Bradley,WR,CLE,2021,24.72,4,0,0,0,0,0,0,0,0,4,4,64,0,10.4,64
00-0036133,J.Proche,WR,BAL,2020,23.95,13,0,0,0,0,0,0,0,0,3,1,14,0,2.4000000000000004,14
00-0036133,J.Proche,WR,BAL,2021,24.95,7,0,0,0,0,0,0,0,0,20,16,202,0,36.2,202
00-0036133,J.Proche,WR,BAL,2022,25.95,11,0,1,0,0,1,0,0,0,17,8,62,0,12.200000000000001,62
00-0036133,J.Proche,WR,CLE,2023,26.95,10,0,0,0,0,0,0,0,0,5,0,0,0,0.0,0
00-0036133,J.Proche,WR,CLE,2024,27.95,9,0,0,0,0,0,0,0,0,3,3,21,0,5.1,21
00-0036133,J.Proche,WR,TEN,2025,28.95,6,0,0,0,0,0,0,0,0,12,6,65,0,12.5,65
00-0036139,R.Dowdle,RB,DAL,2020,22.22,5,0,0,0,0,0,7,24,0,0,0,0,0,2.4000000000000004,24
00-0036139,R.Dowdle,RB,DAL,2022,24.22,2,0,0,0,0,0,0,0,0,0,0,0,0,0.0,0
00-0036139,R.Dowdle,RB,DAL,2023,25.22,16,0,0,0,0,0,89,361,2,22,17,144,2,91.5,505
00-0036139,R.Dowdle,RB,DAL,2024,26.22,16,0,0,0,0,0,235,1079,2,49,39,249,3,197.8,1328
00-0036139,R.Dowdle,RB,CAR,2025,27.22,17,0,0,0,0,0,236,1076,6,50,39,297,1,216.3,1373
00-0036142,I.Wright,WR,WAS,2020,23.64,11,0,1,0,0,0,3,16,0,35,27,197,0,48.3,213
00-0036145,L.Cager,TE,NYJ,2020,23.03,2,0,0,0,0,0,0,0,0,6,2,35,0,5.5,35
00-0036145,L.Cager,TE,NYG,2022,25.03,6,0,0,0,0,0,0,0,0,19,13,118,1,30.8,118
00-0036145,L.Cager,TE,NYG,2023,26.03,5,0,0,0,0,0,0,0,0,5,4,36,1,13.6,36
00-0036158,J.Dobbins,RB,BAL,2020,21.71,15,0,0,0,0,0,134,805,9,24,18,120,0,168.5,925
00-0036158,J.Dobbins,RB,BAL,2022,23.71,8,0,0,0,0,0,92,520,2,8,7,42,1,81.2,562
00-0036158,J.Dobbins,RB,BAL,2023,24.71,1,0,0,0,0,0,8,22,1,3,2,15,0,11.7,37
00-0036158,J.Dobbins,RB,LAC,2024,25.71,13,0,0,0,0,0,195,905,9,38,32,153,0,191.8,1058
00-0036158,J.Dobbins,RB,DEN,2025,26.71,10,0,0,0,0,0,153,772,4,14,11,37,0,115.9,809
00-0036165,I.Hodgins,WR,NYG,2022,23.86,9,0,0,0,0,0,0,0,0,48,37,392,4,100.2,392
00-0036165,I.Hodgins,WR,NYG,2023,24.86,14,0,0,0,0,0,0,0,0,33,21,230,3,60.0,230
00-0036165,I.Hodgins,WR,NYG,2024,25.86,2,0,0,0,0,0,0,0,0,2,2,12,0,3.2,12
00-0036165,I.Hodgins,WR,NYG,2025,26.86,6,0,0,0,0,0,0,0,0,19,10,115,1,27.5,115
00-0036173,T.Hudson,TE,TEN,2021,24.53,4,0,0,0,0,0,0,0,0,6,3,31,0,6.1000000000000005,31
00-0036176,M.Kinsey,WR,TEN,2021,23.01,1,0,0,0,0,0,0,0,0,0,0,0,0,0.0,0
00-0036176,M.Kinsey,WR,TEN,2022,24.01,2,0,0,0,0,0,0,0,0,1,1,3,0,1.3,3
00-0036176,M.Kinsey,WR,TEN,2023,25.01,6,0,0,0,0,0,0,0,0,1,1,6,0,1.6,6
00-0036176,M.Kinsey,WR,TEN,2024,26.01,6,0,0,0,0,0,0,0,0,2,2,17,0,3.7,17
00-0036176,M.Kinsey,WR,TEN,2025,27.01,6,0,0,0,0,0,0,0,0,4,2,48,0,6.800000000000001,48
00-0036182,N.Westbrook,WR,TEN,2020,23.45,9,0,0,0,0,0,0,0,0,3,1,7,0,3.7,7
00-0036182,N.Westbrook-Ikhine,WR,TEN,2020,23.45,9,0,0,0,0,0,0,0,0,5,2,26,0,4.6000000000000005,26
00-0036182,N.Westbrook-Ikhine,WR,TEN,2021,24.45,15,0,0,0,0,0,0,0,0,57,38,476,4,107.60000000000001,476
00-0036182,N.Westbrook-Ikhine,WR,TEN,2022,25.45,16,0,0,0,0,0,0,0,0,50,25,397,3,82.7,397
00-0036182,N.Westbrook-Ikhine,WR,TEN,2023,26.45,13,0,0,0,0,0,0,0,0,45,28,370,3,85.0,370
00-0036182,N.Westbrook-Ikhine,WR,TEN,2024,27.45,14,0,0,0,0,0,0,0,0,60,32,497,9,135.7,497
00-0036182,N.Westbrook-Ikhine,WR,MIA,2025,28.45,13,0,0,0,0,0,0,0,0,20,11,89,0,19.9,89
00-0036183,K.Wilkerson,WR,NE,2021,24.64,1,0,0,0,0,0,0,0,0,8,4,42,2,20.2,42
00-0036183,K.Wilkerson,WR,LV,2024,27.64,1,0,0,0,0,0,0,0,0,3,2,18,1,9.8,18
00-0036188,A.Williams,RB,BUF,2020,22.86,1,0,0,0,0,0,12,63,2,1,1,20,0,21.3,83
00-0036194,D.Asiasi,TE,NE,2020,23.05,4,0,0,0,0,0,0,0,0,7,2,39,1,11.9,39
00-0036194,D.Asiasi,TE,CIN,2022,25.05,5,0,0,0,0,0,0,0,0,4,2,5,0,2.5,5
00-0036196,G.Davis,WR,BUF,2020,21.5,16,0,0,0,0,0,1,0,0,62,35,599,7,136.9,599
00-0036196,G.Davis,WR,BUF,2021,22.5,15,0,0,0,0,0,0,0,0,63,35,549,6,125.9,549
00-0036196,G.Davis,WR,BUF,2022,23.5,15,0,0,0,0,0,0,0,0,93,48,836,7,171.6,836
00-0036196,G.Davis,WR,BUF,2023,24.5,16,0,0,0,0,0,1,-2,0,81,45,746,7,161.4,744
00-0036196,G.Davis,WR,JAX,2024,25.5,10,0,0,0,0,0,0,0,0,42,20,239,2,53.9,239
00-0036196,G.Davis,WR,BUF,2025,26.5,6,0,0,0,0,0,0,0,0,18,12,129,1,30.900000000000002,129
00-0036197,J.Fromm,QB,NYG,2021,23.09,3,27,60,210,1,3,8,65,0,0,0,0,0,10.900000000000002,65
00-0036208,A.Pierce,RB,CHI,2020,24.29,4,0,0,0,0,0,6,34,1,0,0,0,0,9.4,34
00-0036208,A.Pierce,RB,CHI,2021,25.29,1,0,0,0,0,0,0,0,0,0,0,0,0,0.0,0
00-0036212,T.Tagovailoa,QB,MIA,2020,22.5,10,186,290,1814,11,5,36,109,3,0,0,0,0,135.46,109
00-0036212,T.Tagovailoa,QB,MIA,2021,23.5,13,263,388,2653,16,10,42,128,3,0,0,0,0,180.92000000000002,128
00-0036212,T.Tagovailoa,QB,MIA,2022,24.5,13,259,400,3548,25,8,24,70,0,0,0,0,0,230.92000000000002,70
00-0036212,T.Tagovailoa,QB,MIA,2023,25.5,17,388,560,4624,29,14,35,74,0,0,0,0,0,270.36,74
00-0036212,T.Tagovailoa,QB,MIA,2024,26.5,11,291,399,2867,19,7,17,49,0,0,0,0,0,181.58,49
00-0036212,T.Tagovailoa,QB,MIA,2025,27.5,14,260,384,2660,20,15,20,43,0,0,0,0,0,160.70000000000002,43
00-0036219,M.Callaway,WR,NO,2020,22.43,9,0,0,0,0,0,0,0,0,27,21,213,0,42.3,213
00-0036219,M.Callaway,WR,NO,2021,23.43,17,0,0,0,0,0,0,0,0,84,46,698,6,151.8,698
00-0036219,M.Callaway,WR,NO,2022,24.43,10,0,0,0,0,0,0,0,0,32,16,158,1,37.800000000000004,158
00-0036223,J.Taylor,RB,IND,2020,21.62,15,0,0,0,0,0,232,1169,11,39,36,299,1,252.8,1468
00-0036223,J.Taylor,RB,IND,2021,22.62,17,0,0,0,0,0,332,1811,18,51,40,360,2,373.1,2171
00-0036223,J.Taylor,RB,IND,2022,23.62,11,0,0,0,0,0,192,861,4,40,28,143,0,146.4,1004
00-0036223,J.Taylor,RB,IND,2023,24.62,10,0,0,0,0,0,169,741,7,23,19,153,1,156.4,894
00-0036223,J.Taylor,RB,IND,2024,25.62,14,0,0,0,0,0,303,1431,11,31,18,136,1,244.70000000000002,1567
00-0036223,J.Taylor,RB,IND,2025,26.62,17,0,0,0,0,0,323,1585,18,55,46,378,2,362.3,1963
00-0036225,D.Keene,TE,NE,2020,21.38,3,0,0,0,0,0,0,0,0,5,3,16,0,4.6,16
00-0036226,J.Eason,QB,IND,2021,23.79,1,2,5,25,0,1,0,0,0,0,0,0,0,-1.0,0
00-0036226,J.Eason,QB,CAR,2022,24.79,1,3,5,59,0,1,0,0,0,0,0,0,0,0.3599999999999999,0
00-0036228,D.Patmon,WR,IND,2021,23.07,4,0,0,0,0,0,0,0,0,4,2,21,1,10.1,21
00-0036228,D.Patmon,WR,IND,2022,24.07,1,0,0,0,0,0,0,0,0,6,2,24,0,4.4,24
00-0036232,H.Bryant,TE,CLE,2020,22.36,12,0,0,0,0,0,0,0,0,38,24,238,3,61.800000000000004,238
00-0036232,H.Bryant,TE,CLE,2021,23.36,15,0,0,0,0,0,0,0,0,28,21,233,3,62.3,233
00-0036232,H.Bryant,TE,CLE,2022,24.36,14,0,0,0,0,0,1,8,0,42,31,239,1,61.7,247
00-0036232,H.Bryant,TE,CLE,2023,25.36,14,0,0,0,0,0,5,8,0,20,13,81,3,37.9,89
00-0036232,H.Bryant,TE,LV,2024,26.36,6,0,0,0,0,0,0,0,0,12,9,86,0,17.6,86
00-0036232,H.Bryant,TE,HOU,2025,27.36,5,0,0,0,0,0,0,0,0,6,2,7,0,2.7,7
00-0036233,D.Peoples-Jones,WR,CLE,2020,21.54,12,0,0,0,0,0,0,0,0,20,14,304,2,58.400000000000006,304
00-0036233,D.Peoples-Jones,WR,CLE,2021,22.54,13,0,0,0,0,0,0,0,0,58,34,597,3,109.7,597
00-0036233,D.Peoples-Jones,WR,CLE,2022,23.54,17,0,0,0,0,0,1,2,0,96,61,839,3,167.1,841
00-0036233,D.Peoples-Jones,WR,CLE,2023,24.54,14,0,0,0,0,0,0,0,0,25,13,155,0,28.5,155
00-0036244,C.Parkinson,TE,SEA,2020,21.65,1,0,0,0,0,0,0,0,0,2,2,16,0,3.6,16
00-0036244,C.Parkinson,TE,SEA,2021,22.65,5,0,0,0,0,0,0,0,0,8,5,33,0,8.3,33
00-0036244,C.Parkinson,TE,SEA,2022,23.65,14,0,0,0,0,0,0,0,0,34,25,322,2,69.2,322
00-0036244,C.Parkinson,TE,SEA,2023,24.65,15,0,0,0,0,0,0,0,0,34,25,247,2,61.7,247
00-0036244,C.Parkinson,TE,LA,2024,25.65,16,0,0,0,0,0,0,0,0,49,30,294,1,65.4,294
00-0036244,C.Parkinson,TE,LA,2025,26.65,14,0,0,0,0,0,0,0,0,56,43,408,8,129.8,408
00-0036245,M.Perry,RB,MIA,2020,23.37,9,0,0,0,0,0,3,5,0,13,9,92,1,24.700000000000003,97
00-0036247,F.Swain,WR,SEA,2020,22.08,13,0,0,0,0,0,0,0,0,21,13,159,2,40.9,159
00-0036247,F.Swain,WR,SEA,2021,23.08,17,0,0,0,0,0,5,32,0,40,25,343,4,86.5,375
00-0036247,F.Swain,WR,DEN,2022,24.08,3,0,0,0,0,0,0,0,0,6,4,74,0,11.4,74
00-0036250,T.Davis,TE,JAX,2020,23.42,1,0,0,0,0,0,0,0,0,2,0,0,0,0.0,0
00-0036250,T.Davis,TE,GB,2021,24.42,8,0,0,0,0,0,0,0,0,5,4,35,0,7.5,35
00-0036250,T.Davis,TE,GB,2022,25.42,11,0,0,0,0,0,0,0,0,7,4,26,0,6.6,26
00-0036251,Z.Moss,RB,BUF,2020,22.71,13,0,0,0,0,0,112,481,4,18,14,95,1,101.6,576
00-0036251,Z.Moss,RB,BUF,2021,23.71,13,0,0,0,0,0,96,345,4,32,23,197,1,105.2,542
00-0036251,Z.Moss,RB,IND,2022,24.71,13,0,0,0,0,0,93,456,1,13,11,39,0,64.5,495
00-0036251,Z.Moss,RB,IND,2023,25.71,14,0,0,0,0,0,183,794,5,37,27,192,2,169.6,986
00-0036251,Z.Moss,RB,CIN,2024,26.71,8,0,0,0,0,0,74,242,2,27,23,187,1,81.9,429
00-0036252,M.Pittman,WR,IND,2020,22.91,13,0,0,0,0,0,3,26,0,61,40,503,1,98.9,529
00-0036252,M.Pittman,WR,IND,2021,23.91,17,0,0,0,0,0,5,44,0,129,88,1082,6,238.6,1126
00-0036252,M.Pittman,WR,IND,2022,24.91,16,0,0,0,0,0,3,30,0,141,99,925,4,216.5,955
00-0036252,M.Pittman,WR,IND,2023,25.91,16,0,0,0,0,0,0,0,0,156,109,1152,4,252.20000000000002,1152
00-0036252,M.Pittman,WR,IND,2024,26.91,16,0,0,0,0,0,0,0,0,111,69,808,3,165.8,808
00-0036252,M.Pittman,WR,IND,2025,27.91,17,0,0,0,0,0,0,0,0,111,80,784,7,202.4,784
00-0036254,C.Johnson,WR,JAX,2020,22.94,11,0,0,0,0,0,0,0,0,31,18,272,2,59.2,272
00-0036254,C.Johnson,WR,NYG,2021,23.94,8,0,0,0,0,0,0,0,0,21,11,105,0,21.5,105
00-0036254,C.Johnson,WR,CHI,2023,25.94,1,0,0,0,0,0,0,0,0,1,1,11,0,2.1,11
00-0036254,C.Johnson,WR,CHI,2024,26.94,6,0,0,0,0,0,0,0,0,2,1,6,0,1.6,6
00-0036255,D.Mims,WR,NYJ,2020,22.89,9,0,0,0,0,0,0,0,0,44,23,357,0,60.699999999999996,357
00-0036255,D.Mims,WR,NYJ,2021,23.89,10,0,0,0,0,0,0,0,0,23,8,133,0,21.3,133
00-0036255,D.Mims,WR,NYJ,2022,24.89,9,0,0,0,0,0,0,0,0,25,11,186,0,29.6,186
00-0036259,J.Jennings,WR,SF,2021,24.14,13,0,0,0,0,0,0,0,0,38,24,282,5,82.2,282
00-0036259,J.Jennings,WR,SF,2022,25.14,16,0,0,0,0,0,0,0,0,56,35,416,1,82.6,416
00-0036259,J.Jennings,WR,SF,2023,26.14,13,0,0,0,0,0,0,0,0,33,19,265,1,51.5,265
00-0036259,J.Jennings,WR,SF,2024,27.14,15,0,0,0,0,0,0,0,0,113,77,975,6,210.5,975
00-0036259,J.Jennings,WR,SF,2025,28.14,15,0,0,0,0,0,0,0,0,90,55,643,9,173.3,643
00-0036261,B.Aiyuk,WR,SF,2020,22.46,12,0,0,0,0,0,6,77,2,96,60,748,5,184.5,825
00-0036261,B.Aiyuk,WR,SF,2021,23.46,17,0,0,0,0,0,5,17,0,84,56,826,5,170.3,843
00-0036261,B.Aiyuk,WR,SF,2022,24.46,17,0,0,0,0,0,2,23,0,114,78,1015,8,227.8,1038
00-0036261,B.Aiyuk,WR,SF,2023,25.46,16,0,0,0,0,0,0,0,0,105,75,1342,7,249.2,1342
00-0036261,B.Aiyuk,WR,SF,2024,26.46,7,0,0,0,0,0,0,0,0,47,25,374,0,62.400000000000006,374
00-0036264,J.Love,QB,GB,2021,22.83,6,36,62,411,2,3,12,27,0,0,0,0,0,21.14,27
00-0036264,J.Love,QB,GB,2022,23.83,4,14,21,195,1,0,1,-1,0,0,0,0,0,11.7,-1
00-0036264,J.Love,QB,GB,2023,24.83,17,372,579,4159,32,11,50,247,4,0,0,0,0,319.06,247
00-0036264,J.Love,QB,GB,2024,25.83,15,268,425,3389,25,11,25,83,1,0,0,0,0,233.86,83
00-0036264,J.Love,QB,GB,2025,26.83,15,291,439,3381,23,6,47,199,0,0,0,0,0,235.14,199
00-0036265,A.Dillon,RB,GB,2020,22.33,9,0,0,0,0,0,46,242,2,2,2,21,0,40.3,263
00-0036265,A.Dillon,RB,GB,2021,23.33,17,0,0,0,0,0,187,803,5,37,34,313,2,185.6,1116
00-0036265,A.Dillon,RB,GB,2022,24.33,17,0,0,0,0,0,186,770,7,43,28,206,0,167.6,976
00-0036265,A.Dillon,RB,GB,2023,25.33,15,0,0,0,0,0,178,613,2,28,22,223,0,117.60000000000001,836
00-0036265,A.Dillon,RB,PHI,2025,27.33,6,0,0,0,0,0,12,60,0,3,3,21,0,9.100000000000001,81
00-0036268,L.Shenault,WR,JAX,2020,21.91,14,0,0,0,0,0,8,48,0,14,11,105,1,32.3,153
00-0036268,L.Shenault,WR,JAX,2021,22.91,16,0,0,0,0,0,11,41,0,100,63,619,0,127.0,660
00-0036268,L.Shenault,WR,CAR,2022,23.91,13,0,0,0,0,0,9,65,1,32,27,272,1,72.7,337
00-0036268,L.Shenault,WR,CAR,2023,24.91,8,0,0,0,0,0,12,55,0,10,10,60,0,21.5,115
00-0036268,L.Shenault,WR,SEA,2024,25.91,10,0,0,0,0,0,1,1,0,5,5,36,0,14.7,37
00-0036268,L.Shenault Jr.,WR,JAX,2020,21.91,14,0,0,0,0,0,10,43,0,65,47,495,4,124.80000000000001,538
00-0036269,L.Perine,RB,NYJ,2020,22.59,10,0,0,0,0,0,64,232,2,15,11,63,0,52.50000000000001,295
00-0036269,L.Perine,RB,NYJ,2021,23.59,2,0,0,0,0,0,8,31,0,0,0,0,0,3.1000000000000005,31
00-0036269,L.Perine,RB,KC,2023,25.59,2,0,0,0,0,0,22,77,0,5,3,33,0,14.0,110
00-0036271,Q.Watkins,WR,PHI,2020,22.23,4,0,0,0,0,0,0,0,0,13,7,106,1,23.6,106
00-0036271,Q.Watkins,WR,PHI,2021,23.23,17,0,0,0,0,0,1,3,0,62,43,647,1,116.0,650
00-0036271,Q.Watkins,WR,PHI,2022,24.23,17,0,0,0,0,0,3,1,0,51,33,354,3,84.5,355
00-0036271,Q.Watkins,WR,PHI,2023,25.23,5,0,0,0,0,0,0,0,0,21,15,142,1,35.2,142
00-0036275,D.Swift,RB,DET,2020,21.63,13,0,0,0,0,0,114,521,8,57,46,357,2,189.8,878
00-0036275,D.Swift,RB,DET,2021,22.63,13,0,1,0,0,0,151,617,5,78,62,452,2,208.9,1069
00-0036275,D.Swift,RB,DET,2022,23.63,14,0,0,0,0,0,99,542,5,70,48,389,3,191.1,931
00-0036275,D.Swift,RB,PHI,2023,24.63,16,0,0,0,0,0,229,1049,5,49,39,214,1,199.3,1263
00-0036275,D.Swift,RB,CHI,2024,25.63,17,0,0,0,0,0,253,959,6,52,42,386,0,214.5,1345
00-0036275,D.Swift,RB,CHI,2025,26.63,16,0,0,0,0,0,223,1087,9,48,34,299,1,228.60000000000002,1386
00-0036277,Q.Cephus,WR,DET,2020,22.42,12,0,0,0,0,0,0,0,0,35,20,349,2,66.9,349
00-0036277,Q.Cephus,WR,DET,2021,23.42,5,0,0,0,0,0,0,0,0,22,15,204,2,49.400000000000006,204
00-0036277,Q.Cephus,WR,DET,2022,24.42,3,0,0,0,0,0,0,0,0,3,2,15,0,3.5,15
00-0036278,J.Huntley,RB,PHI,2020,22.37,4,0,0,0,0,0,5,19,0,2,1,0,0,2.9000000000000004,19
00-0036278,J.Huntley,RB,PHI,2021,23.37,1,0,0,0,0,0,13,51,0,1,0,0,0,5.1000000000000005,51
00-0036290,C.Kmet,TE,CHI,2020,21.48,15,0,0,0,0,0,1,-3,0,44,28,243,2,62.0,240
00-0036290,C.Kmet,TE,CHI,2021,22.48,17,0,0,0,0,0,1,0,0,93,60,612,0,121.2,612
00-0036290,C.Kmet,TE,CHI,2022,23.48,17,0,0,0,0,0,2,9,0,69,50,544,7,147.29999999999998,553
00-0036290,C.Kmet,TE,CHI,2023,24.48,16,0,0,0,0,0,3,2,0,90,73,719,6,181.1,721
00-0036290,C.Kmet,TE,CHI,2024,25.48,16,0,0,0,0,0,0,0,0,55,47,474,4,120.4,474
00-0036290,C.Kmet,TE,CHI,2025,26.48,16,0,1,0,0,0,0,0,0,48,30,347,2,78.7,347
00-0036297,D.Evans,RB,TEN,2020,22.15,5,0,0,0,0,0,14,54,0,4,2,27,1,16.099999999999998,81
00-0036297,D.Evans,RB,TEN,2021,23.15,1,0,0,0,0,0,2,7,0,2,2,11,0,3.8,18
00-0036297,D.Evans,RB,CHI,2022,24.15,3,0,0,0,0,0,14,64,0,1,1,33,0,10.700000000000001,97
00-0036297,D.Evans,RB,CHI,2023,25.15,6,0,0,0,0,0,32,121,1,12,7,49,0,30.0,170
00-0036297,D.Evans,RB,CHI,2024,26.15,1,0,0,0,0,0,3,3,0,0,0,0,0,0.30000000000000004,3
00-0036308,I.Coulter,WR,CHI,2021,22.95,1,0,0,0,0,0,0,0,0,1,0,0,0,0.0,0
00-0036309,D.Mooney,WR,CHI,2020,22.84,16,0,0,0,0,0,4,20,0,98,61,631,4,152.1,651
00-0036309,D.Mooney,WR,CHI,2021,23.84,17,0,0,0,0,0,6,32,1,140,81,1055,4,219.70000000000002,1087
00-0036309,D.Mooney,WR,CHI,2022,24.84,11,0,0,0,0,0,1,2,0,61,40,493,2,101.5,495
00-0036309,D.Mooney,WR,CHI,2023,25.84,14,0,0,0,0,0,2,5,0,61,31,414,1,78.9,419
00-0036309,D.Mooney,WR,ATL,2024,26.84,16,0,1,0,0,0,0,0,0,106,64,992,5,193.20000000000002,992
00-0036309,D.Mooney,WR,ATL,2025,27.84,15,0,0,0,0,0,0,0,0,72,32,443,1,82.3,443
00-0036312,J.Luton,QB,JAX,2020,24.39,3,60,110,624,2,6,1,13,1,0,0,0,0,28.26,13
00-0036322,J.Jefferson,WR,MIN,2020,21.21,16,0,0,0,0,0,1,2,0,125,88,1400,7,274.2,1402
00-0036322,J.Jefferson,WR,MIN,2021,22.21,17,2,4,35,0,0,6,14,0,167,108,1616,10,330.4,1630
00-0036322,J.Jefferson,WR,MIN,2022,23.21,17,2,2,34,0,0,4,24,1,184,128,1809,8,368.66,1833
00-0036322,J.Jefferson,WR,MIN,2023,24.21,10,0,1,0,0,0,1,-12,0,100,68,1074,5,202.2,1062
00-0036322,J.Jefferson,WR,MIN,2024,25.21,17,1,1,22,0,0,1,3,0,154,103,1533,10,317.48,1536
00-0036322,J.Jefferson,WR,MIN,2025,26.21,17,0,0,0,0,0,2,7,0,141,84,1048,2,201.5,1055
00-0036326,C.Claypool,WR,PIT,2020,22.15,16,0,0,0,0,0,10,16,2,109,62,873,9,214.9,889
00-0036326,C.Claypool,WR,PIT,2021,23.15,15,0,0,0,0,0,14,96,0,105,59,860,2,166.6,956
00-0036326,C.Claypool,WR,PIT,2022,24.15,15,1,1,1,1,0,9,59,0,79,46,451,1,105.04,510
00-0036326,C.Claypool,WR,MIA,2023,25.15,11,0,0,0,0,0,0,0,0,21,8,77,1,21.7,77
00-0036328,A.Gibson,RB,WAS,2020,22.19,14,0,0,0,0,0,170,795,11,44,36,247,0,202.2,1042
00-0036328,A.Gibson,RB,WAS,2021,23.19,16,0,0,0,0,0,258,1037,7,52,42,294,3,229.10000000000002,1331
00-0036328,A.Gibson,RB,WAS,2022,24.19,15,0,0,0,0,0,149,546,3,58,46,353,2,165.9,899
00-0036328,A.Gibson,RB,WAS,2023,25.19,16,0,0,0,0,0,65,265,1,59,48,389,2,127.4,654
00-0036328,A.Gibson,RB,NE,2024,26.19,17,0,0,0,0,0,120,538,1,29,23,206,0,103.4,744
00-0036328,A.Gibson,RB,NE,2025,27.19,5,0,0,0,0,0,25,106,1,3,2,6,0,23.200000000000003,112
00-0036331,D.Duvernay,WR,BAL,2020,22.97,15,0,0,0,0,0,4,70,0,26,20,201,0,53.1,271
00-0036331,D.Duvernay,WR,BAL,2021,23.97,16,0,0,0,0,0,7,50,0,47,33,272,2,77.2,322
00-0036331,D.Duvernay,WR,BAL,2022,24.97,14,0,0,0,0,0,12,84,1,49,37,407,3,116.10000000000001,491
00-0036331,D.Duvernay,WR,BAL,2023,25.97,13,0,0,0,0,0,4,15,0,9,4,18,0,7.3,33
00-0036331,D.Duvernay,WR,JAX,2024,26.97,13,0,0,0,0,0,4,3,0,16,11,79,0,19.200000000000003,82
00-0036331,D.Duvernay,WR,CHI,2025,27.97,17,0,0,0,0,0,0,0,0,5,2,26,0,4.6000000000000005,26
00-0036332,J.Deguara,TE,GB,2020,23.55,1,0,0,0,0,0,0,0,0,2,1,12,0,2.2,12
00-0036332,J.Deguara,TE,GB,2021,24.55,14,0,0,0,0,0,0,0,0,33,25,245,2,61.5,245
00-0036332,J.Deguara,TE,GB,2022,25.55,9,0,0,0,0,0,0,0,0,15,13,114,0,24.400000000000002,114
00-0036332,J.Deguara,TE,GB,2023,26.55,9,0,0,0,0,0,0,0,0,8,8,65,0,14.5,65
00-0036332,J.Deguara,TE,JAX,2024,27.55,7,0,0,0,0,0,0,0,0,3,3,14,0,4.4,14
00-0036332,J.Deguara,TE,ARI,2025,28.55,7,0,0,0,0,0,0,0,0,5,3,21,1,11.1,21
00-0036336,A.McFarland,RB,PIT,2020,21.49,11,0,0,0,0,0,33,113,0,9,6,54,0,22.700000000000003,167
00-0036336,A.McFarland,RB,PIT,2021,22.49,2,0,0,0,0,0,3,3,0,1,1,11,0,2.4,14
00-0036336,A.McFarland,RB,PIT,2022,23.49,1,0,0,0,0,0,6,30,0,2,2,11,0,6.1000000000000005,41
00-0036336,A.McFarland,RB,PIT,2023,24.49,3,0,0,0,0,0,0,0,0,2,2,11,0,3.1,11
00-0036340,A.Gandy-Golden,WR,WAS,2020,22.39,4,0,0,0,0,0,1,22,0,7,1,3,0,3.5,25
00-0036340,A.Gandy-Golden,WR,WAS,2021,23.39,1,0,0,0,0,0,0,0,0,0,0,0,0,0.0,0
00-0036345,K.Osborn,WR,MIN,2020,23.23,8,0,0,0,0,0,0,0,0,0,0,0,0,0.0,0
00-0036345,K.Osborn,WR,MIN,2021,24.23,17,0,0,0,0,0,1,10,0,82,50,655,7,158.5,665
00-0036345,K.Osborn,WR,MIN,2022,25.23,17,0,0,0,0,0,3,6,0,90,60,650,5,155.6,656
00-0036345,K.Osborn,WR,MIN,2023,26.23,15,0,0,0,0,0,0,0,0,75,48,540,3,120.0,540
00-0036345,K.Osborn,WR,NE,2024,27.23,7,0,0,0,0,0,0,0,0,18,7,57,1,18.7,57
00-0036355,J.Herbert,QB,LAC,2020,22.48,15,396,595,4336,31,10,55,234,5,0,0,0,0,332.84000000000003,234
00-0036355,J.Herbert,QB,LAC,2021,23.48,17,443,672,5014,38,15,63,302,3,0,0,0,0,380.76,302
00-0036355,J.Herbert,QB,LAC,2022,24.48,17,477,699,4739,25,10,54,147,0,2,2,-10,0,281.26,137
00-0036355,J.Herbert,QB,LAC,2023,25.48,13,297,456,3134,20,7,52,228,3,1,1,10,0,234.16,238
00-0036355,J.Herbert,QB,LAC,2024,26.48,17,332,504,3870,23,3,69,306,2,0,0,0,0,285.40000000000003,306
00-0036355,J.Herbert,QB,LAC,2025,27.48,16,340,512,3727,26,13,83,498,2,0,0,0,0,286.88,498
00-0036357,H.Ruggs,WR,LV,2020,21.61,13,0,0,0,0,0,9,49,0,43,26,452,2,84.10000000000001,501
00-0036357,H.Ruggs,WR,LV,2021,22.61,7,0,0,0,0,0,3,16,0,36,24,469,2,84.5,485
00-0036358,C.Lamb,WR,DAL,2020,21.4,16,0,0,0,0,0,10,82,1,111,74,935,5,217.70000000000002,1017
00-0036358,C.Lamb,WR,DAL,2021,22.4,16,0,0,0,0,0,9,76,0,120,79,1102,6,232.8,1178
00-0036358,C.Lamb,WR,DAL,2022,23.4,17,0,0,0,0,0,10,47,0,156,107,1359,9,301.6,1406
00-0036358,C.Lamb,WR,DAL,2023,24.4,17,0,0,0,0,0,14,113,2,181,135,1749,12,403.20000000000005,1862
00-0036358,C.Lamb,WR,DAL,2024,25.4,15,0,0,0,0,0,14,70,0,152,101,1194,6,263.40000000000003,1264
00-0036358,C.Lamb,WR,DAL,2025,26.4,13,0,0,0,0,0,1,2,0,117,75,1077,3,200.9,1079
00-0036360,C.Edwards-Helaire,RB,KC,2020,21.39,13,0,0,0,0,0,181,803,4,54,36,297,1,176.0,1100
00-0036360,C.Edwards-Helaire,RB,KC,2021,22.39,10,0,0,0,0,0,119,517,4,23,19,129,2,117.6,646
00-0036360,C.Edwards-Helaire,RB,KC,2022,23.39,10,0,0,0,0,0,71,302,3,23,17,151,3,98.3,453
00-0036360,C.Edwards-Helaire,RB,KC,2023,24.39,15,0,0,0,0,0,70,223,1,22,17,188,1,70.10000000000001,411
00-0036360,C.Edwards-Helaire,RB,NO,2024,25.39,2,0,0,0,0,0,13,46,0,5,3,24,0,10.0,70
00-0036360,C.Edwards-Helaire,RB,KC,2025,26.39,2,0,0,0,0,0,7,13,0,2,2,9,0,4.2,22
00-0036364,L.Bowden,WR,MIA,2020,22.88,9,1,2,32,0,0,9,32,0,37,28,211,0,53.58,243
00-0036364,L.Bowden,WR,NO,2023,25.88,8,0,0,0,0,0,5,32,0,16,11,83,0,22.5,115
00-0036365,B.Edwards,WR,LV,2020,21.8,9,0,0,0,0,0,0,0,0,15,11,193,1,36.300000000000004,193
00-0036365,B.Edwards,WR,LV,2021,22.8,16,0,0,0,0,0,1,0,0,59,34,571,3,109.1,571
00-0036365,B.Edwards,WR,ATL,2022,23.8,4,0,0,0,0,0,0,0,0,5,3,15,0,4.5,15
00-0036370,J.Kelley,RB,LAC,2020,22.78,13,0,0,0,0,0,111,354,2,23,23,148,0,81.2,502
00-0036370,J.Kelley,RB,LAC,2021,23.78,8,0,0,0,0,0,33,102,0,6,5,38,0,17.0,140
00-0036370,J.Kelley,RB,LAC,2022,24.78,12,0,0,0,0,0,69,287,2,25,14,101,0,64.80000000000001,388
00-0036370,J.Kelley,RB,LAC,2023,25.78,17,0,0,0,0,0,107,405,2,12,8,32,0,61.7,437
00-0036370,J.Kelley,RB,TEN,2024,26.78,1,0,0,0,0,0,1,2,0,0,0,0,0,0.2,2
00-0036377,J.Reed,WR,LAC,2020,22.66,10,0,0,0,0,0,5,29,1,1,0,0,0,8.9,29
00-0036382,K.Hill,WR,LAC,2021,23.96,6,0,0,0,0,0,0,0,0,3,3,30,0,6.0,30
00-0036382,K.Hill Jr.,WR,LAC,2020,22.96,12,0,0,0,0,0,0,0,0,11,7,73,0,14.3,73
00-0036383,E.Benjamin,RB,ARI,2021,22.39,8,0,0,0,0,0,34,118,1,7,6,42,0,28.0,160
00-0036383,E.Benjamin,RB,ARI,2022,23.39,13,0,0,0,0,0,77,313,2,34,25,193,0,89.60000000000001,506
00-0036384,B.DiNucci,QB,DAL,2020,23.77,2,23,43,219,0,0,6,22,0,0,0,0,0,6.960000000000001,22
00-0036387,J.Reagor,WR,PHI,2020,21.67,11,0,0,0,0,0,4,26,0,54,31,396,1,87.2,422
00-0036387,J.Reagor,WR,PHI,2021,22.67,17,0,0,0,0,0,10,32,0,57,33,299,2,78.1,331
00-0036387,J.Reagor,WR,MIN,2022,23.67,17,0,0,0,0,0,4,25,0,13,8,104,1,26.900000000000002,129
00-0036387,J.Reagor,WR,NE,2023,24.67,9,0,0,0,0,0,1,17,0,23,7,138,0,28.5,155
00-0036387,J.Reagor,WR,LAC,2024,25.67,7,0,0,0,0,0,3,-3,0,12,7,100,0,14.7,97
00-0036389,J.Hurts,QB,PHI,2020,22.07,14,77,148,1061,6,4,63,354,3,1,1,3,0,109.14,357
00-0036389,J.Hurts,QB,PHI,2021,23.07,15,265,432,3144,16,9,139,784,10,1,0,0,0,312.16,784
00-0036389,J.Hurts,QB,PHI,2022,24.07,15,306,460,3701,22,6,165,760,13,0,0,0,0,378.04,760
00-0036389,J.Hurts,QB,PHI,2023,25.07,17,352,538,3858,23,15,157,605,15,0,0,0,0,356.82,605
00-0036389,J.Hurts,QB,PHI,2024,26.07,15,248,361,2903,18,5,150,630,14,0,0,0,0,315.12,630
00-0036389,J.Hurts,QB,PHI,2025,27.07,16,294,454,3224,25,6,105,421,8,0,0,0,0,301.06,421
00-0036398,J.Hightower,WR,PHI,2020,24.25,10,0,0,0,0,0,1,1,0,29,10,167,0,28.8,168
00-0036398,J.Hightower,WR,PHI,2021,25.25,1,0,0,0,0,0,0,0,0,0,0,0,0,0.0,0
00-0036407,J.Jeudy,WR,DEN,2020,21.36,16,0,0,0,0,0,0,0,0,113,52,856,3,157.6,856
00-0036407,J.Jeudy,WR,DEN,2021,22.36,10,0,0,0,0,0,2,3,0,56,38,467,0,85.0,470
00-0036407,J.Jeudy,WR,DEN,2022,23.36,15,0,0,0,0,0,4,40,0,100,67,972,6,204.20000000000002,1012
00-0036407,J.Jeudy,WR,DEN,2023,24.36,16,0,0,0,0,0,0,0,0,87,54,758,2,141.8,758
00-0036407,J.Jeudy,WR,CLE,2024,25.36,17,0,0,0,0,0,0,0,0,145,90,1229,4,240.9,1229
00-0036407,J.Jeudy,WR,CLE,2025,26.36,17,0,0,0,0,0,1,5,0,106,50,602,2,120.7,607
00-0036410,T.Higgins,WR,CIN,2020,21.62,15,0,0,0,0,0,5,28,0,108,67,908,6,194.6,936
00-0036410,T.Higgins,WR,CIN,2021,22.62,14,0,0,0,0,0,0,0,0,110,74,1091,6,219.1,1091
00-0036410,T.Higgins,WR,CIN,2022,23.62,14,0,0,0,0,0,0,0,0,109,74,1029,7,220.9,1029
00-0036410,T.Higgins,WR,CIN,2023,24.62,12,0,0,0,0,0,0,0,0,76,42,656,5,137.6,656
00-0036410,T.Higgins,WR,CIN,2024,25.62,12,0,0,0,0,0,0,0,0,109,73,911,10,222.10000000000002,911
00-0036410,T.Higgins,WR,CIN,2025,26.62,15,0,0,0,0,0,0,0,0,98,59,846,11,211.6,846
00-0036412,K.Hamler,WR,DEN,2020,21.15,12,0,0,0,0,0,9,40,0,56,30,381,3,90.10000000000001,421
00-0036412,K.Hamler,WR,DEN,2021,22.15,3,0,0,0,0,0,0,0,0,10,5,74,0,12.4,74
00-0036412,K.Hamler,WR,DEN,2022,23.15,6,0,0,0,0,0,2,23,0,14,7,165,0,25.8,188
00-0036414,C.Akers,RB,LA,2020,21.19,11,0,0,0,0,0,145,625,2,14,11,123,1,101.80000000000001,748
00-0036414,C.Akers,RB,LA,2021,22.19,1,0,0,0,0,0,5,3,0,3,3,10,0,4.3,13
00-0036414,C.Akers,RB,LA,2022,23.19,15,0,0,0,0,0,188,786,7,18,13,117,0,141.3,903
00-0036414,C.Akers,RB,MIN,2023,24.19,7,0,0,0,0,0,60,167,2,12,11,70,0,46.7,237
00-0036414,C.Akers,RB,MIN,2024,25.19,16,0,0,0,0,0,104,444,2,18,14,68,3,93.2,512
00-0036414,C.Akers,RB,MIN,2025,26.19,4,1,1,32,1,0,5,19,0,1,0,0,0,7.180000000000001,19
00-0036415,V.Jefferson,WR,LA,2020,24.1,14,0,0,0,0,0,1,-1,0,31,19,220,1,46.900000000000006,219
00-0036415,V.Jefferson,WR,LA,2021,25.1,17,0,0,0,0,0,2,20,0,89,50,802,6,168.20000000000002,822
00-0036415,V.Jefferson,WR,LA,2022,26.1,10,0,0,0,0,0,0,0,0,44,24,369,3,78.9,369
00-0036415,V.Jefferson,WR,ATL,2023,27.1,14,0,0,0,0,0,1,4,0,43,20,209,0,41.300000000000004,213
00-0036415,V.Jefferson,WR,PIT,2024,28.1,15,0,0,0,0,0,0,0,0,40,24,276,2,63.6,276
00-0036415,V.Jefferson,WR,TEN,2025,29.1,14,0,0,0,0,0,0,0,0,52,29,350,1,70.0,350
00-0036422,A.Trautman,TE,NO,2020,23.57,10,0,0,0,0,0,0,0,0,16,15,171,1,38.1,171
00-0036422,A.Trautman,TE,NO,2021,24.57,11,0,0,0,0,0,0,0,0,43,27,263,2,63.3,263
00-0036422,A.Trautman,TE,NO,2022,25.57,12,0,0,0,0,0,0,0,0,22,18,207,1,44.7,207
00-0036422,A.Trautman,TE,DEN,2023,26.57,16,0,0,0,0,0,0,0,0,35,22,204,3,60.400000000000006,204
00-0036422,A.Trautman,TE,DEN,2024,27.57,13,0,0,0,0,0,0,0,0,22,13,188,2,43.8,188
00-0036422,A.Trautman,TE,DEN,2025,28.57,13,0,0,0,0,0,0,0,0,23,20,195,1,45.5,195
00-0036423,A.Okwuegbunam,TE,DEN,2020,22.35,4,0,0,0,0,0,0,0,0,15,11,121,1,29.1,121
00-0036423,A.Okwuegbunam,TE,DEN,2021,23.35,14,0,0,0,0,0,0,0,0,40,33,330,2,76.0,330
00-0036423,A.Okwuegbunam,TE,DEN,2022,24.35,6,0,0,0,0,0,0,0,0,18,10,95,1,25.5,95
00-0036423,A.Okwuegbunam,TE,PHI,2023,25.35,1,0,0,0,0,0,0,0,0,1,0,0,0,0.0,0
00-0036423,A.Okwuegbunam,TE,LV,2025,27.35,1,0,0,0,0,0,0,0,0,6,5,36,0,8.6,36
00-0036424,B.Hopkins,TE,LA,2021,24.43,1,0,0,0,0,0,0,0,0,1,1,9,0,1.9,9
00-0036424,B.Hopkins,TE,LA,2022,25.43,7,0,0,0,0,0,0,0,0,11,7,109,0,17.900000000000002,109
00-0036424,B.Hopkins,TE,LA,2023,26.43,5,0,0,0,0,0,0,0,0,7,5,78,0,12.8,78
00-0036425,D.Dallas,RB,SEA,2020,21.96,9,0,0,0,0,0,34,108,2,20,17,111,1,56.900000000000006,219
00-0036425,D.Dallas,RB,SEA,2021,22.96,17,0,0,0,0,0,33,138,2,23,21,133,0,60.1,271
00-0036425,D.Dallas,RB,SEA,2022,23.96,15,0,1,0,0,1,35,186,0,19,17,126,0,46.2,312
00-0036425,D.Dallas,RB,SEA,2023,24.96,17,0,0,0,0,0,10,36,0,9,6,26,0,12.200000000000001,62
00-0036425,D.Dallas,RB,ARI,2024,25.96,16,0,0,0,0,0,9,49,0,3,3,11,1,21.0,60
00-0036425,D.Dallas,RB,JAX,2025,26.96,5,0,0,0,0,0,3,21,0,1,0,0,0,2.1,21
00-0036427,T.Johnson,WR,TB,2020,22.02,10,0,0,0,0,0,0,0,0,17,12,169,2,40.900000000000006,169
00-0036427,T.Johnson,WR,TB,2021,23.02,16,0,0,0,0,0,0,0,0,55,36,360,0,72.0,360
00-0036427,T.Johnson,WR,LA,2023,25.02,1,0,0,0,0,0,0,0,0,3,2,8,1,8.8,8
00-0036427,T.Johnson,WR,LA,2024,26.02,11,0,0,0,0,0,0,0,0,41,26,291,1,61.1,291
00-0036427,T.Johnson,WR,NYJ,2025,27.02,9,0,0,0,0,0,0,0,0,18,12,197,1,37.7,197
00-0036429,C.Woerner,TE,SF,2020,22.88,4,0,0,0,0,0,0,0,0,4,3,36,0,6.6000000000000005,36
00-0036429,C.Woerner,TE,SF,2021,23.88,8,0,0,0,0,0,0,0,0,6,5,52,0,10.200000000000001,52
00-0036429,C.Woerner,TE,SF,2022,24.88,5,0,0,0,0,0,0,0,0,2,0,0,0,0.0,0
00-0036429,C.Woerner,TE,SF,2023,25.88,10,0,0,0,0,0,0,0,0,3,3,32,0,6.2,32
00-0036429,C.Woerner,TE,ATL,2024,26.88,12,0,0,0,0,0,0,0,0,12,7,46,0,11.6,46
00-0036429,C.Woerner,TE,ATL,2025,27.88,7,0,0,0,0,0,0,0,0,9,8,48,0,12.8,48
00-0036433,T.Stevens,QB,CAR,2020,23.71,1,0,0,0,0,0,4,24,0,0,0,0,0,2.4000000000000004,24
00-0036435,R.Calais,RB,LA,2020,22.42,4,0,0,0,0,0,0,0,0,0,0,0,0,0.0,0
00-0036438,S.Sullivan,TE,SEA,2020,23.76,1,0,0,0,0,0,0,0,0,0,0,0,0,0.0,0
00-0036438,S.Sullivan,TE,CAR,2021,24.76,1,0,0,0,0,0,0,0,0,1,0,0,0,0.0,0
00-0036438,S.Sullivan,TE,CAR,2022,25.76,8,0,0,0,0,0,0,0,0,6,2,46,0,6.6000000000000005,46
00-0036438,S.Sullivan,TE,CAR,2023,26.76,10,0,0,0,0,0,0,0,0,24,12,125,0,24.5,125
00-0036438,S.Sullivan,TE,CAR,2024,27.76,1,0,0,0,0,0,0,0,0,1,0,0,0,0.0,0
00-0036439,T.Cleveland,WR,DEN,2020,22.95,7,0,0,0,0,0,0,0,0,9,6,63,0,12.3,63
00-0036439,T.Cleveland,WR,DEN,2021,23.95,4,0,0,0,0,0,0,0,0,1,0,0,0,0.0,0
00-0036439,T.Cleveland,WR,DEN,2022,24.95,5,0,0,0,0,0,0,0,0,7,2,28,0,4.800000000000001,28
00-0036442,J.Burrow,QB,CIN,2020,23.73,10,264,404,2688,13,5,37,142,3,0,0,0,0,173.72,142
00-0036442,J.Burrow,QB,CIN,2021,24.73,16,366,520,4611,34,14,40,118,2,0,0,0,0,314.24,118
00-0036442,J.Burrow,QB,CIN,2022,25.73,16,414,606,4475,35,12,75,257,5,0,0,0,0,350.7,257
00-0036442,J.Burrow,QB,CIN,2023,26.73,10,244,365,2309,15,6,31,88,0,0,0,0,0,147.16,88
00-0036442,J.Burrow,QB,CIN,2024,27.73,17,460,652,4918,43,9,42,201,2,0,0,0,0,372.82,201
00-0036442,J.Burrow,QB,CIN,2025,28.73,8,173,259,1809,17,5,14,41,0,0,0,0,0,134.46,41
00-0036450,K.Vaughn,RB,TB,2020,23.33,6,0,0,0,0,0,26,109,0,10,5,34,1,23.3,143
00-0036450,K.Vaughn,RB,TB,2021,24.33,6,0,0,0,0,0,36,180,2,8,4,26,0,36.6,206
00-0036450,K.Vaughn,RB,TB,2022,25.33,6,0,0,0,0,0,17,53,0,4,3,19,0,10.2,72
00-0036450,K.Vaughn,RB,TB,2023,26.33,5,0,0,0,0,0,24,42,0,5,2,2,0,6.4,44
00-0036450,K.Vaughn,RB,SF,2024,27.33,1,0,0,0,0,0,2,4,0,0,0,0,0,0.4,4
00-0036456,D.Dafney,TE,GB,2020,23.25,2,0,0,0,0,0,0,0,0,2,2,26,1,10.600000000000001,26
00-0036456,D.Dafney,TE,GB,2021,24.25,6,0,0,0,0,0,0,0,0,4,2,34,0,5.4,34
00-0036457,T.Williams,RB,BAL,2021,24.99,7,0,0,0,0,0,35,185,1,12,9,84,0,41.9,269
00-0036457,T.Williams,RB,ARI,2022,25.99,1,0,0,0,0,0,0,0,0,1,1,5,0,1.5,5
00-0036463,C.Blair,WR,ATL,2024,26.9,2,0,0,0,0,0,0,0,0,2,1,17,0,2.7,17
00-0036463,C.Blair,WR,ATL,2025,27.9,1,0,0,0,0,0,0,0,0,0,0,0,0,0.0,0
00-0036474,S.Reyes,TE,WAS,2021,25.87,2,0,0,0,0,0,0,0,0,0,0,0,0,0.0,0
00-0036482,M.Strachan,WR,IND,2021,24.05,2,0,0,0,0,0,0,0,0,3,2,26,0,4.6,26
00-0036482,M.Strachan,WR,IND,2022,25.05,5,0,0,0,0,0,0,0,0,9,3,59,0,8.9,59
00-0036482,M.Strachan,WR,CAR,2023,26.05,2,0,0,0,0,0,0,0,0,3,1,45,0,5.5,45
00-0036491,T.Black,WR,NYJ,2021,23.56,1,0,0,0,0,0,0,0,0,2,1,10,0,2.0,10
00-0036493,D.Jackson,RB,IND,2022,23.54,12,0,0,0,0,0,68,236,1,34,30,209,1,84.5,445
00-0036493,D.Jackson,RB,IND,2023,24.54,2,0,0,0,0,0,14,16,0,6,5,14,0,4.0,30
00-0036493,De.Jackson,RB,IND,2021,22.54,3,0,0,0,0,0,13,31,1,0,0,0,0,9.100000000000001,31
00-0036497,T.Jones,WR,JAX,2022,24.3,7,0,0,0,0,0,0,0,0,4,3,30,0,6.0,30
00-0036497,T.Jones,WR,JAX,2023,25.3,10,0,0,0,0,0,0,0,0,18,11,83,0,19.3,83
00-0036497,T.Jones,WR,JAX,2024,26.3,8,0,0,0,0,0,0,0,0,5,3,41,0,7.1,41
00-0036497,T.Jones,WR,JAX,2025,27.3,2,0,0,0,0,0,0,0,0,1,1,15,0,2.5,15
00-0036510,K.Yeboah,TE,NYJ,2021,22.84,3,0,0,0,0,0,0,0,0,3,2,36,0,5.6,36
00-0036510,K.Yeboah,TE,NYJ,2022,23.84,3,0,0,0,0,0,0,0,0,0,0,0,0,0.0,0
00-0036510,K.Yeboah,TE,NYJ,2023,24.84,3,0,0,0,0,0,0,0,0,4,2,28,0,4.800000000000001,28
00-0036510,K.Yeboah,TE,NYJ,2024,25.84,7,0,0,0,0,0,0,0,0,8,5,47,1,15.7,47
00-0036523,T.Ragas,RB,LV,2021,24.82,1,0,0,0,0,0,1,9,0,2,2,6,0,3.5,15
00-0036526,D.Stoner,WR,LV,2021,23.57,2,0,0,0,0,0,0,0,0,0,0,0,0,0.0,0
00-0036527,D.Turner,WR,LV,2022,25.62,5,0,0,0,0,0,4,26,0,1,0,0,0,2.6,26
00-0036527,D.Turner,WR,LV,2023,26.62,7,0,0,0,0,0,0,0,0,0,0,0,0,0.0,0
00-0036527,D.Turner,WR,LV,2024,27.62,12,0,0,0,0,0,5,33,1,29,16,158,1,47.1,191
00-0036527,D.Turner,WR,LV,2025,28.62,1,0,0,0,0,0,0,0,0,0,0,0,0,0.0,0
00-0036534,S.Zylstra,TE,DET,2021,24.79,3,0,0,0,0,0,0,0,0,7,3,34,0,6.4,34
00-0036534,S.Zylstra,TE,DET,2022,25.79,8,0,0,0,0,0,0,0,0,15,11,60,4,41.0,60
00-0036534,S.Zylstra,TE,DET,2024,27.79,2,0,0,0,0,0,0,0,0,1,1,22,0,3.2,22
00-0036534,S.Zylstra,TE,DET,2025,28.79,1,0,0,0,0,0,0,0,0,5,3,20,0,5.0,20
00-0036543,S.Brown,RB,CAR,2022,23.8,2,0,0,0,0,0,9,43,0,4,2,10,0,7.3,53
00-0036550,R.Bateman,WR,BAL,2021,21.76,12,0,0,0,0,0,0,0,0,68,46,515,1,103.5,515
00-0036550,R.Bateman,WR,BAL,2022,22.76,6,0,0,0,0,0,0,0,0,28,15,285,2,53.5,285
00-0036550,R.Bateman,WR,BAL,2023,23.76,15,0,0,0,0,0,1,18,0,56,32,367,1,76.5,385
00-0036550,R.Bateman,WR,BAL,2024,24.76,16,0,0,0,0,0,0,0,0,72,45,756,9,174.60000000000002,756
00-0036550,R.Bateman,WR,BAL,2025,25.76,13,0,0,0,0,0,0,0,0,38,19,224,2,55.400000000000006,224
00-0036554,N.Collins,WR,HOU,2021,22.45,14,0,0,0,0,0,0,0,0,60,33,446,1,83.60000000000001,446
00-0036554,N.Collins,WR,HOU,2022,23.45,10,0,0,0,0,0,0,0,0,66,37,481,2,97.10000000000001,481
00-0036554,N.Collins,WR,HOU,2023,24.45,15,0,0,0,0,0,1,7,0,109,80,1297,8,260.4,1304
00-0036554,N.Collins,WR,HOU,2024,25.45,12,0,0,0,0,0,0,0,0,99,68,1006,7,210.60000000000002,1006
00-0036554,N.Collins,WR,HOU,2025,26.45,15,0,0,0,0,0,2,15,1,120,71,1117,6,226.20000000000002,1132
00-0036555,C.Hubbard,RB,CAR,2021,22.22,16,0,0,0,0,0,172,612,5,37,25,174,1,137.6,786
00-0036555,C.Hubbard,RB,CAR,2022,23.22,14,0,0,0,0,0,95,466,2,17,14,171,0,89.7,637
00-0036555,C.Hubbard,RB,CAR,2023,24.22,17,0,0,0,0,0,238,902,5,44,39,233,0,182.5,1135
00-0036555,C.Hubbard,RB,CAR,2024,25.22,15,0,0,0,0,0,250,1195,10,54,43,171,1,241.60000000000002,1366
00-0036555,C.Hubbard,RB,CAR,2025,26.22,15,0,0,0,0,0,134,511,1,39,30,223,3,125.4,734
00-0036556,B.Jordan,TE,HOU,2021,21.13,8,0,0,0,0,0,0,0,0,28,20,178,3,55.800000000000004,178
00-0036556,B.Jordan,TE,HOU,2022,22.13,9,0,0,0,0,0,0,0,0,28,14,128,0,26.8,128
00-0036556,B.Jordan,TE,HOU,2023,23.13,10,0,0,0,0,0,0,0,0,21,17,219,2,50.900000000000006,219
00-0036556,B.Jordan,TE,HOU,2024,24.13,2,0,0,0,0,0,0,0,0,3,2,7,0,2.7,7
00-0036567,E.Mitchell,RB,SF,2021,23.33,11,0,0,0,0,0,207,963,5,20,19,137,1,165.0,1100
00-0036567,E.Mitchell,RB,SF,2022,24.33,5,0,0,0,0,0,45,279,2,4,3,7,0,43.6,286
00-0036567,E.Mitchell,RB,SF,2023,25.33,11,0,0,0,0,0,75,281,2,8,6,14,0,47.5,295
00-0036567,E.Mitchell,RB,KC,2025,27.33,1,0,0,0,0,0,0,0,0,1,0,0,0,0.0,0
00-0036569,G.Brightwell,RB,NYG,2021,23.51,7,0,0,0,0,0,1,4,0,1,1,6,0,2.0,10
00-0036569,G.Brightwell,RB,NYG,2022,24.51,15,0,0,0,0,0,31,141,1,8,5,39,0,29.0,180
00-0036569,G.Brightwell,RB,NYG,2023,25.51,4,0,0,0,0,0,9,19,0,7,5,47,0,11.6,66
00-0036569,G.Brightwell,RB,CLE,2024,26.51,1,0,0,0,0,0,0,0,0,0,0,0,0,0.0,0
00-0036569,G.Brightwell,RB,CIN,2025,27.51,2,0,0,0,0,0,0,0,0,0,0,0,0,0.0,0
00-0036571,M.Stevenson,WR,BUF,2021,23.43,5,0,0,0,0,0,0,0,0,0,0,0,0,0.0,0
00-0036572,S.Smith,WR,CAR,2021,22.85,5,0,0,0,0,0,1,-3,0,11,6,104,0,16.1,101
00-0036572,S.Smith,WR,CAR,2022,23.85,17,0,0,0,0,0,0,0,0,41,22,296,2,61.6,296
00-0036582,N.McCrary,RB,BAL,2021,22.4,1,0,0,0,0,0,1,-1,0,0,0,0,0,-0.1,-1
00-0036590,Q.Morris,TE,BUF,2022,23.61,9,0,0,0,0,0,0,0,0,11,8,84,1,20.4,84
00-0036590,Q.Morris,TE,BUF,2023,24.61,2,0,0,0,0,0,0,0,0,3,2,26,1,10.6,26
00-0036590,Q.Morris,TE,BUF,2024,25.61,10,0,0,0,0,0,0,0,0,8,5,36,1,14.600000000000001,36
00-0036590,Q.Morris,TE,JAX,2025,26.61,11,0,0,0,0,0,0,0,0,9,6,55,1,17.5,55
00-0036598,L.Akers,WR,LA,2021,24.15,1,0,0,0,0,0,0,0,0,0,0,0,0,0.0,0
00-0036613,J.Waddle,WR,MIA,2021,22.77,16,0,0,0,0,0,2,3,1,140,104,1015,6,247.8,1018
00-0036613,J.Waddle,WR,MIA,2022,23.77,17,0,0,0,0,0,3,26,0,117,75,1356,8,259.2,1382
00-0036613,J.Waddle,WR,MIA,2023,24.77,14,0,0,0,0,0,3,12,0,104,72,1014,4,198.60000000000002,1026
00-0036613,J.Waddle,WR,MIA,2024,25.77,15,0,0,0,0,0,4,12,0,83,58,744,2,149.6,756
00-0036613,J.Waddle,WR,MIA,2025,26.77,16,1,1,8,0,0,2,28,0,100,64,910,6,194.12,938
00-0036620,D.Eskridge,WR,SEA,2021,24.44,8,0,0,0,0,0,4,59,0,20,10,64,1,28.3,123
00-0036620,D.Eskridge,WR,SEA,2022,25.44,9,0,0,0,0,0,2,10,0,13,7,58,0,13.8,68
00-0036620,D.Eskridge,WR,SEA,2023,26.44,4,0,0,0,0,0,2,5,0,1,0,0,0,0.5,5
00-0036620,D.Eskridge,WR,MIA,2024,27.44,5,0,0,0,0,0,0,0,0,3,3,44,0,7.4,44
00-0036620,D.Eskridge,WR,MIA,2025,28.44,11,0,0,0,0,0,0,0,0,7,4,62,0,10.2,62
00-0036626,D.Brown,WR,WAS,2021,21.83,10,0,0,0,0,0,1,-4,0,25,12,165,0,28.1,161
00-0036626,D.Brown,WR,WAS,2022,22.83,9,0,0,0,0,0,1,15,0,14,5,143,2,32.800000000000004,158
00-0036626,D.Brown,WR,WAS,2023,23.83,16,1,1,4,0,0,1,0,0,23,12,168,1,34.96,168
00-0036626,D.Brown,WR,WAS,2024,24.83,15,0,1,0,0,0,3,26,0,40,30,308,1,67.4,334
00-0036626,D.Brown,WR,JAX,2025,25.83,11,0,0,0,0,0,6,30,0,37,20,227,1,49.7,257
00-0036627,D.Fitzpatrick,WR,TEN,2021,23.71,3,0,0,0,0,0,0,0,0,8,5,49,1,15.9,49
00-0036627,D.Fitzpatrick,WR,TEN,2022,24.71,1,0,0,0,0,0,0,0,0,0,0,0,0,0.0,0
00-0036628,J.Bates,TE,WAS,2021,23.82,12,0,0,0,0,0,0,0,0,25,20,249,1,50.900000000000006,249
00-0036628,J.Bates,TE,WAS,2022,24.82,9,0,0,0,0,0,0,0,0,22,14,108,1,30.8,108
00-0036628,J.Bates,TE,WAS,2023,25.82,15,0,0,0,0,0,0,0,0,28,19,151,0,34.1,151
00-0036628,J.Bates,TE,WAS,2024,26.82,13,0,0,0,0,0,0,0,0,13,8,84,0,14.4,84
00-0036628,J.Bates,TE,WAS,2025,27.82,10,0,0,0,0,0,0,0,0,16,11,103,1,27.3,103
00-0036630,T.Wallace,WR,BAL,2021,22.3,10,0,0,0,0,0,0,0,0,6,2,23,0,4.3,23
00-0036630,T.Wallace,WR,BAL,2022,23.3,5,0,0,0,0,0,0,0,0,7,4,33,0,7.3,33
00-0036630,T.Wallace,WR,BAL,2023,24.3,6,0,0,0,0,0,0,0,0,2,1,11,0,8.1,11
00-0036630,T.Wallace,WR,BAL,2024,25.3,12,0,0,0,0,0,0,0,0,12,11,193,1,36.300000000000004,193
00-0036630,T.Wallace,WR,BAL,2025,26.3,11,0,0,0,0,0,0,0,0,8,4,45,1,14.5,45
00-0036635,I.Smith-Marsette,WR,MIN,2021,22.01,6,0,0,0,0,0,0,0,0,6,5,116,2,28.6,116
00-0036635,I.Smith-Marsette,WR,CHI,2022,23.01,4,0,0,0,0,0,1,-1,0,4,1,15,0,0.4,14
00-0036635,I.Smith-Marsette,WR,CAR,2023,24.01,17,0,0,0,0,0,8,74,1,10,8,51,0,32.5,125
00-0036635,I.Smith-Marsette,WR,NYG,2024,25.01,15,0,0,0,0,0,0,0,0,0,0,0,0,6.0,0
00-0036637,N.Gray,TE,KC,2021,22.34,7,0,0,0,0,0,0,0,0,10,7,36,1,16.6,36
00-0036637,N.Gray,TE,KC,2022,23.34,17,0,0,0,0,0,1,1,1,34,28,299,1,70.0,300
00-0036637,N.Gray,TE,KC,2023,24.34,16,0,0,0,0,0,1,1,0,41,28,305,2,70.6,306
00-0036637,N.Gray,TE,KC,2024,25.34,16,0,0,0,0,0,1,-4,0,49,40,437,5,113.3,433
00-0036637,N.Gray,TE,KC,2025,26.34,14,0,0,0,0,0,0,0,0,37,21,178,0,38.800000000000004,178
00-0036640,Z.Davidson,TE,BUF,2024,26.13,2,0,0,0,0,0,0,0,0,2,1,5,0,1.5,5
00-0036646,S.Fehoko,WR,DAL,2022,24.82,3,0,0,0,0,0,0,0,0,4,3,24,0,5.4,24
00-0036646,S.Fehoko,WR,LAC,2023,25.82,2,0,0,0,0,0,0,0,0,2,1,9,1,7.9,9
00-0036646,S.Fehoko,WR,LAC,2024,26.82,6,0,0,0,0,0,0,0,0,16,6,106,0,16.6,106
00-0036646,S.Fehoko,WR,ARI,2025,27.82,7,0,0,0,0,0,0,0,0,0,0,0,0,0.0,0
00-0036650,L.Rountree,RB,LAC,2021,22.55,9,0,0,0,0,0,36,87,1,2,1,-1,0,15.600000000000001,86
00-0036650,L.Rountree,RB,LAC,2022,23.55,2,0,0,0,0,0,13,19,0,2,2,14,0,5.300000000000001,33
00-0036652,R.McMath,WR,TEN,2021,22.22,6,0,0,0,0,0,0,0,0,6,2,8,0,0.7999999999999998,8
00-0036652,R.McMath,WR,TEN,2022,23.22,4,0,0,0,0,0,1,4,0,8,2,40,0,6.4,44
00-0036654,D.Felton,RB,CLE,2021,23.13,15,0,0,0,0,0,7,24,0,21,18,181,2,50.5,205
00-0036654,D.Felton,RB,CLE,2022,24.13,6,0,0,0,0,0,1,-4,0,4,2,8,0,2.4,4
00-0036657,S.Williams,WR,DEN,2021,21.39,1,0,0,0,0,0,0,0,0,1,1,34,0,4.4,34
00-0036669,K.Hill,RB,GB,2021,23.04,8,0,0,0,0,0,10,24,0,2,1,5,0,3.9000000000000004,29
00-0036669,K.Hill,RB,GB,2022,24.04,1,0,0,0,0,0,1,7,0,0,0,0,0,0.7000000000000001,7
00-0036670,J.Jefferson,RB,DET,2021,21.38,4,0,0,0,0,0,15,74,2,5,4,23,0,25.700000000000003,97
00-0036670,J.Jefferson,RB,DET,2024,24.38,2,0,0,0,0,0,6,22,0,1,1,10,0,4.2,32
00-0036671,D.Milne,WR,WAS,2021,22.19,9,0,0,0,0,0,1,1,0,14,9,83,0,15.4,84
00-0036671,D.Milne,WR,WAS,2022,23.19,15,0,0,0,0,0,0,0,0,7,6,37,1,15.7,37
00-0036679,S.Buechele,QB,KC,2025,27.65,1,7,14,88,0,0,1,4,0,0,0,0,0,3.92,4
00-0036692,M.Forristall,TE,CLE,2021,23.47,1,0,0,0,0,0,0,0,0,0,0,0,0,0.0,0
00-0036692,M.Forristall,TE,CLE,2022,24.47,1,0,0,0,0,0,0,0,0,1,0,0,0,0.0,0
00-0036698,M.Sargent,RB,TEN,2021,23.9,4,0,0,0,0,0,5,11,0,1,0,0,0,1.1,11
00-0036727,A.Prentice,RB,NO,2021,24.63,5,0,0,0,0,0,3,5,0,3,3,16,0,5.1,21
00-0036727,A.Prentice,RB,NO,2022,25.63,6,0,0,0,0,0,4,9,0,3,3,9,0,4.8,18
00-0036727,A.Prentice,RB,NO,2023,26.63,6,0,0,0,0,0,2,12,0,3,2,12,0,2.4000000000000004,24
00-0036727,A.Prentice,RB,NO,2024,27.63,9,0,0,0,0,0,0,0,0,4,0,0,0,0.0,0
00-0036727,A.Prentice,RB,DEN,2025,28.63,13,0,0,0,0,0,10,44,0,8,6,53,0,15.700000000000001,97
00-0036734,P.Williams,RB,CIN,2021,22.2,1,0,0,0,0,0,0,0,0,0,0,0,0,0.0,0
00-0036741,J.Stoll,TE,PHI,2021,23.59,6,0,0,0,0,0,0,0,0,5,4,22,0,6.2,22
00-0036741,J.Stoll,TE,PHI,2022,24.59,9,0,0,0,0,0,0,0,0,14,11,123,0,23.3,123
00-0036741,J.Stoll,TE,PHI,2023,25.59,6,0,0,0,0,0,0,0,0,8,5,38,0,8.8,38
00-0036741,J.Stoll,TE,PHI,2024,26.59,5,0,0,0,0,0,0,0,0,3,2,10,0,3.0,10
00-0036741,J.Stoll,TE,NO,2025,27.59,9,0,0,0,0,0,0,0,0,11,6,46,1,16.6,46
00-0036754,B.Wright,TE,DET,2021,22.76,8,0,0,0,0,0,0,0,0,17,12,117,2,35.7,117
00-0036754,B.Wright,TE,DET,2022,23.76,14,0,0,0,0,0,0,0,0,24,18,216,4,63.6,216
00-0036754,B.Wright,TE,DET,2023,24.76,9,0,0,0,0,0,0,0,0,14,13,91,1,28.1,91
00-0036754,B.Wright,TE,DET,2024,25.76,11,0,0,0,0,0,0,0,0,16,13,100,2,35.0,100
00-0036754,B.Wright,TE,DET,2025,26.76,8,0,0,0,0,0,0,0,0,22,14,108,2,36.800000000000004,108
00-0036755,J.Patterson,RB,WAS,2021,21.69,15,0,0,0,0,0,68,266,2,11,10,73,0,55.900000000000006,339
00-0036755,J.Patterson,RB,WAS,2022,22.69,2,0,0,0,0,0,17,78,0,1,0,0,0,7.800000000000001,78
00-0036755,J.Patterson,RB,LAC,2025,25.69,6,0,0,0,0,0,41,159,1,4,3,8,0,25.7,167
00-0036768,J.Hardy,RB,DAL,2021,23.67,2,0,0,0,0,0,4,29,1,0,0,0,0,8.9,29
00-0036799,J.Johnson,RB,SEA,2021,23.68,1,0,0,0,0,0,0,0,0,0,0,0,0,0.0,0
00-0036810,C.Johnson,WR,SEA,2022,24.39,2,0,0,0,0,0,0,0,0,4,2,21,0,4.1,21
00-0036825,F.Franks,TE,ATL,2021,23.69,4,0,1,0,0,1,3,6,0,0,0,0,0,-1.4,6
00-0036825,F.Franks,TE,ATL,2022,24.69,5,0,0,0,0,0,1,0,0,2,0,0,0,0.0,0
00-0036825,F.Franks,TE,CAR,2024,26.69,9,0,0,0,0,0,0,0,0,3,1,12,0,2.2,12
00-0036825,F.Franks,TE,ATL,2025,27.69,10,0,0,0,0,0,2,4,0,0,0,0,0,0.4,4
00-0036829,C.Huntley,RB,ATL,2022,23.96,12,0,0,0,0,0,76,366,1,2,2,3,0,44.900000000000006,369
00-0036841,A.Trammell,WR,LA,2022,24.16,2,0,0,0,0,0,0,0,0,4,2,13,0,3.3,13
00-0036841,A.Trammell,WR,LA,2023,25.16,15,0,0,0,0,0,0,0,0,7,4,29,0,6.9,29
00-0036841,A.Trammell,WR,JAX,2024,26.16,1,0,0,0,0,0,0,0,0,3,2,40,0,6.0,40
00-0036841,A.Trammell,WR,JAX,2025,27.16,6,0,0,0,0,0,0,0,0,10,3,46,0,7.6000000000000005,46
00-0036842,K.Nwangwu,RB,MIN,2021,23.56,9,0,0,0,0,0,13,61,0,5,4,9,0,23.0,70
00-0036842,K.Nwangwu,RB,MIN,2022,24.56,14,0,0,0,0,0,9,14,0,2,2,21,0,11.5,35
00-0036842,K.Nwangwu,RB,MIN,2023,25.56,8,0,0,0,0,0,5,13,0,0,0,0,0,1.3,13
00-0036842,K.Nwangwu,RB,NYJ,2024,26.56,2,0,0,0,0,0,0,0,0,0,0,0,0,6.0,0
00-0036842,K.Nwangwu,RB,NYJ,2025,27.56,10,0,0,0,0,0,13,49,0,1,0,0,0,10.9,49
00-0036849,T.Atwell,WR,LA,2021,21.9,6,0,0,0,0,0,0,0,0,0,0,0,0,0.0,0
00-0036849,T.Atwell,WR,LA,2022,22.9,12,0,0,0,0,0,9,34,1,35,18,298,1,63.2,332
00-0036849,T.Atwell,WR,LA,2023,23.9,14,0,0,0,0,0,5,31,0,67,39,483,3,112.4,514
00-0036849,T.Atwell,WR,LA,2024,24.9,15,0,1,0,0,0,2,7,0,62,42,562,0,98.9,569
00-0036849,T.Atwell,WR,LA,2025,25.9,8,0,0,0,0,0,0,0,0,15,6,192,1,31.2,192
00-0036857,C.Evans,RB,CIN,2021,23.91,9,0,0,0,0,0,17,77,0,17,15,151,2,49.8,228
00-0036857,C.Evans,RB,CIN,2022,24.91,10,0,0,0,0,0,0,0,0,4,3,38,1,12.8,38
00-0036857,C.Evans,RB,CIN,2023,25.91,3,0,0,0,0,0,2,12,0,1,1,-1,0,2.1,11
00-0036858,J.Camp,WR,HOU,2021,23.14,1,0,0,0,0,0,0,0,0,0,0,0,0,0.0,0
00-0036858,J.Camp,WR,HOU,2022,24.14,1,0,0,0,0,0,0,0,0,1,1,7,0,1.7000000000000002,7
00-0036860,J.Funk,RB,LA,2021,23.64,5,0,0,0,0,0,2,5,0,0,0,0,0,0.5000000000000001,5
00-0036860,J.Funk,RB,LA,2022,24.64,1,0,0,0,0,0,0,0,0,0,0,0,0,0.0,0
00-0036860,J.Funk,RB,IND,2023,25.64,1,0,0,0,0,0,2,10,0,1,1,12,0,3.2,22
00-0036862,B.Skowronek,WR,LA,2021,24.18,12,0,0,0,0,0,0,0,0,20,11,133,0,24.3,133
00-0036862,B.Skowronek,WR,LA,2022,25.18,14,0,0,0,0,0,1,17,1,61,39,376,0,84.30000000000001,393
00-0036862,B.Skowronek,WR,LA,2023,26.18,13,0,0,0,0,0,2,9,0,12,8,66,1,21.5,75
00-0036862,B.Skowronek,WR,PIT,2024,27.18,9,0,0,0,0,0,0,0,0,5,5,69,0,11.9,69
00-0036862,B.Skowronek,WR,PIT,2025,28.18,16,0,0,0,0,0,0,0,0,6,4,69,1,16.9,69
00-0036875,R.Stevenson,RB,NE,2021,23.52,12,0,0,0,0,0,133,606,5,18,14,123,0,114.9,729
00-0036875,R.Stevenson,RB,NE,2022,24.52,17,0,0,0,0,0,210,1040,5,88,69,421,1,249.10000000000002,1461
00-0036875,R.Stevenson,RB,NE,2023,25.52,12,0,0,0,0,0,156,619,4,51,38,238,0,145.70000000000002,857
00-0036875,R.Stevenson,RB,NE,2024,26.52,15,0,0,0,0,0,207,801,7,41,33,168,1,175.9,969
00-0036875,R.Stevenson,RB,NE,2025,27.52,14,0,0,0,0,0,130,603,7,37,32,345,2,178.8,948
00-0036876,K.Granson,TE,IND,2021,23.43,10,0,0,0,0,0,0,0,0,15,11,106,0,21.6,106
00-0036876,K.Granson,TE,IND,2022,24.43,13,0,0,0,0,0,1,0,0,40,31,302,0,61.2,302
00-0036876,K.Granson,TE,IND,2023,25.43,15,0,0,0,0,0,1,2,0,50,30,368,1,73.0,370
00-0036876,K.Granson,TE,IND,2024,26.43,16,0,0,0,0,0,0,0,0,31,14,182,0,32.2,182
00-0036876,K.Granson,TE,PHI,2025,27.43,12,0,0,0,0,0,0,0,0,9,7,40,0,11.0,40
00-0036877,J.Darden,WR,TB,2021,22.63,9,0,0,0,0,0,1,11,0,12,6,43,0,11.4,54
00-0036877,J.Darden,WR,TB,2022,23.63,14,0,0,0,0,0,1,2,0,2,2,26,0,4.800000000000001,28
00-0036877,J.Darden,WR,CLE,2023,24.63,1,0,0,0,0,0,0,0,0,0,0,0,0,0.0,0
00-0036877,J.Darden,WR,CLE,2024,25.63,11,0,0,0,0,0,0,0,0,1,1,6,0,1.6,6
00-0036879,S.Ehlinger,QB,IND,2021,22.92,3,0,0,0,0,0,3,9,0,0,0,0,0,0.9,9
00-0036879,S.Ehlinger,QB,IND,2022,23.92,4,64,101,573,3,3,17,87,0,0,0,0,0,35.620000000000005,87
00-0036887,L.Farrell,TE,JAX,2021,23.88,8,0,0,0,0,0,0,0,0,11,7,56,0,12.6,56
00-0036887,L.Farrell,TE,JAX,2022,24.88,4,0,0,0,0,0,0,0,0,4,4,40,0,8.0,40
00-0036887,L.Farrell,TE,JAX,2023,25.88,10,0,0,0,0,0,0,0,0,15,13,155,0,28.5,155
00-0036887,L.Farrell,TE,JAX,2024,26.88,12,0,0,0,0,0,0,0,0,17,12,67,0,18.7,67
00-0036887,L.Farrell,TE,SF,2025,27.88,13,0,0,0,0,0,0,0,0,14,11,85,2,29.5,85
00-0036893,N.Harris,RB,PIT,2021,23.48,17,0,0,0,0,0,307,1200,7,94,74,467,3,300.7,1667
00-0036893,N.Harris,RB,PIT,2022,24.48,17,1,1,4,0,0,272,1034,7,53,41,229,3,225.46,1263
00-0036893,N.Harris,RB,PIT,2023,25.48,17,0,0,0,0,0,255,1035,8,38,29,170,0,195.5,1205
00-0036893,N.Harris,RB,PIT,2024,26.48,17,0,0,0,0,0,263,1043,6,48,36,283,0,204.6,1326
00-0036893,N.Harris,RB,LAC,2025,27.48,3,0,0,0,0,0,15,61,0,3,3,25,0,11.600000000000001,86
00-0036894,P.Freiermuth,TE,PIT,2021,22.85,16,0,0,0,0,0,0,0,0,79,60,497,7,151.7,497
00-0036894,P.Freiermuth,TE,PIT,2022,23.85,15,0,0,0,0,0,0,0,0,98,63,732,2,148.2,732
00-0036894,P.Freiermuth,TE,PIT,2023,24.85,11,0,0,0,0,0,0,0,0,47,32,308,2,76.8,308
00-0036894,P.Freiermuth,TE,PIT,2024,25.85,17,0,0,0,0,0,0,0,0,78,65,653,7,170.3,653
00-0036894,P.Freiermuth,TE,PIT,2025,26.85,15,0,0,0,0,0,0,0,0,54,41,486,4,113.60000000000001,486
00-0036898,D.Mills,QB,HOU,2021,22.86,13,263,394,2664,16,10,18,44,0,0,0,0,0,156.95999999999998,44
00-0036898,D.Mills,QB,HOU,2022,23.86,15,292,479,3118,17,15,32,108,2,0,0,0,0,181.52,108
00-0036898,D.Mills,QB,HOU,2023,24.86,5,18,39,173,2,0,2,9,0,0,0,0,0,17.82,9
00-0036898,D.Mills,QB,HOU,2024,25.86,4,20,36,212,0,0,3,11,0,0,0,0,0,9.580000000000002,11
00-0036898,D.Mills,QB,HOU,2025,26.86,6,91,159,915,5,1,13,60,1,0,0,0,0,68.6,60
00-0036900,J.Chase,WR,CIN,2021,21.5,17,0,0,0,0,0,7,21,0,128,81,1455,13,304.6,1476
00-0036900,J.Chase,WR,CIN,2022,22.5,12,0,0,0,0,0,5,8,0,134,87,1046,9,242.4,1054
00-0036900,J.Chase,WR,CIN,2023,23.5,16,1,1,-7,0,0,3,-6,0,145,100,1216,7,262.72,1210
00-0036900,J.Chase,WR,CIN,2024,24.5,17,0,0,0,0,0,3,32,0,175,127,1708,17,403.0,1740
00-0036900,J.Chase,WR,CIN,2025,25.5,16,0,0,0,0,0,3,14,0,185,125,1412,8,313.6,1426
00-0036906,K.Herbert,RB,CHI,2021,23.36,16,0,0,0,0,0,103,433,2,16,14,96,0,78.9,529
00-0036906,K.Herbert,RB,CHI,2022,24.36,13,0,0,0,0,0,129,731,4,12,9,57,1,117.80000000000001,788
00-0036906,K.Herbert,RB,CHI,2023,25.36,12,0,0,0,0,0,132,611,2,31,20,134,1,112.5,745
00-0036906,K.Herbert,RB,CIN,2024,26.36,11,0,0,0,0,0,36,130,1,11,10,25,0,31.5,155
00-0036906,K.Herbert,RB,NYJ,2025,27.36,5,0,0,0,0,0,16,52,0,4,1,4,0,6.6000000000000005,56
00-0036907,D.Newsome,WR,CHI,2021,22.3,3,0,0,0,0,0,0,0,0,5,2,23,0,4.3,23
00-0036910,C.Saunders,WR,CAR,2021,24.96,1,0,0,0,0,0,0,0,0,2,2,11,0,3.1,11
00-0036912,D.Smith,WR,PHI,2021,22.8,17,0,0,0,0,0,0,0,0,104,64,916,5,185.6,916
00-0036912,D.Smith,WR,PHI,2022,23.8,17,0,0,0,0,0,0,0,0,136,95,1196,7,256.6,1196
00-0036912,D.Smith,WR,PHI,2023,24.8,16,0,0,0,0,0,0,0,0,112,81,1066,7,227.6,1066
00-0036912,D.Smith,WR,PHI,2024,25.8,13,0,0,0,0,0,1,1,0,89,68,833,8,199.4,834
00-0036912,D.Smith,WR,PHI,2025,26.8,17,0,0,0,0,0,0,0,0,113,77,1008,4,201.79999999999998,1008
00-0036913,K.Toney,WR,NYG,2021,22.6,9,1,3,19,0,0,3,6,0,57,39,420,0,82.36,426
00-0036913,K.Toney,WR,KC,2022,23.6,9,0,0,0,0,0,7,82,1,20,16,171,2,59.300000000000004,253
00-0036913,K.Toney,WR,KC,2023,24.6,13,0,1,0,0,0,11,31,0,38,27,169,1,53.0,200
00-0036913,K.Toney,WR,CLE,2024,25.6,3,0,0,0,0,0,2,-4,0,1,0,0,0,-0.4,-4
00-0036918,J.Harris,WR,LA,2021,24.38,2,0,0,0,0,0,0,0,0,0,0,0,0,0.0,0
00-0036918,J.Harris,WR,LA,2022,25.38,3,0,0,0,0,0,0,0,0,1,1,6,0,1.6,6
00-0036919,K.Gainwell,RB,PHI,2021,22.47,16,0,0,0,0,0,68,291,5,50,33,253,1,123.4,544
00-0036919,K.Gainwell,RB,PHI,2022,23.47,17,0,0,0,0,0,53,240,4,29,23,169,0,87.9,409
00-0036919,K.Gainwell,RB,PHI,2023,24.47,16,1,1,17,0,0,84,364,2,37,30,183,0,97.38,547
00-0036919,K.Gainwell,RB,PHI,2024,25.47,17,0,0,0,0,0,75,290,1,22,16,116,0,62.6,406
00-0036919,K.Gainwell,RB,PIT,2025,26.47,17,0,0,0,0,0,114,537,5,85,73,486,3,221.3,1023
00-0036924,M.Carter,RB,NYJ,2021,22.32,14,0,0,0,0,0,24,136,0,5,3,8,0,17.4,144
00-0036924,M.Carter,RB,ARI,2023,24.32,15,0,0,0,0,0,22,149,0,11,9,33,1,33.2,182
00-0036924,M.Carter,RB,ARI,2024,25.32,3,0,0,0,0,0,35,131,1,11,11,57,0,35.8,188
00-0036924,M.Carter,RB,ARI,2025,26.32,13,0,0,0,0,0,92,333,1,45,33,267,0,99.0,600
00-0036924,Mi.Carter,RB,NYJ,2021,22.32,14,0,0,0,0,0,123,503,4,50,33,317,0,137.0,820
00-0036924,Mi.Carter,RB,NYJ,2022,23.32,16,0,0,0,0,0,114,402,3,54,41,288,0,126.0,690
00-0036924,Mi.Carter,RB,NYJ,2023,24.32,15,0,0,0,0,0,8,38,0,20,15,68,0,25.6,106
00-0036928,K.Trask,QB,TB,2022,24.49,1,3,9,23,0,0,0,0,0,0,0,0,0,0.92,0
00-0036928,K.Trask,QB,TB,2023,25.49,2,0,1,0,0,0,1,-1,0,0,0,0,0,-0.1,-1
00-0036928,K.Trask,QB,TB,2024,26.49,3,1,1,5,0,0,5,-4,0,0,0,0,0,-0.2,-4
00-0036929,I.Book,QB,NO,2021,23.42,1,12,20,135,0,2,3,6,0,0,0,0,0,2.0000000000000004,6
00-0036936,R.Moore,WR,ARI,2021,21.23,14,0,0,0,0,0,18,76,0,64,54,435,1,111.1,511
00-0036936,R.Moore,WR,ARI,2022,22.23,8,0,0,0,0,0,6,-5,0,56,41,414,1,87.9,409
00-0036936,R.Moore,WR,ARI,2023,23.23,17,0,0,0,0,0,28,178,1,62,40,352,1,105.0,530
00-0036939,K.Baker,WR,NO,2021,23.02,1,0,0,0,0,0,0,0,0,0,0,0,0,0.0,0
00-0036945,J.Fields,QB,CHI,2021,22.49,12,159,270,1870,7,10,72,420,2,0,0,0,0,126.80000000000001,420
00-0036945,J.Fields,QB,CHI,2022,23.49,15,192,318,2242,17,11,160,1143,8,0,0,0,0,295.98,1143
00-0036945,J.Fields,QB,CHI,2023,24.49,13,227,370,2562,16,9,124,657,4,0,0,0,0,230.18,657
00-0036945,J.Fields,QB,PIT,2024,25.49,10,106,161,1106,5,1,62,289,5,0,0,0,0,119.14,289
00-0036945,J.Fields,QB,NYJ,2025,26.49,9,128,204,1259,7,1,71,383,4,1,0,0,0,142.66,383
00-0036946,K.Mond,QB,MIN,2021,22.19,1,2,3,5,0,0,0,0,0,0,0,0,0,0.2,0
00-0036950,A.Williams,RB,ATL,2021,23.13,15,0,0,0,0,0,0,0,0,0,0,0,0,0.0,0
00-0036950,A.Williams,RB,ATL,2022,24.13,17,0,0,0,0,0,22,109,1,14,13,61,0,36.0,170
00-0036950,A.Williams,RB,ATL,2024,26.13,17,0,0,0,0,0,0,0,0,0,0,0,0,0.0,0
00-0036950,A.Williams,RB,NYJ,2025,27.13,1,0,0,0,0,0,0,0,0,0,0,0,0,0.0,0
00-0036951,F.Darby,WR,ATL,2021,23.98,4,0,0,0,0,0,0,0,0,4,1,14,0,2.4000000000000004,14
00-0036951,F.Darby,WR,ATL,2022,24.98,1,0,0,0,0,0,0,0,0,1,1,15,0,2.5,15
00-0036955,T.Marshall,WR,CAR,2021,21.23,12,0,0,0,0,0,0,0,0,30,17,138,0,32.800000000000004,138
00-0036955,T.Marshall,WR,CAR,2022,22.23,13,0,0,0,0,0,0,0,0,47,28,490,1,83.0,490
00-0036955,T.Marshall,WR,CAR,2023,23.23,8,0,0,0,0,0,0,0,0,33,19,139,0,32.900000000000006,139
00-0036955,T.Marshall,WR,LV,2024,24.23,5,0,0,0,0,0,0,0,0,6,3,41,0,7.1000000000000005,41
00-0036959,M.Bandy,WR,LAC,2021,23.74,1,0,0,0,0,0,0,0,0,0,0,0,0,0.0,0
00-0036959,M.Bandy,WR,LAC,2022,24.74,8,0,0,0,0,0,0,0,0,21,10,89,0,18.9,89
00-0036959,M.Bandy,WR,DEN,2023,25.74,1,0,0,0,0,0,0,0,0,0,0,0,0,0.0,0
00-0036959,M.Bandy,WR,DEN,2025,27.74,4,0,0,0,0,0,0,0,0,4,4,50,1,15.0,50
00-0036963,A.St. Brown,WR,DET,2021,21.86,16,0,0,0,0,0,7,61,1,119,90,912,5,227.3,973
00-0036963,A.St. Brown,WR,DET,2022,22.86,16,0,0,0,0,0,9,95,0,146,106,1161,6,267.6,1256
00-0036963,A.St. Brown,WR,DET,2023,23.86,16,0,0,0,0,0,4,24,0,164,119,1515,10,330.90000000000003,1539
00-0036963,A.St. Brown,WR,DET,2024,24.86,17,1,1,7,1,0,2,6,0,141,115,1263,12,316.18,1269
00-0036963,A.St. Brown,WR,DET,2025,25.86,17,0,0,0,0,0,3,9,0,172,117,1401,11,324.0,1410
00-0036970,K.Pitts,TE,ATL,2021,20.9,17,0,0,0,0,0,0,0,0,110,68,1026,1,176.6,1026
00-0036970,K.Pitts,TE,ATL,2022,21.9,10,0,0,0,0,0,0,0,0,59,28,356,2,75.6,356
00-0036970,K.Pitts,TE,ATL,2023,22.9,17,0,0,0,0,0,1,-4,0,90,53,667,3,137.3,663
00-0036970,K.Pitts,TE,ATL,2024,23.9,17,0,0,0,0,0,0,0,0,74,47,602,4,131.2,602
00-0036970,K.Pitts,TE,ATL,2025,24.9,17,0,0,0,0,0,0,0,0,118,88,928,5,210.8,928
00-0036971,T.Lawrence,QB,JAX,2021,21.9,17,359,602,3641,12,17,73,334,2,0,0,0,0,199.04,334
00-0036971,T.Lawrence,QB,JAX,2022,22.9,17,387,584,4113,25,8,62,291,5,0,0,0,0,295.62,291
00-0036971,T.Lawrence,QB,JAX,2023,23.9,16,370,564,4016,21,14,70,339,4,0,0,0,0,262.54,339
00-0036971,T.Lawrence,QB,JAX,2024,24.9,10,172,284,2045,11,7,26,119,3,0,0,-5,0,145.2,114
00-0036971,T.Lawrence,QB,JAX,2025,25.9,17,341,560,4007,29,12,82,359,9,0,0,0,0,338.18,359
00-0036972,M.Jones,QB,NE,2021,22.99,17,352,521,3801,22,13,44,129,0,0,0,0,0,224.94,129
00-0036972,M.Jones,QB,NE,2022,23.99,14,288,442,2997,14,11,47,102,1,0,0,0,0,170.08,102
00-0036972,M.Jones,QB,NE,2023,24.99,11,224,345,2120,10,12,26,96,0,0,0,0,0,106.4,96
00-0036972,M.Jones,QB,JAX,2024,25.99,10,171,262,1672,8,8,28,92,1,0,0,0,0,96.08,92
00-0036972,M.Jones,QB,SF,2025,26.99,11,201,289,2151,13,6,36,60,0,0,0,0,0,130.04,60
00-0036973,T.Etienne,RB,JAX,2022,23.6,17,0,0,0,0,0,220,1125,5,45,35,316,0,205.1,1441
00-0036973,T.Etienne,RB,JAX,2023,24.6,17,0,0,0,0,0,267,1008,11,73,58,476,1,282.4,1484
00-0036973,T.Etienne,RB,JAX,2024,25.6,15,0,0,0,0,0,150,558,2,52,39,254,0,130.2,812
00-0036973,T.Etienne,RB,JAX,2025,26.6,17,0,0,0,0,0,260,1107,7,52,36,292,6,253.9,1399
00-0036980,E.Moore,WR,NYJ,2021,21.43,11,0,0,0,0,0,5,54,1,77,43,538,5,138.2,592
00-0036980,E.Moore,WR,NYJ,2022,22.43,14,0,0,0,0,0,5,5,0,65,37,446,1,88.1,451
00-0036980,E.Moore,WR,CLE,2023,23.43,16,0,0,0,0,0,9,11,0,104,59,640,2,132.10000000000002,651
00-0036980,E.Moore,WR,CLE,2024,24.43,17,0,0,0,0,0,1,1,0,102,61,538,1,120.9,539
00-0036980,E.Moore,WR,BUF,2025,25.43,9,0,0,0,0,0,6,24,1,17,9,112,0,28.6,136
00-0036984,T.Sermon,RB,SF,2021,22.59,6,0,0,0,0,0,41,167,1,4,3,26,0,28.3,193
00-0036984,T.Sermon,RB,PHI,2022,23.59,1,0,0,0,0,0,2,19,0,0,0,0,0,1.9000000000000001,19
00-0036984,T.Sermon,RB,IND,2023,24.59,8,0,0,0,0,0,35,160,0,6,3,13,0,20.3,173
00-0036984,T.Sermon,RB,IND,2024,25.59,15,0,0,0,0,0,56,159,2,19,16,99,0,53.800000000000004,258
00-0036984,T.Sermon,RB,PIT,2025,26.59,3,0,0,0,0,0,0,0,0,0,0,0,0,0.0,0
00-0036988,J.Palmer,WR,LAC,2021,21.94,15,0,0,0,0,0,1,6,0,49,33,353,4,92.9,359
00-0036988,J.Palmer,WR,LAC,2022,22.94,16,0,0,0,0,0,1,4,0,107,72,769,3,169.3,773
00-0036988,J.Palmer,WR,LAC,2023,23.94,10,0,0,0,0,0,1,6,0,61,38,581,2,106.7,587
00-0036988,J.Palmer,WR,LAC,2024,24.94,15,0,0,0,0,0,0,0,0,65,39,584,1,107.4,584
00-0036988,J.Palmer,WR,BUF,2025,25.94,12,0,0,0,0,0,0,0,0,37,22,303,0,52.300000000000004,303
00-0036991,A.Rodgers,WR,HOU,2022,22.94,15,0,0,0,0,0,2,7,0,17,12,154,1,34.1,161
00-0036991,A.Rodgers,WR,IND,2023,23.94,1,0,0,0,0,0,0,0,0,2,0,0,0,0.0,0
00-0036991,Am.Rodgers,WR,GB,2021,21.94,16,0,0,0,0,0,1,11,0,8,4,45,0,9.600000000000001,56
00-0036991,Am.Rodgers,WR,GB,2022,22.94,15,0,0,0,0,0,0,0,0,8,4,50,0,9.0,50
00-0036997,J.Williams,RB,DEN,2021,21.35,17,0,0,0,0,0,203,903,4,53,43,316,3,204.9,1219
00-0036997,J.Williams,RB,DEN,2022,22.35,4,0,0,0,0,0,47,204,0,22,16,76,0,42.0,280
00-0036997,J.Williams,RB,DEN,2023,23.35,16,0,0,0,0,0,217,774,3,58,47,228,2,179.2,1002
00-0036997,J.Williams,RB,DEN,2024,24.35,17,0,0,0,0,0,139,513,4,70,52,346,0,157.9,859
00-0036997,J.Williams,RB,DAL,2025,25.35,16,0,0,0,0,0,252,1201,11,51,35,137,2,242.8,1338
00-0036999,A.Schwartz,WR,CLE,2021,20.99,13,0,0,0,0,0,6,39,0,23,10,135,1,33.4,174
00-0036999,A.Schwartz,WR,CLE,2022,21.99,7,0,0,0,0,0,4,57,1,10,4,51,0,18.8,108
00-0037004,H.Long,TE,MIA,2021,23.04,3,0,0,0,0,0,0,0,0,3,1,8,0,1.8,8
00-0037004,H.Long,TE,MIA,2022,24.04,1,0,0,0,0,0,0,0,0,0,0,0,0,0.0,0
00-0037004,H.Long,TE,LA,2023,25.04,1,0,0,0,0,0,0,0,0,0,0,0,0,0.0,0
00-0037004,H.Long,TE,LA,2024,26.04,11,0,0,0,0,0,0,0,0,9,7,60,0,19.0,60
00-0037004,H.Long,TE,JAX,2025,27.04,7,0,0,0,0,0,0,0,0,17,12,85,2,32.5,85
00-0037005,T.Tremble,TE,CAR,2021,21.25,15,0,0,0,0,0,3,11,1,35,20,180,1,53.1,191
00-0037005,T.Tremble,TE,CAR,2022,22.25,15,0,0,0,0,0,0,0,0,32,19,174,3,54.400000000000006,174
00-0037005,T.Tremble,TE,CAR,2023,23.25,15,0,0,0,0,0,0,0,0,32,23,194,3,60.4,194
00-0037005,T.Tremble,TE,CAR,2024,24.25,10,0,0,0,0,0,0,0,0,32,23,234,2,56.4,234
00-0037005,T.Tremble,TE,CAR,2025,25.25,15,0,0,0,0,0,0,0,0,37,27,249,2,63.900000000000006,249
00-0037011,T.McKitty,TE,LAC,2021,22.64,6,0,0,0,0,0,0,0,0,8,6,45,0,10.5,45
00-0037011,T.McKitty,TE,LAC,2022,23.64,13,0,0,0,0,0,0,0,0,18,10,72,0,17.2,72
00-0037011,T.McKitty,TE,LAC,2023,24.64,1,0,0,0,0,0,0,0,0,0,0,0,0,0.0,0
00-0037012,T.Lance,QB,SF,2021,21.31,6,41,71,603,5,2,38,168,1,0,0,0,0,64.92,168
00-0037012,T.Lance,QB,SF,2022,22.31,2,15,31,194,0,1,16,67,0,0,0,0,0,12.46,67
00-0037012,T.Lance,QB,DAL,2024,24.31,4,25,41,266,0,1,11,41,0,0,0,0,0,12.74,41
00-0037012,T.Lance,QB,LAC,2025,25.31,4,27,57,226,0,1,17,85,0,0,0,0,0,13.54,85
00-0037013,Z.Wilson,QB,NYJ,2021,22.08,13,213,383,2334,9,11,29,185,4,1,0,0,0,151.86,185
00-0037013,Z.Wilson,QB,NYJ,2022,23.08,9,132,242,1688,6,7,28,102,1,1,1,2,1,98.92,104
00-0037013,Z.Wilson,QB,NYJ,2023,24.08,12,221,368,2271,8,7,36,211,0,0,0,0,0,119.94,211
00-0037013,Z.Wilson,QB,MIA,2025,26.08,4,6,11,32,0,0,3,1,0,0,0,0,0,1.3800000000000001,1
00-0037015,S.Cannella,TE,CLE,2025,,2,0,0,0,0,0,0,0,0,5,2,11,0,3.1,11
00-0037031,N.Kalinic,TE,IND,2022,25.61,1,0,0,0,0,0,0,0,0,0,0,0,0,0.0,0
00-0037031,N.Kalinic,TE,CHI,2025,28.61,2,0,0,0,0,0,0,0,0,0,0,0,0,0.0,0
00-0037039,D.Allen,WR,PHI,2023,28.72,1,0,0,0,0,0,0,0,0,0,0,0,0,0.0,0
00-0037055,L.McCutcheon,WR,LA,2022,23.51,4,0,0,0,0,0,0,0,0,5,0,0,0,0.0,0
00-0037077,S.Howell,QB,WAS,2022,21.79,1,11,19,169,1,1,5,35,1,0,0,0,0,18.259999999999998,35
00-0037077,S.Howell,QB,WAS,2023,22.79,17,388,612,3946,21,21,48,263,5,1,1,4,0,257.54,267
00-0037077,S.Howell,QB,SEA,2024,23.79,1,5,14,24,0,1,1,2,0,0,0,0,0,-0.8400000000000001,2
00-0037078,C.Turner,TE,WAS,2022,22.46,7,0,0,0,0,0,0,0,0,9,2,23,0,4.300000000000001,23
00-0037078,C.Turner,TE,WAS,2023,23.46,8,0,0,0,0,0,0,0,0,15,11,120,0,23.0,120
00-0037085,T.Badie,RB,DEN,2022,23.57,1,0,0,0,0,0,1,0,0,1,1,24,1,9.4,24
00-0037085,T.Badie,RB,DEN,2024,25.57,3,0,0,0,0,0,11,86,0,3,3,-2,0,9.4,84
00-0037085,T.Badie,RB,DEN,2025,26.57,16,0,0,0,0,0,8,23,0,31,19,141,0,35.4,164
00-0037086,G.Calcaterra,TE,PHI,2022,23.74,6,0,0,0,0,0,0,0,0,9,5,81,0,13.100000000000001,81
00-0037086,G.Calcaterra,TE,PHI,2023,24.74,3,0,0,0,0,0,0,0,0,4,4,39,0,7.8999999999999995,39
00-0037086,G.Calcaterra,TE,PHI,2024,25.74,15,0,0,0,0,0,0,0,0,30,24,298,1,59.800000000000004,298
00-0037086,G.Calcaterra,TE,PHI,2025,26.74,9,0,0,0,0,0,0,0,0,13,9,76,1,22.6,76
00-0037087,T.Ebner,RB,CHI,2022,23.67,11,0,0,0,0,0,24,54,0,8,2,8,0,6.200000000000001,62
00-0037093,D.Young,WR,SEA,2022,23.24,6,0,0,0,0,0,0,0,0,2,2,24,0,4.4,24
00-0037093,D.Young,WR,SEA,2023,24.24,1,0,0,0,0,0,0,0,0,0,0,0,0,0.0,0
00-0037093,D.Young,WR,SEA,2024,25.24,7,0,0,0,0,0,0,0,0,1,0,0,0,0.0,0
00-0037093,D.Young,WR,SEA,2025,26.24,8,0,0,0,0,0,0,0,0,3,2,48,0,6.8,48
00-0037098,S.Toure,WR,GB,2022,24.44,4,0,0,0,0,0,0,0,0,10,5,82,1,19.2,82
00-0037098,S.Toure,WR,GB,2023,25.44,8,0,0,0,0,0,0,0,0,18,8,78,0,17.8,78
00-0037098,S.Toure,WR,NO,2025,27.44,1,0,0,0,0,0,0,0,0,3,1,3,0,1.3,3
00-0037112,J.Tonges,TE,CHI,2022,23.15,1,0,0,0,0,0,0,0,0,1,0,0,0,0.0,0
00-0037112,J.Tonges,TE,SF,2024,25.15,2,0,0,0,0,0,0,0,0,0,0,0,0,0.0,0
00-0037112,J.Tonges,TE,SF,2025,26.15,10,0,0,0,0,0,0,0,0,46,34,293,5,93.30000000000001,293
00-0037120,T.Goodson,RB,IND,2023,22.81,6,0,0,0,0,0,13,87,0,9,6,34,0,18.1,121
00-0037120,T.Goodson,RB,IND,2024,23.81,14,0,0,0,0,0,32,153,1,15,11,61,1,44.4,214
00-0037120,T.Goodson,RB,IND,2025,24.81,10,0,0,0,0,0,9,24,0,3,2,8,0,5.2,32
00-0037132,B.Covey,WR,PHI,2022,25.45,17,0,0,0,0,0,0,0,0,0,0,0,0,0.0,0
00-0037132,B.Covey,WR,PHI,2023,26.45,15,0,0,0,0,0,0,0,0,6,4,42,0,8.2,42
00-0037132,B.Covey,WR,PHI,2024,27.45,5,0,0,0,0,0,0,0,0,8,7,34,0,10.4,34
00-0037132,B.Covey,WR,PHI,2025,28.45,6,0,0,0,0,0,0,0,0,4,2,20,0,4.0,20
00-0037156,I.Charles,WR,NYJ,2023,26.39,6,0,0,0,0,0,0,0,0,1,0,0,0,0.0,0
00-0037156,I.Charles,WR,NYJ,2024,27.39,8,0,0,0,0,0,0,0,0,1,0,0,0,0.0,0
00-0037157,Z.Knight,RB,NYJ,2022,21.39,7,0,0,0,0,0,85,300,1,14,13,100,0,59.0,400
00-0037157,Z.Knight,RB,DET,2023,22.39,2,0,0,0,0,0,3,13,0,1,1,8,0,3.1,21
00-0037157,Z.Knight,RB,ARI,2025,24.39,12,0,0,0,0,0,82,269,4,31,22,160,1,92.9,429
00-0037168,A.Rogers,TE,WAS,2022,24.74,9,0,0,0,0,0,2,26,0,6,5,64,0,14.000000000000002,90
00-0037175,A.Brown,QB,BAL,2022,24.1,2,22,49,302,0,2,3,-5,0,0,0,0,0,5.579999999999999,-5
00-0037185,R.Webb,WR,NE,2022,24.68,3,0,0,0,0,0,0,0,0,0,0,0,0,0.0,0
00-0037197,I.Pacheco,RB,KC,2022,23.5,17,0,0,0,0,0,170,830,5,14,13,130,0,135.0,960
00-0037197,I.Pacheco,RB,KC,2023,24.5,14,0,0,0,0,0,205,935,7,49,44,244,2,213.9,1179
00-0037197,I.Pacheco,RB,KC,2024,25.5,7,0,0,0,0,0,83,310,1,16,12,79,0,56.900000000000006,389
00-0037197,I.Pacheco,RB,KC,2025,26.5,13,0,0,0,0,0,118,462,1,26,19,101,1,87.30000000000001,563
00-0037216,J.Ross,WR,KC,2023,23.71,6,0,0,0,0,0,0,0,0,11,6,53,0,11.3,53
00-0037216,J.Ross,WR,KC,2024,24.71,1,0,0,0,0,0,0,0,0,1,0,0,0,0.0,0
00-0037228,J.Warren,RB,PIT,2022,23.83,16,0,0,0,0,0,77,379,1,33,28,214,0,93.3,593
00-0037228,J.Warren,RB,PIT,2023,24.83,17,0,0,0,0,0,149,784,4,74,61,370,0,196.4,1154
00-0037228,J.Warren,RB,PIT,2024,25.83,15,0,0,0,0,0,120,511,1,47,38,310,0,124.10000000000001,821
00-0037228,J.Warren,RB,PIT,2025,26.83,16,0,0,0,0,0,211,958,6,45,40,333,2,217.1,1291
00-0037231,K.Austin,WR,NO,2024,24.42,8,0,0,0,0,0,1,9,0,22,11,151,0,27.0,160
00-0037231,K.Austin,WR,NO,2025,25.42,5,0,0,0,0,0,0,0,0,23,13,140,1,33.0,140
00-0037238,D.London,WR,ATL,2022,21.11,17,0,0,0,0,0,0,0,0,117,72,866,4,178.6,866
00-0037238,D.London,WR,ATL,2023,22.11,16,1,1,22,0,0,0,0,0,110,69,905,2,174.38,905
00-0037238,D.London,WR,ATL,2024,23.11,17,0,0,0,0,0,1,-3,0,158,100,1271,9,280.8,1268
00-0037238,D.London,WR,ATL,2025,24.11,12,0,0,0,0,0,0,0,0,112,68,919,7,201.9,919
00-0037239,C.Olave,WR,NO,2022,22.18,15,0,0,0,0,0,0,0,0,119,72,1042,4,198.20000000000002,1042
00-0037239,C.Olave,WR,NO,2023,23.18,16,0,0,0,0,0,0,0,0,138,87,1123,5,231.3,1123
00-0037239,C.Olave,WR,NO,2024,24.18,8,0,0,0,0,0,1,7,0,44,32,400,1,76.7,407
00-0037239,C.Olave,WR,NO,2025,25.18,16,0,1,0,0,1,1,-3,0,156,100,1163,9,268.0,1160
00-0037240,J.Williams,WR,DET,2022,21.43,6,0,0,0,0,0,1,40,0,9,1,41,1,15.100000000000001,81
00-0037240,J.Williams,WR,DET,2023,22.43,12,0,0,0,0,0,3,29,1,42,24,354,2,80.3,383
00-0037240,J.Williams,WR,DET,2024,23.43,15,0,0,0,0,0,8,56,0,55,34,630,4,126.60000000000001,686
00-0037240,J.Williams,WR,DET,2025,24.43,17,0,0,0,0,0,6,12,0,102,65,1117,7,219.9,1129
00-0037240,Ja.Williams,WR,DET,2024,23.43,15,0,0,0,0,0,3,5,1,36,24,371,3,85.6,376
00-0037247,G.Pickens,WR,PIT,2022,21.49,17,0,0,0,0,0,3,24,1,84,52,801,4,166.5,825
00-0037247,G.Pickens,WR,PIT,2023,22.49,17,0,0,0,0,0,3,18,0,106,63,1140,5,208.8,1158
00-0037247,G.Pickens,WR,PIT,2024,23.49,14,0,0,0,0,0,2,-6,0,103,59,900,3,164.4,894
00-0037247,G.Pickens,WR,DAL,2025,24.49,17,0,0,0,0,0,0,0,0,137,93,1429,9,291.9,1429
00-0037248,J.Cook,RB,BUF,2022,22.94,16,0,0,0,0,0,89,507,2,32,21,180,1,105.7,687
00-0037248,J.Cook,RB,BUF,2023,23.94,17,0,0,0,0,0,237,1122,2,54,44,445,4,232.70000000000002,1567
00-0037248,J.Cook,RB,BUF,2024,24.94,16,0,0,0,0,0,207,1009,16,38,32,258,2,266.7,1267
00-0037248,J.Cook,RB,BUF,2025,25.94,17,0,0,0,0,0,309,1621,12,40,33,291,2,302.2,1912
00-0037252,G.Dulcich,TE,DEN,2022,22.43,10,0,0,0,0,0,0,0,0,55,33,411,2,86.10000000000001,411
00-0037252,G.Dulcich,TE,DEN,2023,23.43,2,0,0,0,0,0,0,0,0,4,3,25,0,5.5,25
00-0037252,G.Dulcich,TE,DEN,2024,24.43,4,0,0,0,0,0,0,0,0,12,5,28,0,7.8,28
00-0037252,G.Dulcich,TE,MIA,2025,25.43,9,0,0,0,0,0,1,-7,0,33,26,335,1,62.800000000000004,328
00-0037256,R.White,RB,TB,2022,23.64,17,0,0,0,0,0,129,481,1,58,50,290,2,141.1,771
00-0037256,R.White,RB,TB,2023,24.64,17,0,0,0,0,0,272,990,6,70,64,549,3,267.9,1539
00-0037256,R.White,RB,TB,2024,25.64,15,0,0,0,0,0,144,613,3,57,51,393,6,199.6,1006
00-0037256,R.White,RB,TB,2025,26.64,17,0,0,0,0,0,132,572,4,45,40,218,0,143.0,790
00-0037257,D.Bell,WR,CLE,2024,23.72,1,0,0,0,0,0,0,0,0,3,3,27,0,5.7,27
00-0037257,Dav.Bell,WR,CLE,2022,21.72,15,0,0,0,0,0,0,0,0,35,24,214,0,45.4,214
00-0037257,Dav.Bell,WR,CLE,2023,22.72,9,0,0,0,0,0,0,0,0,23,14,167,3,48.7,167
00-0037258,D.Pierce,RB,HOU,2022,22.54,13,0,0,0,0,0,220,939,4,39,30,165,1,166.4,1104
00-0037258,D.Pierce,RB,HOU,2023,23.54,14,0,0,0,0,0,145,416,2,17,13,101,0,82.7,517
00-0037258,D.Pierce,RB,HOU,2024,24.54,10,0,0,0,0,0,40,293,2,4,2,2,0,43.5,295
00-0037258,D.Pierce,RB,HOU,2025,25.54,5,0,0,0,0,0,14,36,0,1,0,0,0,3.6,36
00-0037261,K.Shakir,WR,BUF,2022,22.58,10,0,0,0,0,0,0,0,0,20,10,161,1,34.1,161
00-0037261,K.Shakir,WR,BUF,2023,23.58,16,0,0,0,0,0,1,10,0,45,39,611,2,113.1,621
00-0037261,K.Shakir,WR,BUF,2024,24.58,15,0,0,0,0,0,2,4,0,100,76,821,4,182.5,825
00-0037261,K.Shakir,WR,BUF,2025,25.58,16,0,0,0,0,0,1,5,0,95,72,719,4,166.4,724
00-0037263,T.Allgeier,RB,ATL,2022,22.38,16,0,0,0,0,0,210,1035,3,17,16,139,1,159.4,1174
00-0037263,T.Allgeier,RB,ATL,2023,23.38,17,0,0,0,0,0,186,683,4,23,18,193,1,137.6,876
00-0037263,T.Allgeier,RB,ATL,2024,24.38,17,0,0,0,0,0,137,644,3,13,13,88,0,106.2,732
00-0037263,T.Allgeier,RB,ATL,2025,25.38,17,0,0,0,0,0,143,514,8,16,14,96,0,123.0,610
00-0037265,S.Conner,RB,JAX,2022,22.08,5,0,0,0,0,0,12,42,1,0,0,0,0,10.2,42
00-0037267,J.Ford,RB,CLE,2022,22.97,13,0,0,0,0,0,8,12,0,0,0,0,0,1.2000000000000002,12
00-0037267,J.Ford,RB,CLE,2023,23.97,17,0,0,0,0,0,204,813,4,63,44,319,5,211.20000000000002,1132
00-0037267,J.Ford,RB,CLE,2024,24.97,14,0,0,0,0,0,104,565,3,43,37,225,0,134.0,790
00-0037267,J.Ford,RB,CLE,2025,25.97,13,0,0,0,0,0,24,73,0,32,26,103,0,43.6,176
00-0037272,M.Washington,WR,DEN,2022,23.47,15,0,0,0,0,0,5,30,0,9,4,2,0,7.2,32
00-0037272,M.Washington,WR,KC,2023,24.47,4,0,0,0,0,0,0,0,0,0,0,0,0,0.0,0
00-0037272,M.Washington,WR,KC,2024,25.47,1,0,0,0,0,0,0,0,0,0,0,0,0,0.0,0
00-0037273,K.Philips,WR,TEN,2022,23.21,4,0,0,0,0,0,0,0,0,13,8,78,0,15.8,78
00-0037273,K.Philips,WR,TEN,2023,24.21,8,0,0,0,0,0,0,0,0,22,15,181,0,33.1,181
00-0037276,T.Chandler,RB,MIN,2022,24.3,2,0,0,0,0,0,6,20,0,0,0,0,0,2.0,20
00-0037276,T.Chandler,RB,MIN,2023,25.3,16,0,0,0,0,0,102,461,3,25,21,159,0,101.0,620
00-0037276,T.Chandler,RB,MIN,2024,26.3,14,0,0,0,0,0,56,182,0,6,6,42,0,28.400000000000002,224
00-0037276,T.Chandler,RB,MIN,2025,27.3,3,0,0,0,0,0,17,47,0,4,3,11,0,8.8,58
00-0037277,T.Quitoriano,TE,HOU,2022,22.46,7,0,0,0,0,0,0,0,0,14,7,113,2,30.3,113
00-0037277,T.Quitoriano,TE,HOU,2023,23.46,3,0,0,0,0,0,0,0,0,3,2,33,0,5.300000000000001,33
00-0037277,T.Quitoriano,TE,ATL,2025,25.46,2,0,0,0,0,0,0,0,0,0,0,0,0,0.0,0
00-0037282,J.Mitchell,TE,DET,2022,23.06,8,0,0,0,0,0,0,0,0,11,11,113,1,28.3,113
00-0037282,J.Mitchell,TE,DET,2023,24.06,2,0,0,0,0,0,0,0,0,2,2,28,0,4.800000000000001,28
00-0037282,J.Mitchell,TE,CAR,2025,26.06,2,0,0,0,0,0,0,0,0,3,3,28,0,5.800000000000001,28
00-0037286,K.Harris,RB,NE,2022,21.79,5,0,0,0,0,0,18,52,1,0,0,0,0,11.2,52
00-0037286,K.Harris,RB,NE,2023,22.79,4,0,0,0,0,0,16,65,1,3,3,58,0,21.3,123
00-0037291,J.Nailor,WR,MIN,2022,23.5,8,0,0,0,0,0,0,0,0,13,9,179,1,32.9,179
00-0037291,J.Nailor,WR,MIN,2023,24.5,3,0,0,0,0,0,0,0,0,6,3,29,0,5.9,29
00-0037291,J.Nailor,WR,MIN,2024,25.5,15,0,0,0,0,0,3,-4,0,42,28,414,6,105.0,410
00-0037291,J.Nailor,WR,MIN,2025,26.5,17,0,0,0,0,0,2,13,0,53,29,444,4,100.7,457
00-0037292,A.Ogletree,TE,IND,2023,25.09,11,0,0,0,0,0,0,0,0,21,9,147,2,35.7,147
00-0037292,A.Ogletree,TE,IND,2024,26.09,12,0,0,0,0,0,0,0,0,14,9,109,1,25.9,109
00-0037292,A.Ogletree,TE,IND,2025,27.09,11,0,0,0,0,0,0,0,0,6,4,27,1,12.700000000000001,27
00-0037299,K.Ingram,RB,ARI,2022,22.85,11,0,0,0,0,0,27,60,1,5,4,21,0,18.099999999999998,81
00-0037299,K.Ingram,RB,ARI,2023,23.85,7,0,0,0,0,0,35,74,0,4,4,26,0,14.000000000000002,100
00-0037299,K.Ingram,RB,KC,2024,24.85,1,0,0,0,0,0,0,0,0,0,0,0,0,0.0,0
00-0037300,M.Woods,WR,CLE,2022,22.45,7,0,0,0,0,0,1,-5,0,10,5,45,0,9.0,40
00-0037300,M.Woods,WR,CLE,2024,24.45,5,0,0,0,0,0,0,0,0,17,7,65,0,13.5,65
00-0037304,Co.Heyward,TE,PIT,2022,23.61,15,0,0,0,0,0,2,27,0,17,12,151,1,35.800000000000004,178
00-0037304,Co.Heyward,TE,PIT,2023,24.61,14,0,1,0,0,0,1,0,0,34,23,167,0,39.7,167
00-0037304,Co.Heyward,TE,PIT,2024,25.61,12,0,0,0,0,0,0,0,0,8,6,40,1,16.0,40
00-0037304,Co.Heyward,TE,PIT,2025,26.61,14,0,0,0,0,0,15,43,2,4,3,21,1,27.4,64
00-0037306,J.FitzPatrick,TE,ATL,2023,23.48,3,0,0,0,0,0,0,0,0,1,1,12,0,2.2,12
00-0037306,J.FitzPatrick,TE,GB,2024,24.48,1,0,0,0,0,0,0,0,0,1,1,2,0,1.2,2
00-0037306,J.FitzPatrick,TE,GB,2025,25.48,11,0,0,0,0,0,0,0,0,15,12,72,1,25.2,72
00-0037311,K.Kieft,TE,TB,2022,24.62,13,0,0,0,0,0,0,0,0,10,7,80,1,21.0,80
00-0037311,K.Kieft,TE,TB,2023,25.62,10,0,0,0,0,0,0,0,0,5,1,2,1,7.2,2
00-0037311,K.Kieft,TE,TB,2024,26.62,3,0,0,0,0,0,0,0,0,0,0,0,0,0.0,0
00-0037311,K.Kieft,TE,TB,2025,27.62,2,0,0,0,0,0,0,0,0,0,0,0,0,0.0,0
00-0037317,N.Muse,TE,MIN,2023,24.77,1,0,0,0,0,0,0,0,0,1,1,22,0,3.2,22
00-0037324,C.Oladokun,QB,KC,2024,27.0,1,0,0,0,0,0,1,5,0,0,0,0,0,0.5,5
00-0037324,C.Oladokun,QB,KC,2025,28.0,3,35,55,235,1,0,5,18,0,0,0,0,0,11.200000000000001,18
00-0037327,S.Thompson,QB,MIA,2022,25.24,7,60,105,534,1,3,14,21,0,0,0,0,0,17.46,21
00-0037327,S.Thompson,QB,MIA,2024,27.24,2,21,33,187,0,0,1,4,0,0,0,0,0,7.880000000000001,4
00-0037329,B.Brown,RB,LV,2022,24.89,1,0,0,0,0,0,0,0,0,0,0,0,0,0.0,0
00-0037329,B.Brown,RB,CHI,2025,27.89,2,0,0,0,0,0,5,37,1,1,0,0,0,9.7,37
00-0037331,Z.Horvath,RB,LAC,2022,23.73,8,0,0,0,0,0,4,8,0,8,5,8,2,18.6,16
00-0037340,Z.Mitchell-Paden,TE,BAL,2025,26.03,3,0,0,0,0,0,0,0,0,3,2,17,0,3.7,17
00-0037348,T.Conner,TE,MIA,2022,24.45,2,0,0,0,0,0,0,0,0,3,0,0,0,0.0,0
00-0037348,T.Conner,TE,MIA,2024,26.45,4,0,0,0,0,0,0,0,0,4,3,16,0,4.6,16
00-0037348,T.Conner,TE,MIA,2025,27.45,8,0,0,0,0,0,0,0,0,15,9,91,0,18.1,91
00-0037355,B.Sanders,WR,MIA,2022,23.61,2,0,0,0,0,0,0,0,0,3,2,17,0,1.7000000000000002,17
00-0037380,K.Davis,WR,CLE,2024,25.94,1,0,0,0,0,0,0,0,0,0,0,0,0,0.0,0
00-0037380,K.Davis,WR,CLE,2025,26.94,1,0,0,0,0,0,0,0,0,0,0,0,0,0.0,0
00-0037382,B.Johnson,WR,DEN,2022,24.1,5,0,0,0,0,0,0,0,0,14,6,42,1,16.2,42
00-0037382,B.Johnson,WR,DEN,2023,25.1,10,0,0,0,0,0,0,0,0,30,19,284,4,73.4,284
00-0037382,B.Johnson,WR,PIT,2024,26.1,1,0,0,0,0,0,0,0,0,1,1,9,0,1.9,9
00-0037387,J.Virgil,WR,DEN,2022,24.14,7,0,0,0,0,0,0,0,0,5,2,75,1,15.500000000000002,75
00-0037387,J.Virgil,WR,BUF,2024,26.14,3,0,0,0,0,0,0,0,0,0,0,0,0,0.0,0
00-0037410,J.Corbin,RB,NYG,2023,23.03,3,0,0,0,0,0,1,1,0,3,3,12,0,4.3,13
00-0037420,K.Lassiter,WR,CIN,2023,25.61,1,0,0,0,0,0,0,0,0,1,1,2,0,1.2,2
00-0037422,K.Pryor,WR,CIN,2024,26.65,1,0,0,0,0,0,0,0,0,1,1,9,0,1.9,9
00-0037429,R.Blackshear,RB,CAR,2022,24.24,13,0,0,0,0,0,23,77,3,12,10,93,0,45.0,170
00-0037429,R.Blackshear,RB,CAR,2023,25.24,9,0,0,0,0,0,14,46,0,7,6,45,0,17.1,91
00-0037429,R.Blackshear,RB,CAR,2024,26.24,16,0,0,0,0,0,15,80,0,0,0,0,0,8.0,80
00-0037450,T.McAllister,WR,LV,2024,26.4,2,0,0,0,0,0,2,11,0,0,0,0,0,1.1,11
00-0037451,R.Williams,TE,PIT,2023,23.39,6,0,0,0,0,0,0,0,0,2,0,0,0,0.0,0
00-0037451,R.Williams,TE,PIT,2024,24.39,1,0,0,0,0,0,0,0,0,0,0,0,0,0.0,0
00-0037456,T.Hairston,RB,HOU,2022,23.73,12,0,0,0,0,0,0,0,0,8,5,19,0,6.9,19
00-0037456,T.Hairston,RB,HOU,2024,25.73,2,0,0,0,0,0,0,0,0,0,0,0,0,0.0,0
00-0037475,S.Smartt,TE,LAC,2022,23.91,3,0,0,0,0,0,0,0,0,5,4,17,0,5.7,17
00-0037475,S.Smartt,TE,LAC,2023,24.91,12,0,0,0,0,0,0,0,0,21,11,155,1,32.5,155
00-0037475,S.Smartt,TE,LAC,2024,25.91,9,0,0,0,0,0,0,0,0,19,16,208,0,34.8,208
00-0037475,S.Smartt,TE,NYJ,2025,26.91,6,0,0,0,0,0,0,0,0,9,7,52,0,12.2,52
00-0037487,D.Thompkins,WR,TB,2022,22.69,5,0,0,0,0,0,2,26,0,10,5,32,0,10.799999999999999,58
00-0037487,D.Thompkins,WR,TB,2023,23.69,17,0,0,0,0,0,8,56,0,25,17,83,1,34.9,139
00-0037487,D.Thompkins,WR,CAR,2024,24.69,5,0,0,0,0,0,2,7,0,4,4,20,0,6.7,27
00-0037487,D.Thompkins,WR,ATL,2025,25.69,7,0,0,0,0,0,1,5,0,3,3,27,0,6.200000000000001,32
00-0037506,C.Fotheringham,TE,LV,2023,25.89,1,0,0,0,0,0,0,0,0,1,1,6,0,1.6,6
00-0037509,S.McCormick,RB,LV,2024,23.98,4,0,0,0,0,0,39,183,0,7,6,29,0,27.200000000000003,212
00-0037524,T.Martin,WR,SF,2022,24.72,1,0,0,0,0,0,0,0,0,0,0,0,0,0.0,0
00-0037524,T.Martin,WR,TEN,2024,26.72,1,0,0,0,0,0,0,0,0,2,1,49,1,11.9,49
00-0037524,T.Martin,WR,WAS,2025,27.72,2,0,0,0,0,0,0,0,0,2,2,23,0,4.300000000000001,23
00-0037525,J.Mason,RB,SF,2022,23.27,12,0,0,0,0,0,43,258,1,0,0,0,0,31.8,258
00-0037525,J.Mason,RB,SF,2023,24.27,16,0,0,0,0,0,40,206,3,4,3,31,0,44.7,237
00-0037525,J.Mason,RB,SF,2024,25.27,12,0,0,0,0,0,153,789,3,14,11,91,0,115.0,880
00-0037525,J.Mason,RB,MIN,2025,26.27,16,0,0,0,0,0,159,758,6,16,14,51,0,128.9,809
00-0037539,L.Krull,TE,DEN,2023,25.14,7,0,0,0,0,0,0,0,0,14,8,95,1,23.5,95
00-0037539,L.Krull,TE,DEN,2024,26.14,10,0,0,0,0,0,0,0,0,23,19,152,0,34.2,152
00-0037539,L.Krull,TE,DEN,2025,27.14,2,0,0,0,0,0,0,0,0,4,2,15,0,3.5,15
00-0037545,R.Shaheed,WR,NO,2022,24.0,12,0,0,0,0,0,4,57,1,34,28,488,2,100.5,545
00-0037545,R.Shaheed,WR,NO,2023,25.0,15,0,0,0,0,0,7,37,0,75,46,719,5,157.6,756
00-0037545,R.Shaheed,WR,NO,2024,26.0,6,0,0,0,0,0,6,29,0,41,20,349,3,81.80000000000001,378
00-0037545,R.Shaheed,WR,NO,2025,27.0,18,0,0,0,0,0,9,69,0,92,59,687,2,156.6,756
00-0037557,R.Rivers,RB,LA,2022,23.59,2,0,0,0,0,0,9,21,0,5,5,29,0,10.0,50
00-0037557,R.Rivers,RB,LA,2023,24.59,9,0,0,0,0,0,32,129,0,5,5,22,0,20.1,151
00-0037557,R.Rivers,RB,LA,2024,25.59,6,0,0,0,0,0,22,99,0,6,5,34,0,18.3,133
00-0037557,R.Rivers,RB,LA,2025,26.59,6,0,0,0,0,0,9,46,0,0,0,0,0,4.6000000000000005,46
00-0037563,M.Davis,RB,DAL,2022,23.77,6,0,0,0,0,0,38,161,1,7,6,63,0,34.4,224
00-0037563,M.Davis,RB,DAL,2023,24.77,1,0,0,0,0,0,0,0,0,0,0,0,0,0.0,0
00-0037563,M.Davis,RB,DAL,2025,26.77,10,0,0,0,0,0,52,250,2,5,2,16,0,40.6,266
00-0037569,P.Hendershot,TE,DAL,2022,23.36,12,0,0,0,0,0,1,2,1,16,11,103,2,39.5,105
00-0037569,P.Hendershot,TE,DAL,2023,24.36,8,0,0,0,0,0,1,0,0,7,4,38,0,7.800000000000001,38
00-0037569,P.Hendershot,TE,KC,2024,25.36,5,0,0,0,0,0,0,0,0,5,5,51,0,10.1,51
00-0037570,D.Houston,WR,DAL,2022,23.36,2,0,0,0,0,0,0,0,0,6,2,16,0,3.6,16
00-0037581,S.Berryhill,WR,DET,2022,24.23,1,0,0,0,0,0,0,0,0,0,0,0,0,0.0,0
00-0037594,J.Chestnut,RB,TEN,2022,21.85,6,0,0,0,0,0,9,12,0,3,3,41,0,8.3,53
00-0037594,J.Chestnut,RB,TEN,2023,22.85,1,0,0,0,0,0,0,0,0,0,0,0,0,0.0,0
00-0037594,J.Chestnut,RB,TEN,2024,23.85,12,0,0,0,0,0,22,102,0,3,2,11,0,13.3,113
00-0037594,J.Chestnut,RB,TEN,2025,24.85,16,0,0,0,0,0,11,40,0,2,0,0,0,4.0,40
00-0037609,A.Shampklin,RB,PIT,2024,24.87,3,0,0,0,0,0,6,17,0,0,0,0,0,1.7000000000000002,17
00-0037614,J.Metchie,WR,HOU,2023,23.12,14,0,0,0,0,0,1,4,0,30,16,158,0,32.2,162
00-0037614,J.Metchie,WR,HOU,2024,24.12,10,0,0,0,0,0,0,0,0,37,24,254,1,55.400000000000006,254
00-0037614,J.Metchie,WR,NYJ,2025,25.12,13,0,0,0,0,0,3,-5,0,48,33,274,2,71.9,269
00-0037617,H.Haskins,RB,TEN,2022,22.77,14,0,0,0,0,0,25,93,0,12,11,57,0,26.0,150
00-0037617,H.Haskins,RB,LAC,2024,24.77,12,0,0,0,0,0,34,89,2,3,3,49,1,32.8,138
00-0037617,H.Haskins,RB,LAC,2025,25.77,11,0,0,0,0,0,17,47,0,4,4,13,0,10.0,60
00-0037654,T.Fisk,TE,ATL,2023,24.62,2,0,0,0,0,0,0,0,0,1,1,9,0,1.9,9
00-0037654,T.Fisk,TE,LAC,2024,25.62,7,0,0,0,0,0,0,0,0,8,7,39,0,10.9,39
00-0037654,T.Fisk,TE,LAC,2025,26.62,4,0,0,0,0,0,0,0,0,4,2,19,0,3.9000000000000004,19
00-0037664,A.Pierce,WR,IND,2022,22.33,16,0,0,0,0,0,0,0,0,78,41,593,2,112.30000000000001,593
00-0037664,A.Pierce,WR,IND,2023,23.33,17,0,0,0,0,0,0,0,0,65,32,514,2,95.4,514
00-0037664,A.Pierce,WR,IND,2024,24.33,16,0,0,0,0,0,0,0,0,69,37,824,7,161.4,824
00-0037664,A.Pierce,WR,IND,2025,25.33,15,0,0,0,0,0,0,0,0,84,47,1003,6,183.3,1003
00-0037666,J.Tolbert,WR,DAL,2022,23.51,3,0,0,0,0,0,0,0,0,3,2,12,0,3.2,12
00-0037666,J.Tolbert,WR,DAL,2023,24.51,14,0,0,0,0,0,0,0,0,36,22,268,2,60.800000000000004,268
00-0037666,J.Tolbert,WR,DAL,2024,25.51,17,0,0,0,0,0,0,0,0,79,49,610,7,152.0,610
00-0037666,J.Tolbert,WR,DAL,2025,26.51,12,0,0,0,0,0,0,0,0,34,18,203,1,46.3,203
00-0037708,M.Alexander,WR,DET,2022,25.64,3,0,0,0,0,0,0,0,0,1,1,7,0,1.7000000000000002,7
00-0037708,M.Alexander,WR,DET,2024,27.64,2,0,0,0,0,0,0,0,0,0,0,0,0,0.0,0
00-0037740,G.Wilson,WR,NYJ,2022,22.11,17,0,1,0,0,0,4,4,0,147,83,1103,4,215.7,1107
00-0037740,G.Wilson,WR,NYJ,2023,23.11,17,0,1,0,0,0,4,0,0,168,95,1042,3,213.2,1042
00-0037740,G.Wilson,WR,NYJ,2024,24.11,17,0,0,0,0,0,2,5,0,153,101,1104,7,251.9,1109
00-0037740,G.Wilson,WR,NYJ,2025,25.11,7,0,0,0,0,0,0,0,0,59,36,395,4,99.5,395
00-0037741,J.Dotson,WR,WAS,2022,22.44,12,0,0,0,0,0,2,-7,0,61,35,523,7,130.6,516
00-0037741,J.Dotson,WR,WAS,2023,23.44,17,0,0,0,0,0,0,0,0,83,49,518,4,124.8,518
00-0037741,J.Dotson,WR,PHI,2024,24.44,14,0,0,0,0,0,1,13,0,33,19,216,0,41.9,229
00-0037741,J.Dotson,WR,PHI,2025,25.44,15,0,0,0,0,0,0,0,0,36,18,262,1,50.2,262
00-0037742,T.Burks,WR,TEN,2022,22.44,11,0,0,0,0,0,4,47,0,54,33,444,1,88.1,491
00-0037742,T.Burks,WR,TEN,2023,23.44,9,0,0,0,0,0,5,18,0,30,16,221,0,39.9,239
00-0037742,T.Burks,WR,TEN,2024,24.44,5,0,0,0,0,0,2,1,0,8,4,34,0,7.5,35
00-0037742,T.Burks,WR,WAS,2025,25.44,8,0,0,0,0,0,0,0,0,22,10,130,1,29.0,130
00-0037744,T.McBride,TE,ARI,2022,22.78,12,0,0,0,0,0,0,0,0,39,29,265,1,61.5,265
00-0037744,T.McBride,TE,ARI,2023,23.78,17,0,0,0,0,0,0,0,0,106,81,825,3,181.5,825
00-0037744,T.McBride,TE,ARI,2024,24.78,16,0,0,0,0,0,1,2,1,147,111,1146,2,243.8,1148
00-0037744,T.McBride,TE,ARI,2025,25.78,17,0,0,0,0,0,0,0,0,169,126,1239,11,315.90000000000003,1239
00-0037745,V.Jones,RB,CHI,2022,25.31,11,0,0,0,0,0,9,103,1,14,7,107,1,38.0,210
00-0037745,V.Jones,RB,CHI,2023,26.31,13,0,0,0,0,0,8,51,0,7,4,20,0,11.1,71
00-0037745,V.Jones,RB,CAR,2024,27.31,2,0,0,0,0,0,3,11,0,1,1,8,0,2.9000000000000004,19
00-0037745,V.Jones,RB,NO,2025,28.31,5,0,0,0,0,0,4,32,0,0,0,0,0,3.2,32
00-0037746,B.Robinson,RB,WAS,2022,23.44,12,0,0,0,0,0,205,797,2,12,9,60,1,112.7,857
00-0037746,B.Robinson,RB,WAS,2023,24.44,15,0,0,0,0,0,178,733,5,43,36,368,4,198.10000000000002,1101
00-0037746,B.Robinson,RB,WAS,2024,25.44,14,0,0,0,0,0,187,799,8,25,20,159,0,159.8,958
00-0037746,B.Robinson,RB,SF,2025,26.44,17,0,0,0,0,0,92,400,2,12,8,25,0,62.5,425
00-0037755,J.Woods,TE,IND,2022,23.9,12,0,0,0,0,0,0,0,0,40,25,312,3,74.2,312
00-0037755,J.Woods,TE,NYJ,2025,26.9,2,0,0,0,0,0,0,0,0,3,1,4,0,1.4,4
00-0037801,K.Turpin,WR,DAL,2022,26.08,17,0,0,0,0,0,3,17,0,2,1,9,0,3.6,26
00-0037801,K.Turpin,WR,DAL,2023,27.08,16,0,0,0,0,0,11,110,1,18,12,127,3,59.7,237
00-0037801,K.Turpin,WR,DAL,2024,28.08,17,0,0,0,0,0,16,92,0,52,31,420,2,104.2,512
00-0037801,K.Turpin,WR,DAL,2025,29.08,15,0,0,0,0,0,17,89,0,38,26,396,2,84.5,485
00-0037805,J.Ruckert,TE,NYJ,2022,22.06,2,0,0,0,0,0,0,0,0,2,1,8,0,1.8,8
00-0037805,J.Ruckert,TE,NYJ,2023,23.06,10,0,0,0,0,0,0,0,0,22,16,151,0,31.1,151
00-0037805,J.Ruckert,TE,NYJ,2024,24.06,14,0,0,0,0,0,0,0,0,28,18,105,0,28.5,105
00-0037805,J.Ruckert,TE,NYJ,2025,25.06,14,0,0,0,0,0,0,0,0,29,23,179,1,46.900000000000006,179
00-0037809,C.Okonkwo,TE,TEN,2022,22.98,16,0,0,0,0,0,3,2,0,46,32,450,3,97.2,452
00-0037809,C.Okonkwo,TE,TEN,2023,23.98,17,0,0,0,0,0,2,6,0,77,54,528,1,113.4,534
00-0037809,C.Okonkwo,TE,TEN,2024,24.98,16,0,0,0,0,0,1,17,0,70,52,479,2,113.60000000000001,496
00-0037809,C.Okonkwo,TE,TEN,2025,25.98,17,0,0,0,0,0,0,0,0,79,56,560,2,124.0,560
00-0037816,R.Doubs,WR,GB,2022,22.39,13,0,0,0,0,0,1,11,0,67,42,425,3,101.6,436
00-0037816,R.Doubs,WR,GB,2023,23.39,17,0,0,0,0,0,0,0,0,96,59,674,8,174.4,674
00-0037816,R.Doubs,WR,GB,2024,24.39,13,0,0,0,0,0,0,0,0,72,46,601,4,132.1,601
00-0037816,R.Doubs,WR,GB,2025,25.39,16,0,0,0,0,0,0,0,0,85,55,724,6,165.4,724
00-0037827,T.Davis-Price,RB,SF,2022,21.86,5,0,0,0,0,0,34,99,0,2,0,0,0,9.9,99
00-0037827,T.Davis-Price,RB,SF,2023,22.86,1,0,0,0,0,0,6,21,0,0,0,0,0,2.1,21
00-0037827,T.Davis-Price,RB,PHI,2024,23.86,1,0,0,0,0,0,3,7,0,0,0,0,0,0.7000000000000001,7
00-0037828,D.Gray,WR,SF,2022,23.42,7,0,0,0,0,0,1,9,0,7,1,10,0,2.9,19
00-0037834,B.Purdy,QB,SF,2022,22.68,9,114,170,1374,13,4,22,13,1,0,0,0,0,106.25999999999999,13
00-0037834,B.Purdy,QB,SF,2023,23.68,16,308,444,4280,31,11,39,144,2,0,0,0,0,295.6,144
00-0037834,B.Purdy,QB,SF,2024,24.68,15,300,455,3864,20,12,66,323,5,0,0,0,0,266.86,323
00-0037834,B.Purdy,QB,SF,2025,25.68,9,197,284,2167,20,10,33,147,3,0,0,0,0,177.38,147
00-0037837,C.Austin,WR,PIT,2023,24.44,16,0,0,0,0,0,11,57,1,30,17,180,1,52.7,237
00-0037837,C.Austin,WR,PIT,2024,25.44,17,0,0,0,0,0,0,0,0,58,36,548,4,120.8,548
00-0037837,C.Austin,WR,PIT,2025,26.44,14,0,0,0,0,0,0,0,0,55,31,372,3,86.2,372
00-0037838,I.Likely,TE,BAL,2022,22.37,14,0,0,0,0,0,0,0,0,60,36,373,3,91.3,373
00-0037838,I.Likely,TE,BAL,2023,23.37,14,0,0,0,0,0,0,0,0,40,30,411,5,101.1,411
00-0037838,I.Likely,TE,BAL,2024,24.37,15,0,0,0,0,0,0,0,0,58,42,477,6,123.7,477
00-0037838,I.Likely,TE,BAL,2025,25.37,12,0,0,0,0,0,0,0,0,36,27,307,1,61.7,307
00-0037840,K.Williams,RB,LA,2022,22.02,8,0,0,0,0,0,35,139,0,12,9,76,0,30.5,215
00-0037840,K.Williams,RB,LA,2023,23.02,12,0,0,0,0,0,228,1144,12,48,32,206,3,255.0,1350
00-0037840,K.Williams,RB,LA,2024,24.02,16,0,0,0,0,0,316,1299,14,40,34,182,2,272.1,1481
00-0037840,K.Williams,RB,LA,2025,25.02,17,0,0,0,0,0,259,1252,10,50,36,281,3,263.3,1533
00-0038040,Z.White,RB,LV,2022,22.95,11,0,0,0,0,0,17,70,0,0,0,0,0,7.000000000000001,70
00-0038040,Z.White,RB,LV,2023,23.95,13,0,0,0,0,0,104,451,1,19,15,98,0,73.9,549
00-0038040,Z.White,RB,LV,2024,24.95,8,0,0,0,0,0,65,183,1,8,6,30,0,29.3,213
00-0038040,Z.White,RB,LV,2025,25.95,5,0,0,0,0,0,12,32,0,6,4,24,0,9.6,56
00-0038041,J.Ferguson,TE,DAL,2022,23.62,11,0,0,0,0,0,0,0,0,22,19,174,2,48.4,174
00-0038041,J.Ferguson,TE,DAL,2023,24.62,17,0,0,0,0,0,0,0,0,102,71,761,5,177.1,761
00-0038041,J.Ferguson,TE,DAL,2024,25.62,14,0,0,0,0,0,0,0,0,86,59,494,0,104.4,494
00-0038041,J.Ferguson,TE,DAL,2025,26.62,17,0,0,0,0,0,1,1,0,102,82,600,8,188.1,601
00-0038045,I.Spiller,RB,LAC,2022,21.06,5,0,0,0,0,0,18,41,0,3,3,13,0,8.4,54
00-0038045,I.Spiller,RB,LAC,2023,22.06,9,0,0,0,0,0,37,96,0,6,6,34,0,19.0,130
00-0038046,C.Kolar,TE,BAL,2022,23.56,1,0,0,0,0,0,0,0,0,6,4,49,0,8.9,49
00-0038046,C.Kolar,TE,BAL,2023,24.56,9,0,0,0,0,0,0,0,0,9,7,87,1,21.700000000000003,87
00-0038046,C.Kolar,TE,BAL,2024,25.56,10,0,0,0,0,0,1,2,0,11,9,131,1,28.3,133
00-0038046,C.Kolar,TE,BAL,2025,26.56,13,0,0,0,0,0,0,0,0,15,10,142,2,36.2,142
00-0038090,S.Moore,WR,KC,2022,21.98,16,0,0,0,0,0,3,24,0,33,22,250,0,49.4,274
00-0038090,S.Moore,WR,KC,2023,22.98,13,0,0,0,0,0,3,23,0,38,21,244,1,53.7,267
00-0038090,S.Moore,WR,KC,2024,23.98,3,0,0,0,0,0,0,0,0,3,0,0,0,0.0,0
00-0038090,S.Moore,WR,SF,2025,24.98,17,0,0,0,0,0,2,11,0,7,5,87,0,14.8,98
00-0038092,E.Ezukanma,WR,MIA,2022,22.6,1,0,0,0,0,0,0,0,0,1,1,3,0,1.3,3
00-0038092,E.Ezukanma,WR,MIA,2023,23.6,2,0,0,0,0,0,5,22,0,1,0,0,0,2.2,22
00-0038092,E.Ezukanma,WR,MIA,2024,24.6,1,0,0,0,0,0,0,0,0,2,0,0,0,0.0,0
00-0038098,P.Strong,RB,NE,2022,23.73,10,0,0,0,0,0,10,100,1,7,7,42,0,27.2,142
00-0038098,P.Strong,RB,CLE,2023,24.73,16,0,0,0,0,0,63,291,1,8,5,47,0,42.800000000000004,338
00-0038098,P.Strong,RB,CLE,2024,25.73,13,0,0,0,0,0,26,108,0,22,14,104,0,35.2,212
00-0038102,K.Pickett,QB,PIT,2022,24.24,13,245,389,2404,7,9,55,237,3,0,0,0,0,149.86,237
00-0038102,K.Pickett,QB,PIT,2023,25.24,12,201,324,2070,6,4,42,54,1,0,0,0,0,110.2,54
00-0038102,K.Pickett,QB,PHI,2024,26.24,5,25,42,291,2,1,9,15,1,0,0,0,0,25.14,15
00-0038102,K.Pickett,QB,LV,2025,27.24,6,28,45,188,1,2,5,22,0,0,0,0,0,7.720000000000001,22
00-0038104,T.Thornton,WR,NE,2022,22.07,12,0,0,0,0,0,3,16,1,45,22,247,2,66.3,263
00-0038104,T.Thornton,WR,NE,2023,23.07,9,0,0,0,0,0,3,51,0,23,13,91,0,27.200000000000003,142
00-0038104,T.Thornton,WR,NE,2024,24.07,4,0,0,0,0,0,0,0,0,8,4,47,0,8.7,47
00-0038104,T.Thornton,WR,KC,2025,25.07,12,0,0,0,0,0,0,0,0,37,19,438,3,80.8,438
00-0038108,B.Zappe,QB,NE,2022,23.35,4,65,92,781,5,3,10,0,0,1,1,-6,0,39.64,-6
00-0038108,B.Zappe,QB,NE,2023,24.35,10,127,212,1272,6,9,17,83,1,0,0,0,0,69.18,83
00-0038108,B.Zappe,QB,CLE,2024,25.35,1,16,31,170,1,2,2,2,0,0,0,0,0,7.000000000000001,2
00-0038115,D.Bellinger,TE,NYG,2022,21.94,11,0,0,0,0,0,1,2,1,35,30,268,2,75.0,270
00-0038115,D.Bellinger,TE,NYG,2023,22.94,14,0,0,0,0,0,0,0,0,28,25,255,0,50.5,255
00-0038115,D.Bellinger,TE,NYG,2024,23.94,12,0,0,0,0,0,0,0,0,17,14,125,0,26.5,125
00-0038115,D.Bellinger,TE,NYG,2025,24.94,13,0,0,0,0,0,0,0,0,26,19,286,2,59.6,286
00-0038117,W.Robinson,WR,NYG,2022,21.66,6,0,0,0,0,0,2,-1,0,31,23,227,1,51.599999999999994,226
00-0038117,W.Robinson,WR,NYG,2023,22.66,15,0,0,0,0,0,9,87,1,78,60,525,1,133.2,612
00-0038117,W.Robinson,WR,NYG,2024,23.66,17,0,0,0,0,0,3,18,0,140,93,699,3,182.70000000000002,717
00-0038117,W.Robinson,WR,NYG,2025,24.66,16,0,0,0,0,0,3,5,0,140,92,1014,4,217.9,1019
00-0038120,B.Hall,RB,NYJ,2024,23.25,16,0,0,0,0,0,209,876,5,76,57,483,3,240.9,1359
00-0038120,B.Hall,RB,NYJ,2025,24.25,16,1,1,4,1,0,243,1065,4,48,36,350,1,207.66,1415
00-0038120,Br.Hall,RB,NYJ,2022,21.25,7,0,0,0,0,0,80,463,4,31,19,218,1,115.10000000000001,681
00-0038120,Bre.Hall,RB,NYJ,2023,22.25,17,0,0,0,0,0,223,994,5,95,76,591,4,290.5,1585
00-0038122,D.Ridder,QB,ATL,2022,23.0,4,73,115,708,2,0,16,64,0,0,0,0,0,38.72,64
00-0038122,D.Ridder,QB,ATL,2023,24.0,15,249,388,2836,12,12,53,193,5,1,1,-6,0,177.14000000000001,187
00-0038122,D.Ridder,QB,LV,2024,25.0,5,52,85,458,2,2,9,36,0,0,0,0,0,21.92,36
00-0038124,C.Watson,WR,GB,2022,23.3,14,0,0,0,0,0,7,80,2,66,41,611,7,164.10000000000002,691
00-0038124,C.Watson,WR,GB,2023,24.3,9,0,0,0,0,0,4,11,0,53,28,422,5,101.3,433
00-0038124,C.Watson,WR,GB,2024,25.3,14,0,0,0,0,0,4,23,0,53,29,620,2,105.3,643
00-0038124,C.Watson,WR,GB,2025,26.3,10,0,0,0,0,0,1,3,0,55,35,611,6,132.4,614
00-0038128,M.Willis,QB,TEN,2022,23.27,7,31,61,276,0,3,27,123,1,0,0,0,0,19.34,123
00-0038128,M.Willis,QB,TEN,2023,24.27,2,4,5,74,0,0,5,21,0,0,0,0,0,3.06,21
00-0038128,M.Willis,QB,GB,2024,25.27,6,40,54,550,3,0,20,138,1,0,0,0,0,51.800000000000004,138
00-0038128,M.Willis,QB,GB,2025,26.27,4,30,35,422,3,0,22,123,2,0,0,0,0,51.17999999999999,123
00-0038129,C.Otton,TE,TB,2022,23.38,16,0,0,0,0,0,0,0,0,65,42,391,2,93.10000000000001,391
00-0038129,C.Otton,TE,TB,2023,24.38,17,0,0,0,0,0,0,0,0,67,47,455,4,118.5,455
00-0038129,C.Otton,TE,TB,2024,25.38,14,0,0,0,0,0,1,-4,0,87,59,600,4,140.6,596
00-0038129,C.Otton,TE,TB,2025,26.38,15,0,0,0,0,0,0,0,0,81,59,572,1,122.2,572
00-0038134,K.Walker,RB,SEA,2022,21.87,15,0,0,0,0,0,228,1050,9,35,27,165,0,202.5,1215
00-0038134,K.Walker,RB,SEA,2023,22.87,15,0,0,0,0,0,219,905,8,37,29,259,1,199.4,1164
00-0038134,K.Walker,RB,SEA,2024,23.87,11,0,0,0,0,0,153,573,7,53,46,299,1,181.2,872
00-0038134,K.Walker,RB,SEA,2025,24.87,17,0,0,0,0,0,221,1027,5,36,31,282,0,191.9,1309
00-0038147,D.Baldwin,WR,CLE,2022,22.77,1,0,0,0,0,0,0,0,0,2,2,25,0,4.5,25
00-0038149,J.Ali,WR,ATL,2022,23.5,1,0,0,0,0,0,0,0,0,1,0,0,0,0.0,0
00-0038359,X.Smith,WR,LA,2024,26.95,14,0,0,0,0,0,4,36,0,2,2,6,0,6.2,42
00-0038359,X.Smith,WR,LA,2025,27.95,16,0,0,0,0,0,0,0,0,24,18,303,0,48.300000000000004,303
00-0038389,I.Abanikanda,RB,NYJ,2023,20.91,6,0,0,0,0,0,22,70,0,11,7,43,0,18.3,113
00-0038391,S.Clifford,QB,GB,2023,25.13,2,1,1,37,0,0,3,-2,0,0,0,0,0,1.28,-2
00-0038393,D.Wicks,WR,GB,2023,22.21,15,1,1,14,0,0,1,1,0,58,39,581,4,119.76,582
00-0038393,D.Wicks,WR,GB,2024,23.21,17,0,0,0,0,0,0,0,0,76,39,415,5,110.5,415
00-0038393,D.Wicks,WR,GB,2025,24.21,13,0,0,0,0,0,1,6,0,46,30,332,2,75.8,338
00-0038394,W.Mallory,TE,IND,2023,24.19,11,0,0,0,0,0,0,0,0,26,18,207,0,38.7,207
00-0038394,W.Mallory,TE,IND,2024,25.19,7,0,0,0,0,0,0,0,0,8,4,29,0,6.9,29
00-0038394,W.Mallory,TE,IND,2025,26.19,1,0,0,0,0,0,0,0,0,1,1,16,0,2.6,16
00-0038396,E.Gray,RB,NYG,2023,23.83,10,0,0,0,0,0,17,48,0,7,6,22,0,13.0,70
00-0038396,E.Gray,RB,NYG,2024,24.83,14,0,0,0,0,0,14,31,0,11,10,82,0,19.3,113
00-0038396,E.Gray,RB,NYG,2025,25.83,1,0,0,0,0,0,0,0,0,0,0,0,0,0.0,0
00-0038397,E.Hull,RB,IND,2023,22.85,1,0,0,0,0,0,1,1,0,1,1,6,0,1.7000000000000002,7
00-0038397,E.Hull,RB,NO,2025,24.85,6,0,0,0,0,0,19,48,0,1,1,6,0,6.4,54
00-0038400,T.McKee,QB,PHI,2024,24.35,2,30,45,323,4,0,5,-1,0,0,0,0,0,28.82,-1
00-0038400,T.McKee,QB,PHI,2025,25.35,4,24,43,274,1,1,8,8,0,0,0,0,0,13.760000000000002,8
00-0038409,L.Nichols,RB,PIT,2025,24.04,1,0,0,0,0,0,0,0,0,0,0,0,0,0.0,0
00-0038416,T.Bagent,QB,CHI,2023,23.23,5,94,143,859,3,6,23,109,2,0,0,0,0,53.260000000000005,109
00-0038416,T.Bagent,QB,CHI,2024,24.23,4,2,2,11,0,0,6,-7,0,0,0,0,0,-0.26000000000000006,-7
00-0038416,T.Bagent,QB,CHI,2025,25.23,2,3,4,47,0,0,2,7,0,0,0,0,0,2.58,7
00-0038440,Z.Scott,RB,MIN,2025,26.12,11,0,0,0,0,0,32,114,0,16,14,98,1,39.2,212
00-0038454,K.Mitchell,RB,BAL,2023,21.62,7,0,0,0,0,0,47,396,2,11,9,93,0,69.9,489
00-0038454,K.Mitchell,RB,BAL,2024,22.62,4,0,0,0,0,0,15,30,0,1,1,28,0,6.800000000000001,58
00-0038454,K.Mitchell,RB,BAL,2025,23.62,13,0,0,0,0,0,59,341,1,12,9,63,0,55.4,404
00-0038456,T.Vokolek,TE,ARI,2025,27.24,1,0,0,0,0,0,0,0,0,0,0,0,0,0.0,0
00-0038458,O.Wright,RB,TB,2025,26.51,2,0,0,0,0,0,3,6,0,0,0,0,0,0.6000000000000001,6
00-0038465,M.Heath,WR,GB,2023,23.42,12,0,0,0,0,0,0,0,0,24,15,125,1,33.5,125
00-0038465,M.Heath,WR,GB,2024,24.42,5,0,0,0,0,0,0,0,0,13,10,97,2,31.700000000000003,97
00-0038465,M.Heath,WR,GB,2025,25.42,7,0,0,0,0,0,0,0,0,7,6,86,0,14.6,86
00-0038468,H.Pearson,TE,GB,2023,23.77,1,0,0,0,0,0,0,0,0,0,0,0,0,0.0,0
00-0038476,T.DeVito,QB,NYG,2023,25.07,9,114,178,1101,8,3,36,195,1,0,0,0,0,93.54,195
00-0038476,T.DeVito,QB,NYG,2024,26.07,2,31,44,257,0,0,8,32,0,0,0,0,0,13.480000000000002,32
00-0038477,B.Ford-Wheaton,WR,NYG,2024,24.48,5,0,0,0,0,0,0,0,0,0,0,0,0,6.0,0
00-0038489,B.VanSumeren,RB,PHI,2023,23.32,5,0,0,0,0,0,0,0,0,0,0,0,0,0.0,0
00-0038489,B.VanSumeren,RB,PHI,2024,24.32,3,0,0,0,0,0,0,0,0,1,1,0,0,1.0,0
00-0038492,J.Brownlee,WR,NYJ,2023,24.59,4,0,0,0,0,0,0,0,0,8,5,56,1,16.6,56
00-0038492,J.Brownlee,WR,KC,2025,26.59,3,0,0,0,0,0,0,0,0,1,0,0,0,0.0,0
00-0038496,X.Gipson,WR,NYJ,2023,22.48,17,0,0,0,0,0,8,68,1,38,21,229,0,62.7,297
00-0038496,X.Gipson,WR,NYJ,2024,23.48,17,0,0,0,0,0,1,5,0,10,6,39,1,16.4,44
00-0038496,X.Gipson,WR,PHI,2025,24.48,6,0,0,0,0,0,0,0,0,2,2,6,0,2.6,6
00-0038498,E.Jenkins,TE,PHI,2024,25.83,2,0,0,0,0,0,0,0,0,2,1,7,1,7.7,7
00-0038498,E.Jenkins,TE,PHI,2025,26.83,1,0,0,0,0,0,0,0,0,0,0,0,0,0.0,0
00-0038507,G.DuBose,WR,MIA,2024,23.2,2,0,0,0,0,0,0,0,0,4,2,11,0,3.0999999999999996,11
00-0038519,N.Remigio,WR,KC,2024,24.83,5,0,0,0,0,0,0,0,0,6,2,48,0,6.800000000000001,48
00-0038519,N.Remigio,WR,KC,2025,25.83,14,0,0,0,0,0,1,11,0,1,1,21,0,4.2,32
00-0038542,B.Robinson,RB,ATL,2023,21.59,17,0,0,0,0,0,214,976,4,86,58,487,4,246.3,1463
00-0038542,B.Robinson,RB,ATL,2024,22.59,17,0,0,0,0,0,304,1456,14,72,61,431,1,341.7,1887
00-0038542,B.Robinson,RB,ATL,2025,23.59,17,0,0,0,0,0,287,1478,7,103,79,820,4,370.8,2298
00-0038543,J.Smith-Njigba,WR,SEA,2023,21.55,17,0,0,0,0,0,0,0,0,93,63,628,4,149.8,628
00-0038543,J.Smith-Njigba,WR,SEA,2024,22.55,17,1,1,35,0,0,5,26,0,137,100,1130,6,253.0,1156
00-0038543,J.Smith-Njigba,WR,SEA,2025,23.55,17,0,0,0,0,0,7,36,0,163,119,1793,10,359.90000000000003,1829
00-0038544,Q.Johnston,WR,LAC,2023,21.99,17,0,0,0,0,0,3,9,0,67,38,431,2,94.0,440
00-0038544,Q.Johnston,WR,LAC,2024,22.99,15,0,0,0,0,0,3,6,0,91,55,711,8,174.70000000000002,717
00-0038544,Q.Johnston,WR,LAC,2025,23.99,13,0,0,0,0,0,2,7,0,84,51,735,8,171.2,742
00-0038547,L.Schoonmaker,TE,DAL,2023,24.93,12,0,0,0,0,0,0,0,0,15,8,65,2,26.5,65
00-0038547,L.Schoonmaker,TE,DAL,2024,25.93,12,0,0,0,0,0,0,0,0,36,27,241,1,57.1,241
00-0038547,L.Schoonmaker,TE,DAL,2025,26.93,14,0,0,0,0,0,0,0,0,23,14,132,0,27.200000000000003,132
00-0038550,H.Hooker,QB,DET,2024,26.64,3,6,9,62,0,0,5,2,0,0,0,0,0,2.68,2
00-0038551,K.Miller,RB,NO,2023,21.22,7,0,0,0,0,0,41,156,1,11,10,117,0,43.3,273
00-0038551,K.Miller,RB,NO,2024,22.22,6,0,0,0,0,0,39,148,1,8,5,33,0,29.1,181
00-0038551,K.Miller,RB,NO,2025,23.22,7,0,0,0,0,0,47,193,1,5,5,30,0,33.3,223
00-0038555,T.Bigsby,RB,JAX,2023,22.01,13,0,0,0,0,0,50,132,2,4,1,6,0,24.8,138
00-0038555,T.Bigsby,RB,JAX,2024,23.01,16,0,0,0,0,0,168,766,7,12,7,54,0,129.0,820
00-0038555,T.Bigsby,RB,PHI,2025,24.01,15,0,0,0,0,0,63,356,2,4,3,32,0,53.8,388
00-0038558,D.Washington,TE,PIT,2023,22.04,8,0,0,0,0,0,0,0,0,10,7,61,0,13.100000000000001,61
00-0038558,D.Washington,TE,PIT,2024,23.04,13,0,0,0,0,0,0,0,0,25,19,200,1,45.0,200
00-0038558,D.Washington,TE,PIT,2025,24.04,13,0,0,0,0,0,0,0,0,43,31,364,1,73.4,364
00-0038559,M.Wilson,WR,ARI,2025,25.52,17,0,0,0,0,0,0,0,0,70,41,590,6,136.0,590
00-0038559,Mi.Wilson,WR,ARI,2023,23.52,13,0,0,0,0,0,0,0,0,58,38,565,3,114.5,565
00-0038559,Mi.Wilson,WR,ARI,2024,24.52,16,0,0,0,0,0,1,7,0,71,47,548,4,124.5,555
00-0038559,Mi.Wilson,WR,ARI,2025,25.52,17,0,0,0,0,0,0,0,0,56,37,416,1,84.6,416
00-0038563,T.Tucker,WR,LV,2023,22.48,13,0,0,0,0,0,10,77,0,34,19,331,2,71.8,408
00-0038563,T.Tucker,WR,LV,2024,23.48,17,0,0,0,0,0,9,44,1,81,47,539,3,129.3,583
00-0038563,T.Tucker,WR,LV,2025,24.48,17,0,0,0,0,0,11,51,0,92,57,696,5,161.7,747
00-0038564,C.Latu,TE,PHI,2025,25.52,10,0,0,0,0,0,0,0,0,0,0,0,0,0.0,0
00-0038573,D.Davis,WR,LAC,2023,22.97,17,0,0,0,0,0,14,101,0,17,15,66,0,37.7,167
00-0038573,D.Davis,WR,LAC,2024,23.97,15,0,0,0,0,0,12,39,0,17,13,112,2,40.1,151
00-0038573,D.Davis,WR,LAC,2025,24.97,11,0,0,0,0,0,2,5,0,3,2,10,0,3.5,15
00-0038576,C.Jones,WR,CIN,2023,24.84,11,0,0,0,0,0,2,13,0,9,7,64,0,20.7,77
00-0038576,C.Jones,WR,CIN,2024,25.84,7,0,0,0,0,0,0,0,0,1,1,5,0,7.5,5
00-0038576,C.Jones,WR,CIN,2025,26.84,14,0,0,0,0,0,0,0,0,1,0,0,0,6.0,0
00-0038579,A.O'Connell,QB,LV,2023,25.0,11,213,343,2218,12,7,17,11,1,0,0,0,0,125.82000000000001,11
00-0038579,A.O'Connell,QB,LV,2024,26.0,9,154,243,1612,8,4,21,30,1,0,0,0,0,93.48,30
00-0038579,A.O'Connell,QB,LV,2025,27.0,1,10,22,102,0,0,1,7,0,0,0,0,0,4.78,7
00-0038582,C.Tune,QB,ARI,2023,24.44,6,12,21,62,0,2,8,30,1,0,0,0,0,7.4799999999999995,30
00-0038582,C.Tune,QB,ARI,2024,25.44,5,2,2,8,0,0,7,-4,0,0,0,0,0,-2.08,-4
00-0038582,C.Tune,QB,GB,2025,26.44,2,7,15,42,0,1,5,23,0,0,0,0,0,1.9800000000000002,23
00-0038583,D.Thompson-Robinson,QB,CLE,2023,23.8,7,60,112,440,1,4,14,65,0,0,0,0,0,22.099999999999998,65
00-0038583,D.Thompson-Robinson,QB,CLE,2024,24.8,6,61,118,440,0,6,21,122,0,0,0,0,0,15.8,122
00-0038589,J.Whyle,TE,TEN,2023,23.98,9,0,0,0,0,0,0,0,0,15,9,94,1,24.4,94
00-0038589,J.Whyle,TE,TEN,2024,24.98,15,0,0,0,0,0,0,0,0,37,28,248,1,60.800000000000004,248
00-0038589,J.Whyle,TE,GB,2025,25.98,6,0,0,0,0,0,0,0,0,6,5,36,1,14.6,36
00-0038590,J.Shorter,TE,LV,2024,24.37,1,0,0,0,0,0,0,0,0,0,0,0,0,0.0,0
00-0038590,J.Shorter,TE,LV,2025,25.37,3,0,0,0,0,0,0,0,0,0,0,0,0,0.0,0
00-0038597,C.Brown,RB,CIN,2023,23.45,12,0,0,0,0,0,44,179,0,15,14,156,1,53.5,335
00-0038597,C.Brown,RB,CIN,2024,24.45,16,0,0,0,0,0,229,990,7,65,54,360,4,255.0,1350
00-0038597,C.Brown,RB,CIN,2025,25.45,17,0,0,0,0,0,232,1019,6,88,69,437,5,282.6,1456
00-0038598,J.Hall,QB,MIN,2023,25.44,3,13,20,168,0,1,6,14,0,0,0,0,0,2.120000000000001,14
00-0038606,P.Washington,WR,JAX,2023,21.45,8,0,0,0,0,0,0,0,0,21,16,132,2,39.2,132
00-0038606,P.Washington,WR,JAX,2024,22.45,14,0,0,0,0,0,0,0,0,51,32,390,3,97.0,390
00-0038606,P.Washington,WR,JAX,2025,23.45,16,0,0,0,0,0,7,0,0,95,58,847,5,184.7,847
00-0038608,K.Boutte,WR,NE,2023,21.32,3,0,0,0,0,0,0,0,0,7,2,19,0,3.9000000000000004,19
00-0038608,K.Boutte,WR,NE,2024,22.32,15,0,0,0,0,0,0,0,0,68,43,589,3,121.9,589
00-0038608,K.Boutte,WR,NE,2025,23.32,14,0,0,0,0,0,0,0,0,46,33,551,6,124.1,551
00-0038611,C.Rodriguez,RB,WAS,2023,23.93,9,0,0,0,0,0,51,247,2,2,2,12,0,37.900000000000006,259
00-0038611,C.Rodriguez,RB,WAS,2024,24.93,7,0,0,0,0,0,35,173,2,1,1,12,0,31.5,185
00-0038611,C.Rodriguez,RB,WAS,2025,25.93,12,0,0,0,0,0,112,500,6,4,3,30,0,92.0,530
00-0038612,A.Perry,WR,NO,2023,23.85,8,0,0,0,0,0,0,0,0,18,12,246,4,60.6,246
00-0038618,X.Hutchinson,WR,HOU,2023,23.25,12,0,0,0,0,0,5,49,0,19,8,90,0,21.900000000000002,139
00-0038618,X.Hutchinson,WR,HOU,2024,24.25,14,0,0,0,0,0,0,0,0,26,12,117,0,23.7,117
00-0038618,X.Hutchinson,WR,HOU,2025,25.25,16,0,0,0,0,0,3,22,0,57,35,428,3,98.0,450
00-0038619,A.Iosivas,WR,CIN,2023,23.88,11,0,0,0,0,0,0,0,0,25,15,116,4,50.6,116
00-0038619,A.Iosivas,WR,CIN,2024,24.88,17,0,0,0,0,0,0,0,0,61,36,479,6,119.9,479
00-0038619,A.Iosivas,WR,CIN,2025,25.88,15,0,0,0,0,0,3,14,0,58,33,435,2,89.9,449
00-0038621,D.Douglas,WR,NE,2023,22.73,14,0,0,0,0,0,8,41,0,79,49,561,0,107.2,602
00-0038621,D.Douglas,WR,NE,2024,23.73,16,0,0,0,0,0,3,16,0,87,66,621,3,147.70000000000002,637
00-0038621,D.Douglas,WR,NE,2025,24.73,16,0,0,0,0,0,7,21,0,46,31,447,3,95.8,468
00-0038622,D.Vaughn,RB,DAL,2023,21.83,6,0,0,0,0,0,23,40,0,7,7,40,0,15.0,80
00-0038622,D.Vaughn,RB,DAL,2024,22.83,5,0,0,0,0,0,17,70,0,5,3,18,0,11.8,88
00-0038627,A.Green,WR,DET,2023,23.8,2,0,0,0,0,0,0,0,0,2,1,2,0,1.2,2
00-0038632,C.Dowell,WR,TEN,2023,24.37,4,0,0,0,0,0,0,0,0,2,1,3,0,1.3,3
00-0038636,K.McIntosh,RB,SEA,2024,24.5,11,0,0,0,0,0,31,172,0,4,3,22,0,22.4,194
00-0038640,J.Brooks,WR,DAL,2023,23.32,3,0,0,0,0,0,0,0,0,6,6,64,0,12.4,64
00-0038640,J.Brooks,WR,DAL,2024,24.32,12,0,0,0,0,0,0,0,0,30,12,177,1,35.7,177
00-0038640,J.Brooks,WR,ARI,2025,25.32,5,0,0,0,0,0,0,0,0,6,3,51,0,8.100000000000001,51
00-0038643,B.Willis,TE,SF,2023,23.81,1,0,0,0,0,0,0,0,0,0,0,0,0,0.0,0
00-0038643,B.Willis,TE,SF,2024,24.81,5,0,0,0,0,0,0,0,0,2,0,0,0,0.0,0
00-0038643,B.Willis,TE,SF,2025,25.81,6,0,0,0,0,0,0,0,0,1,0,0,0,0.0,0
00-0038647,R.Bell,WR,SF,2023,23.59,13,0,0,0,0,0,0,0,0,13,6,68,3,30.8,68
00-0038647,R.Bell,WR,SF,2024,24.59,4,0,0,0,0,0,0,0,0,6,2,22,0,4.2,22
00-0038647,R.Bell,WR,NO,2025,25.59,2,0,0,0,0,0,0,0,0,4,2,23,1,10.3,23
00-0038656,M.Ibrahim,RB,DET,2023,23.98,1,0,0,0,0,0,0,0,0,0,0,0,0,0.0,0
00-0038658,A.Martinez,QB,SF,2025,,1,0,0,0,0,0,1,-1,0,0,0,0,0,-0.1,-1
00-0038667,E.Cooks,WR,JAX,2023,24.89,4,0,0,0,0,0,0,0,0,4,3,38,0,6.800000000000001,38
00-0038678,J.Mims,RB,NO,2023,24.21,2,0,0,0,0,0,0,0,0,2,0,0,0,0.0,0
00-0038678,J.Mims,RB,NO,2024,25.21,8,0,0,0,0,0,20,70,0,18,12,71,0,26.1,141
00-0038678,J.Mims,RB,TEN,2025,26.21,1,0,0,0,0,0,0,0,0,0,0,0,0,0.0,0
00-0038679,T.Shavers,WR,BUF,2024,25.04,1,0,0,0,0,0,0,0,0,1,1,69,1,13.9,69
00-0038679,T.Shavers,WR,BUF,2025,26.04,11,0,0,0,0,0,0,0,0,23,15,245,1,45.5,245
00-0038685,C.Brooks,RB,MIA,2023,23.64,3,0,0,0,0,0,19,106,0,0,0,0,0,10.600000000000001,106
00-0038685,C.Brooks,RB,GB,2024,24.64,11,0,0,0,0,0,36,183,1,13,11,69,0,42.2,252
00-0038685,C.Brooks,RB,GB,2025,25.64,17,0,0,0,0,0,27,106,0,17,13,91,0,32.7,197
00-0038705,E.Demercado,RB,ARI,2023,24.62,11,0,0,0,0,0,58,284,2,30,21,119,0,73.3,403
00-0038705,E.Demercado,RB,ARI,2024,25.62,13,0,0,0,0,0,24,223,1,20,16,104,0,54.7,327
00-0038705,E.Demercado,RB,ARI,2025,26.62,12,0,0,0,0,0,44,312,0,20,13,101,1,58.3,413
00-0038710,B.Whiteheart,TE,CLE,2024,24.44,7,0,0,0,0,0,0,0,0,9,6,51,1,17.1,51
00-0038710,B.Whiteheart,TE,CLE,2025,25.44,9,0,0,0,0,0,0,0,0,6,2,4,0,2.4,4
00-0038720,J.Hill,TE,MIA,2023,23.15,10,0,0,0,0,0,0,0,0,9,6,48,0,8.8,48
00-0038720,J.Hill,TE,MIA,2024,24.15,14,0,0,0,0,0,0,0,0,19,12,100,0,22.0,100
00-0038720,J.Hill,TE,MIA,2025,25.15,11,0,0,0,0,0,0,0,0,20,15,140,0,31.0,140
00-0038728,J.Wayne,WR,HOU,2025,24.9,1,0,0,0,0,0,0,0,0,2,2,20,0,4.0,20
00-0038735,P.Fant,TE,DAL,2024,25.47,1,0,0,0,0,0,0,0,0,0,0,0,0,0.0,0
00-0038735,P.Fant,TE,DAL,2025,26.47,1,0,0,0,0,0,0,0,0,0,0,0,0,0.0,0
00-0038738,H.Luepke,RB,DAL,2023,23.51,10,0,0,0,0,0,6,19,1,4,3,18,0,12.7,37
00-0038738,H.Luepke,RB,DAL,2024,24.51,14,0,0,0,0,0,12,38,0,16,12,111,0,26.900000000000002,149
00-0038738,H.Luepke,RB,DAL,2025,25.51,14,0,0,0,0,0,16,71,0,15,13,109,1,37.0,180
00-0038740,J.Moreno-Cropper,WR,DAL,2025,24.33,2,0,0,0,0,0,0,0,0,0,0,0,0,0.0,0
00-0038752,J.Bobo,WR,SEA,2023,25.08,14,0,0,0,0,0,1,3,1,25,19,196,2,56.900000000000006,199
00-0038752,J.Bobo,WR,SEA,2024,26.08,12,0,0,0,0,0,0,0,0,17,13,107,1,29.7,107
00-0038752,J.Bobo,WR,SEA,2025,27.08,5,0,0,0,0,0,0,0,0,2,2,20,0,4.0,20
00-0038783,N.Adkins,TE,DEN,2023,24.15,5,0,0,0,0,0,0,0,0,5,4,22,0,6.2,22
00-0038783,N.Adkins,TE,DEN,2024,25.15,15,0,0,0,0,0,0,0,0,15,14,115,3,43.5,115
00-0038783,N.Adkins,TE,DEN,2025,26.15,6,0,0,0,0,0,0,0,0,11,6,48,1,16.8,48
00-0038794,J.McLaughlin,RB,DEN,2023,22.97,17,0,0,0,0,0,76,410,1,36,31,160,2,106.0,570
00-0038794,J.McLaughlin,RB,DEN,2024,23.97,16,0,0,0,0,0,113,496,1,27,24,76,2,97.2,572
00-0038794,J.McLaughlin,RB,DEN,2025,24.97,8,0,0,0,0,0,37,187,1,6,4,27,0,31.4,214
00-0038797,E.Wilson,RB,GB,2025,26.32,17,0,0,0,0,0,125,496,3,17,15,99,0,94.5,595
00-0038797,Em.Wilson,RB,GB,2023,24.32,5,0,0,0,0,0,14,85,0,5,4,23,0,14.8,108
00-0038797,Em.Wilson,RB,GB,2024,25.32,17,0,0,0,0,0,103,502,4,14,11,48,1,96.0,550
00-0038809,B.Sims,TE,GB,2023,23.29,6,0,0,0,0,0,0,0,0,6,4,21,1,12.1,21
00-0038809,B.Sims,TE,GB,2024,24.29,4,0,0,0,0,0,0,0,0,5,4,42,0,8.200000000000001,42
00-0038809,B.Sims,TE,MIN,2025,25.29,3,0,0,0,0,0,0,0,0,6,3,30,0,6.0,30
00-0038821,R.Jarrett,WR,TB,2023,22.61,7,0,0,0,0,0,1,0,0,9,4,60,0,10.0,60
00-0038821,R.Jarrett,WR,TB,2024,23.61,8,0,0,0,0,0,0,0,0,11,9,124,0,21.400000000000002,124
00-0038824,R.Miller,WR,TB,2024,24.53,9,0,0,0,0,0,0,0,0,20,12,128,2,36.8,128
00-0038824,R.Miller,WR,TB,2025,25.53,9,0,0,0,0,0,0,0,0,4,2,34,1,11.4,34
00-0038839,M.Tinsley,WR,CIN,2025,25.96,8,0,0,0,0,0,0,0,0,24,8,116,2,31.6,116
00-0038840,B.Tremayne,WR,WAS,2024,24.79,2,0,0,0,0,0,0,0,0,1,1,-2,0,0.8,-2
00-0038840,B.Tremayne,WR,CAR,2025,25.79,15,0,0,0,0,0,0,0,0,18,14,160,0,30.0,160
00-0038862,E.Dotson,RB,LAC,2023,24.62,1,0,0,0,0,0,4,6,0,2,2,13,0,3.9000000000000004,19
00-0038891,S.Jackson,WR,CIN,2023,23.87,2,0,0,0,0,0,0,0,0,1,0,0,0,0.0,0
00-0038891,S.Jackson,WR,LV,2025,25.87,3,0,0,0,0,0,1,3,0,5,4,56,1,15.9,59
00-0038896,J.Saylors,RB,DET,2025,25.48,11,0,0,0,0,0,2,11,0,0,0,0,0,1.1,11
00-0038911,M.Cunningham,WR,NE,2023,24.9,1,0,0,0,0,0,0,0,0,0,0,0,0,0.0,0
00-0038911,M.Cunningham,WR,DET,2025,26.9,1,0,0,0,0,0,1,1,0,0,0,0,0,0.1,1
00-0038920,J.Shenker,TE,LV,2024,26.0,3,0,0,0,0,0,0,0,0,1,1,7,0,1.7000000000000002,7
00-0038933,D.Kincaid,TE,BUF,2023,23.87,16,0,0,0,0,0,0,0,0,91,73,673,2,150.3,673
00-0038933,D.Kincaid,TE,BUF,2024,24.87,13,0,0,0,0,0,0,0,0,75,44,448,2,100.8,448
00-0038933,D.Kincaid,TE,BUF,2025,25.87,12,0,0,0,0,0,0,0,0,49,39,571,5,126.10000000000001,571
00-0038935,B.Strange,TE,JAX,2023,22.68,7,0,0,0,0,0,0,0,0,9,5,35,1,14.499999999999998,35
00-0038935,B.Strange,TE,JAX,2024,23.68,14,0,0,0,0,0,0,0,0,53,40,411,2,91.1,411
00-0038935,B.Strange,TE,JAX,2025,24.68,12,0,0,0,0,0,0,0,0,60,46,540,3,118.0,540
00-0038938,J.Hyatt,WR,NYG,2023,21.94,13,0,0,0,0,0,0,0,0,40,23,373,0,60.3,373
00-0038938,J.Hyatt,WR,NYG,2024,22.94,10,0,0,0,0,0,0,0,0,19,8,62,0,14.2,62
00-0038938,J.Hyatt,WR,NYG,2025,23.94,6,0,0,0,0,0,0,0,0,14,5,35,0,8.5,35
00-0038941,T.Scott,WR,CHI,2023,21.89,13,0,0,0,0,0,7,41,0,32,17,168,0,35.900000000000006,209
00-0038941,T.Scott,WR,CHI,2024,22.89,4,0,0,0,0,0,0,0,0,1,1,5,0,1.5,5
00-0038951,S.Tucker,RB,TB,2023,21.85,3,0,0,0,0,0,15,23,0,2,2,9,0,5.2,32
00-0038951,S.Tucker,RB,TB,2024,22.85,17,0,0,0,0,0,50,308,2,12,9,109,1,68.7,417
00-0038951,S.Tucker,RB,TB,2025,23.85,17,0,0,0,0,0,86,320,7,11,8,34,1,91.4,354
00-0038953,D.Drummond,WR,ATL,2025,25.62,6,0,0,0,0,0,0,0,0,11,7,42,0,11.2,42
00-0038969,K.Jackson,WR,TEN,2023,23.73,2,0,0,0,0,0,0,0,0,0,0,0,0,0.0,0
00-0038976,M.Mims,WR,DEN,2023,21.45,16,0,0,0,0,0,9,30,0,33,22,377,1,74.7,407
00-0038976,M.Mims,WR,DEN,2024,22.45,17,0,0,0,0,0,13,42,0,52,39,503,6,129.5,545
00-0038976,M.Mims,WR,DEN,2025,23.45,15,0,0,0,0,0,12,78,1,51,37,322,1,95.0,400
00-0038977,N.Dell,WR,HOU,2023,23.84,10,0,0,0,0,0,10,39,0,67,42,659,6,147.8,698
00-0038977,T.Dell,WR,HOU,2023,23.84,10,0,0,0,0,0,1,12,0,8,5,50,1,17.2,62
00-0038977,T.Dell,WR,HOU,2024,24.84,14,0,0,0,0,0,9,43,0,81,51,667,3,140.0,710
00-0038979,C.Tillman,WR,CLE,2023,23.37,11,0,0,0,0,0,1,8,0,44,21,224,0,44.2,232
00-0038979,C.Tillman,WR,CLE,2024,24.37,9,0,0,0,0,0,1,-5,0,49,29,339,3,80.4,334
00-0038979,C.Tillman,WR,CLE,2025,25.37,12,0,0,0,0,0,0,0,0,39,21,270,2,60.0,270
00-0038994,J.Addison,WR,MIN,2023,21.6,17,0,0,0,0,0,1,2,0,108,70,911,10,221.3,913
00-0038994,J.Addison,WR,MIN,2024,22.6,15,0,0,0,0,0,3,20,1,99,63,875,9,212.5,895
00-0038994,J.Addison,WR,MIN,2025,23.6,14,0,0,0,0,0,2,81,1,79,42,610,3,135.1,691
00-0038996,T.Kraft,TE,GB,2023,22.83,14,0,0,0,0,0,0,0,0,40,31,355,2,78.5,355
00-0038996,T.Kraft,TE,GB,2024,23.83,17,0,0,0,0,0,3,6,0,70,50,707,7,163.3,713
00-0038996,T.Kraft,TE,GB,2025,24.83,8,0,0,0,0,0,1,3,0,44,32,489,6,117.19999999999999,492
00-0038997,J.Downs,WR,IND,2023,22.05,17,0,0,0,0,0,0,0,0,98,68,771,2,157.1,771
00-0038997,J.Downs,WR,IND,2024,23.05,14,0,0,0,0,0,1,12,0,107,72,803,5,183.5,815
00-0038997,J.Downs,WR,IND,2025,24.05,16,0,0,0,0,0,2,-2,0,88,58,566,4,138.4,564
00-0038998,J.Haener,QB,NO,2024,25.48,8,18,39,226,1,1,11,22,0,0,0,0,0,13.24,22
00-0039021,R.Johnson,RB,CHI,2023,22.59,15,0,0,0,0,0,81,352,2,40,34,209,0,102.1,561
00-0039021,R.Johnson,RB,CHI,2024,23.59,13,0,0,0,0,0,55,150,6,20,16,104,0,77.4,254
00-0039021,R.Johnson,RB,CHI,2025,24.59,6,0,0,0,0,0,2,17,0,0,0,0,0,1.7000000000000002,17
00-0039032,T.Spears,RB,TEN,2023,22.21,17,0,0,0,0,0,100,453,2,70,52,385,1,153.8,838
00-0039032,T.Spears,RB,TEN,2024,23.21,12,0,0,0,0,0,84,312,4,35,30,224,1,113.60000000000001,536
00-0039032,T.Spears,RB,TEN,2025,24.21,13,0,0,0,0,0,72,283,2,50,45,264,0,111.7,547
00-0039040,D.Achane,RB,MIA,2023,21.89,11,0,0,0,0,0,103,800,8,37,27,197,3,190.7,997
00-0039040,D.Achane,RB,MIA,2024,22.89,17,0,0,0,0,0,203,907,6,87,78,592,6,299.9,1499
00-0039040,D.Achane,RB,MIA,2025,23.89,16,0,0,0,0,0,238,1350,8,85,67,488,4,322.8,1838
00-0039041,E.Higgins,TE,ARI,2023,22.85,11,0,0,0,0,0,0,0,0,19,14,163,1,36.3,163
00-0039041,E.Higgins,TE,ARI,2024,23.85,15,0,0,0,0,0,0,0,0,24,20,172,2,49.2,172
00-0039041,E.Higgins,TE,ARI,2025,24.85,17,0,0,0,0,0,0,0,0,37,30,301,0,58.1,301
00-0039050,P.Durham,TE,TB,2023,23.21,6,0,0,0,0,0,0,0,0,7,5,58,0,10.8,58
00-0039050,P.Durham,TE,TB,2024,24.21,8,0,0,0,0,0,0,0,0,14,11,115,2,34.5,115
00-0039050,P.Durham,TE,TB,2025,25.21,8,0,0,0,0,0,0,0,0,4,1,11,0,2.1,11
00-0039052,T.Palmer,WR,TB,2023,22.42,17,0,0,0,0,0,3,22,0,68,39,385,3,95.7,407
00-0039052,T.Palmer,WR,TB,2024,23.42,15,0,0,0,0,0,0,0,0,22,12,172,1,35.2,172
00-0039062,J.Mingo,WR,CAR,2023,22.37,15,0,0,0,0,0,0,0,0,85,43,418,0,84.8,418
00-0039062,J.Mingo,WR,CAR,2024,23.37,14,0,0,0,0,0,2,5,0,42,17,167,0,32.2,172
00-0039062,J.Mingo,WR,DAL,2025,24.37,5,0,0,0,0,0,0,0,0,5,1,25,0,3.5,25
00-0039064,Z.Flowers,WR,BAL,2023,22.97,16,0,0,0,0,0,8,56,1,108,77,858,5,206.4,914
00-0039064,Z.Flowers,WR,BAL,2024,23.97,17,0,0,0,0,0,9,56,0,116,74,1059,4,209.5,1115
00-0039064,Z.Flowers,WR,BAL,2025,24.97,17,0,0,0,0,0,10,62,1,118,86,1211,5,243.3,1273
00-0039065,S.LaPorta,TE,DET,2023,22.64,17,0,0,0,0,0,1,4,0,120,86,889,10,239.3,893
00-0039065,S.LaPorta,TE,DET,2024,23.64,16,0,0,0,0,0,0,0,0,83,60,726,7,174.6,726
00-0039065,S.LaPorta,TE,DET,2025,24.64,9,0,0,0,0,0,0,0,0,49,40,489,3,106.9,489
00-0039066,M.Mayer,TE,LV,2023,22.15,13,0,0,0,0,0,0,0,0,40,27,304,2,71.4,304
00-0039066,M.Mayer,TE,LV,2024,23.15,11,0,0,0,0,0,0,0,0,32,21,156,0,36.6,156
00-0039066,M.Mayer,TE,LV,2025,24.15,13,0,0,0,0,0,0,0,0,50,35,328,1,73.8,328
00-0039067,R.Rice,WR,KC,2023,23.36,16,0,0,0,0,0,1,-3,0,102,79,938,7,212.5,935
00-0039067,R.Rice,WR,KC,2024,24.36,4,0,0,0,0,0,1,1,0,29,24,288,2,64.9,289
00-0039067,R.Rice,WR,KC,2025,25.36,8,0,0,0,0,0,5,20,1,78,53,571,5,150.1,591
00-0039074,D.Allen,TE,LA,2023,22.58,7,0,0,0,0,0,0,0,0,11,10,95,1,25.5,95
00-0039074,D.Allen,TE,LA,2024,23.58,7,0,0,0,0,0,0,0,0,13,6,39,0,9.9,39
00-0039074,D.Allen,TE,LA,2025,24.58,15,0,0,0,0,0,0,0,0,33,24,208,3,62.800000000000004,208
00-0039075,P.Nacua,WR,LA,2023,22.26,17,0,0,0,0,0,12,89,0,160,105,1486,6,298.5,1575
00-0039075,P.Nacua,WR,LA,2024,23.26,11,0,0,0,0,0,11,46,1,106,79,990,3,206.6,1036
00-0039075,P.Nacua,WR,LA,2025,24.26,16,0,0,0,0,0,10,105,1,166,129,1715,10,375.0,1820
00-0039136,Z.Evans,RB,LA,2023,22.26,4,0,0,0,0,0,9,19,0,0,0,0,0,1.9000000000000001,19
00-0039139,J.Gibbs,RB,DET,2023,21.45,15,0,0,0,0,0,182,945,10,71,52,316,1,242.10000000000002,1261
00-0039139,J.Gibbs,RB,DET,2024,22.45,17,0,0,0,0,0,250,1412,16,63,52,517,4,362.9,1929
00-0039139,J.Gibbs,RB,DET,2025,23.45,17,0,0,0,0,0,243,1223,13,94,77,616,5,366.90000000000003,1839
00-0039144,L.Musgrave,TE,GB,2023,23.0,11,0,0,0,0,0,0,0,0,46,34,352,1,75.2,352
00-0039144,L.Musgrave,TE,GB,2024,24.0,7,0,0,0,0,0,0,0,0,10,7,45,0,11.5,45
00-0039144,L.Musgrave,TE,GB,2025,25.0,13,0,0,0,0,0,0,0,0,31,24,252,0,49.2,252
00-0039146,J.Reed,WR,GB,2023,23.34,16,0,0,0,0,0,11,119,2,94,64,793,8,217.20000000000002,912
00-0039146,J.Reed,WR,GB,2024,24.34,17,0,0,0,0,0,20,163,1,75,55,857,6,197.0,1020
00-0039146,J.Reed,WR,GB,2025,25.34,5,0,0,0,0,0,3,28,0,22,19,207,1,48.5,235
00-0039150,B.Young,QB,CAR,2023,22.1,16,315,527,2877,11,10,39,253,0,0,0,0,0,156.38,253
00-0039150,B.Young,QB,CAR,2024,23.1,14,234,384,2403,15,9,43,249,6,0,0,0,0,195.02,249
00-0039150,B.Young,QB,CAR,2025,24.1,16,304,478,3011,23,11,54,216,2,0,0,0,0,218.04000000000002,216
00-0039152,W.Levis,QB,TEN,2023,24.18,9,149,255,1808,8,4,25,57,1,0,0,0,0,102.02,57
00-0039152,W.Levis,QB,TEN,2024,25.18,12,190,301,2091,13,12,45,183,0,0,0,0,0,119.94,183
00-0039163,C.Stroud,QB,HOU,2023,21.91,15,319,499,4108,23,5,39,167,3,1,1,0,0,276.02,167
00-0039163,C.Stroud,QB,HOU,2024,22.91,17,336,532,3727,20,12,52,233,0,1,0,0,0,220.38,233
00-0039163,C.Stroud,QB,HOU,2025,23.91,14,273,423,3041,19,8,48,209,1,0,0,0,0,208.54,209
00-0039164,A.Richardson,QB,IND,2023,21.28,4,50,84,577,3,1,25,136,4,0,0,0,0,72.68,136
00-0039164,A.Richardson,QB,IND,2024,22.28,11,126,264,1814,8,12,86,499,6,1,1,-1,0,163.36,498
00-0039164,A.Richardson,QB,IND,2025,23.28,2,1,2,9,0,0,4,-1,0,1,1,9,0,2.1599999999999997,8
00-0039165,Z.Charbonnet,RB,SEA,2023,22.65,16,0,0,0,0,0,108,462,1,40,33,209,0,106.1,671
00-0039165,Z.Charbonnet,RB,SEA,2024,23.65,17,0,0,0,0,0,135,569,8,52,42,340,1,186.9,909
00-0039165,Z.Charbonnet,RB,SEA,2025,24.65,16,0,0,0,0,0,184,730,12,24,20,144,0,181.4,874
00-0039230,D.Miller,RB,NYG,2024,25.3,1,0,0,0,0,0,0,0,0,0,0,0,0,0.0,0
00-0039236,J.Wilson,WR,PHI,2024,23.41,10,0,0,0,0,0,0,0,0,15,5,38,1,14.8,38
00-0039244,C.Collier,RB,BAL,2024,24.44,6,0,0,0,0,0,5,12,0,2,1,-4,0,1.8,8
00-0039266,K.Milton,RB,CIN,2025,23.56,1,0,0,0,0,0,2,2,0,0,0,0,0,0.2,2
00-0039299,G.Holani,RB,SEA,2024,24.71,3,0,0,0,0,0,3,10,0,1,1,-1,0,1.9,9
00-0039299,G.Holani,RB,SEA,2025,25.71,10,0,0,0,0,0,22,73,1,2,2,15,0,20.8,88
00-0039305,J.Westover,TE,NE,2025,26.23,4,0,0,0,0,0,0,0,0,2,1,0,0,1.0,0
00-0039316,B.Cupp,TE,KC,2024,24.31,1,0,0,0,0,0,0,0,0,1,0,0,0,0.0,0
00-0039325,C.Steele,RB,KC,2024,21.92,13,0,0,0,0,0,56,183,0,11,7,26,0,23.900000000000002,209
00-0039337,M.Nabers,WR,NYG,2024,21.09,15,0,1,0,0,0,5,2,0,170,109,1204,7,273.6,1206
00-0039337,M.Nabers,WR,NYG,2025,22.09,4,0,0,0,0,0,0,0,0,35,18,271,2,57.1,271
00-0039338,B.Bowers,TE,LV,2024,21.72,17,0,0,0,0,0,5,13,0,153,112,1194,5,262.7,1207
00-0039338,B.Bowers,TE,LV,2025,22.72,12,0,0,0,0,0,2,2,0,86,64,680,7,176.2,682
00-0039342,X.Legette,WR,CAR,2024,23.59,15,0,0,0,0,0,6,24,0,84,49,497,4,125.10000000000001,521
00-0039342,X.Legette,WR,CAR,2025,24.59,15,0,0,0,0,0,1,0,0,64,35,363,3,89.30000000000001,363
00-0039344,J.Brooks,RB,CAR,2024,21.11,3,0,0,0,0,0,9,22,0,3,3,23,0,7.500000000000001,45
00-0039355,L.McCaffrey,WR,WAS,2024,23.42,13,0,0,0,0,0,0,0,0,24,18,168,0,34.8,168
00-0039355,L.McCaffrey,WR,WAS,2025,24.42,9,0,0,0,0,0,0,0,0,15,11,203,3,51.300000000000004,203
00-0039356,J.Sanders,TE,CAR,2024,21.43,15,0,0,0,0,0,0,0,0,43,33,342,1,73.2,342
00-0039356,J.Sanders,TE,CAR,2025,22.43,12,0,0,0,0,0,0,0,0,34,29,190,1,54.0,190
00-0039359,C.Stover,TE,HOU,2024,24.22,14,0,0,0,0,0,0,0,0,22,15,133,1,34.3,133
00-0039359,C.Stover,TE,HOU,2025,25.22,6,0,0,0,0,0,4,3,0,16,12,76,0,19.900000000000002,79
00-0039361,B.Irving,RB,TB,2024,22.04,17,0,0,0,0,0,207,1122,8,52,47,392,0,244.4,1514
00-0039361,B.Irving,RB,TB,2025,23.04,10,0,0,0,0,0,173,588,1,35,30,277,3,138.5,865
00-0039363,I.Guerendo,RB,SF,2024,24.18,16,0,0,0,0,0,84,420,4,16,15,152,0,96.2,572
00-0039363,I.Guerendo,RB,SF,2025,25.18,7,0,0,0,0,0,0,0,0,0,0,0,0,0.0,0
00-0039364,S.Vaki,RB,DET,2024,23.09,9,0,0,0,0,0,6,14,0,3,3,37,0,8.1,51
00-0039364,S.Vaki,RB,DET,2025,24.09,8,0,0,0,0,0,1,4,0,0,0,0,0,0.4,4
00-0039365,J.Cowing,WR,SF,2024,23.58,15,0,0,0,0,0,1,7,0,6,4,80,0,12.7,87
00-0039373,A.Estime,RB,DEN,2024,20.99,13,0,0,0,0,0,76,310,2,5,5,27,0,48.7,337
00-0039373,A.Estime,RB,NO,2025,21.99,5,0,0,0,0,0,46,198,1,13,12,103,0,48.1,301
00-0039376,S.Rattler,QB,NO,2024,23.93,7,130,228,1317,4,5,18,146,0,0,0,0,0,67.28,146
00-0039376,S.Rattler,QB,NO,2025,24.93,9,174,257,1586,8,5,31,167,0,2,1,0,0,99.14,167
00-0039379,J.Thrash,WR,CLE,2024,23.7,6,0,0,0,0,0,0,0,0,7,3,22,0,5.2,22
00-0039379,J.Thrash,WR,CLE,2025,24.7,8,0,0,0,0,0,0,0,0,15,10,107,0,20.7,107
00-0039384,T.Tracy,RB,NYG,2024,24.77,17,0,0,0,0,0,192,839,5,53,38,284,1,182.3,1123
00-0039384,T.Tracy,RB,NYG,2025,25.77,15,0,0,0,0,0,176,740,2,48,36,288,2,160.8,1028
00-0039385,K.Robinson,RB,JAX,2024,24.54,1,0,0,0,0,0,0,0,0,0,0,0,0,0.0,0
00-0039386,B.Means,WR,NO,2024,23.64,4,0,0,0,0,0,0,0,0,15,9,118,1,26.8,118
00-0039391,K.Vidal,RB,LAC,2024,23.01,9,0,0,0,0,0,43,155,0,9,5,62,1,32.7,217
00-0039391,K.Vidal,RB,LAC,2025,24.01,13,0,0,0,0,0,155,643,3,22,16,136,1,117.9,779
00-0039392,J.Jackson,WR,TEN,2024,24.3,12,0,0,0,0,0,1,-5,0,3,1,8,0,1.3,3
00-0039393,J.McClellan,RB,ATL,2024,22.19,2,0,0,0,0,0,13,32,0,0,0,0,0,3.2,32
00-0039394,C.Washington,WR,ATL,2025,24.49,5,0,0,0,0,0,0,0,0,5,2,42,0,6.2,42
00-0039394,Cas.Washington,WR,ATL,2024,23.49,2,0,0,0,0,0,0,0,0,2,1,14,0,2.4000000000000004,14
00-0039394,Cas.Washington,WR,ATL,2025,24.49,5,0,0,0,0,0,0,0,0,9,4,52,0,9.200000000000001,52
00-0039398,J.Milton,QB,NE,2024,24.49,1,22,29,241,1,0,10,16,1,0,0,0,0,19.240000000000002,16
00-0039398,J.Milton,QB,DAL,2025,25.49,4,15,24,183,1,2,5,50,0,0,0,0,0,10.32,50
00-0039405,J.Jordan,RB,HOU,2025,26.04,4,0,0,0,0,0,43,193,0,7,7,34,0,29.7,227
00-0039407,D.Laube,RB,LV,2024,24.72,6,0,0,0,0,0,1,0,0,0,0,0,0,-2.0,0
00-0039407,D.Laube,RB,LV,2025,25.72,17,0,0,0,0,0,7,9,0,4,3,18,0,5.7,27
00-0039410,R.Flournoy,WR,DAL,2024,24.85,9,0,0,0,0,0,0,0,0,14,10,102,0,18.200000000000003,102
00-0039410,R.Flournoy,WR,DAL,2025,25.85,15,0,0,0,0,0,4,25,0,56,40,475,4,114.0,500
00-0039420,J.Bell,TE,NE,2024,23.22,4,0,0,0,0,0,0,0,0,3,2,20,0,4.0,20
00-0039424,D.Vele,WR,DEN,2024,26.72,13,0,0,0,0,0,0,0,0,55,41,475,3,106.5,475
00-0039424,D.Vele,WR,NO,2025,27.72,9,0,0,0,0,0,0,0,0,39,25,293,2,66.3,293
00-0039451,I.Williams,WR,CIN,2024,23.59,8,0,0,0,0,0,0,0,0,3,2,6,0,2.6,6
00-0039451,I.Williams,WR,NYJ,2025,24.59,15,0,1,0,0,0,3,34,0,36,26,193,0,60.7,227
00-0039458,B.Bates,TE,CLE,2024,24.88,1,0,0,0,0,0,0,0,0,1,0,0,0,0.0,0
00-0039458,B.Bates,TE,CLE,2025,25.88,5,0,0,0,0,0,0,0,0,5,4,48,0,8.8,48
00-0039489,H.Rucci,TE,MIA,2025,24.6,1,0,0,0,0,0,0,0,0,0,0,0,0,0.0,0
00-0039491,J.Coker,WR,CAR,2024,22.84,11,1,1,19,0,0,0,0,0,46,32,478,2,92.56,478
00-0039491,J.Coker,WR,CAR,2025,23.84,11,0,0,0,0,0,0,0,0,43,33,394,3,90.4,394
00-0039521,X.Weaver,WR,ARI,2024,23.89,2,0,0,0,0,0,0,0,0,2,0,0,0,0.0,0
00-0039521,X.Weaver,WR,ARI,2025,24.89,7,0,0,0,0,0,0,0,0,13,7,67,0,13.700000000000001,67
00-0039530,B.Spann-Ford,TE,DAL,2024,24.68,11,0,0,0,0,0,0,0,0,14,9,88,0,17.8,88
00-0039530,B.Spann-Ford,TE,DAL,2025,25.68,16,0,0,0,0,0,0,0,0,13,9,90,1,24.0,90
00-0039543,R.Keyton,WR,LV,2024,23.97,3,0,0,0,0,0,0,0,0,3,1,7,0,1.7000000000000002,7
00-0039573,B.Watson,RB,DEN,2024,24.88,1,0,0,0,0,0,4,10,0,2,1,13,0,3.3000000000000003,23
00-0039577,K.Slovis,QB,ARI,2025,24.39,2,1,2,-2,0,0,0,0,0,0,0,0,0,-0.08,0
00-0039589,K.Johnson,WR,TB,2024,22.46,4,0,0,0,0,0,2,11,0,1,0,0,0,1.1,11
00-0039589,K.Johnson,WR,TB,2025,23.46,17,0,0,0,0,0,2,13,0,7,4,64,1,17.7,77
00-0039595,D.Williams,RB,TB,2024,24.8,1,0,0,0,0,0,0,0,0,0,0,0,0,0.0,0
00-0039603,B.Brooks,RB,HOU,2024,24.79,2,0,0,0,0,0,1,2,0,0,0,0,0,0.2,2
00-0039603,B.Brooks,RB,HOU,2025,25.79,8,0,0,0,0,0,17,78,0,0,0,0,0,7.800000000000001,78
00-0039613,D.Holker,TE,NO,2024,24.4,3,0,0,0,0,0,0,0,0,4,3,21,0,5.1,21
00-0039614,J.Jackson,WR,NO,2024,24.25,4,0,0,0,0,0,1,-1,0,0,0,0,0,-0.1,-1
00-0039617,J.Kibodi,RB,CLE,2024,25.91,1,0,0,0,0,0,5,24,0,3,1,15,0,4.9,39
00-0039623,M.Tipton,WR,NO,2024,23.93,9,0,0,0,0,0,0,0,0,26,14,99,0,23.9,99
00-0039623,M.Tipton,WR,NO,2025,24.93,8,0,0,0,0,0,4,18,0,17,11,76,0,20.400000000000002,94
00-0039631,C.Grandy,TE,CIN,2024,24.79,4,0,0,0,0,0,0,0,0,5,5,28,0,7.800000000000001,28
00-0039631,C.Grandy,TE,CIN,2025,25.79,2,0,0,0,0,0,0,0,0,2,2,7,0,2.7,7
00-0039648,D.Martin-Robinson,TE,TEN,2024,24.68,4,0,0,0,0,0,0,0,0,2,1,6,0,1.6,6
00-0039648,D.Martin-Robinson,TE,TEN,2025,25.68,11,0,0,0,0,0,0,0,0,6,4,30,1,13.0,30
00-0039650,B.Oliver,WR,TEN,2024,24.29,8,0,0,0,0,0,0,0,0,9,6,95,0,15.500000000000002,95
00-0039650,B.Oliver,WR,TEN,2025,25.29,2,0,0,0,0,0,0,0,0,1,1,8,0,1.8,8
00-0039686,C.Yankoff,TE,WAS,2024,24.5,4,0,0,0,0,0,0,0,0,0,0,0,0,0.0,0
00-0039686,C.Yankoff,TE,WAS,2025,25.5,10,0,0,0,0,0,0,0,0,3,2,18,0,3.8000000000000003,18
00-0039703,C.Schrader,RB,LA,2024,24.98,1,0,0,0,0,0,1,3,0,1,1,6,0,1.9,9
00-0039710,J.Jones,WR,MIN,2025,25.69,1,0,0,0,0,0,0,0,0,0,0,0,0,0.0,0
00-0039732,B.Nix,QB,DEN,2024,24.52,17,376,567,3775,29,12,92,430,4,1,1,2,1,317.2,432
00-0039732,B.Nix,QB,DEN,2025,25.52,17,388,612,3931,25,11,83,356,5,1,0,0,0,304.84000000000003,356
00-0039737,T.Reiman,TE,ARI,2024,22.96,8,0,0,0,0,0,0,0,0,7,6,37,0,9.7,37
00-0039737,T.Reiman,TE,ARI,2025,23.96,3,0,0,0,0,0,0,0,0,5,3,18,0,4.8,18
00-0039738,B.Corum,RB,LA,2024,23.77,15,0,0,0,0,0,58,207,0,8,7,58,0,33.5,265
00-0039738,B.Corum,RB,LA,2025,24.77,17,0,0,0,0,0,145,746,6,14,8,36,0,122.2,782
00-0039739,R.Wilson,WR,PIT,2025,24.2,9,0,0,0,0,0,0,0,0,21,12,166,2,38.6,166
00-0039746,W.Shipley,RB,PHI,2024,22.01,13,0,0,0,0,0,30,82,0,4,4,35,0,15.7,117
00-0039746,W.Shipley,RB,PHI,2025,23.01,14,0,0,0,0,0,14,49,0,12,9,56,0,19.5,105
00-0039747,A.Smith,WR,PHI,2024,23.25,3,0,0,0,0,0,2,6,0,9,7,41,1,17.7,47
00-0039751,J.Whittington,WR,LA,2024,23.92,14,0,0,0,0,0,2,12,0,28,22,293,0,52.5,305
00-0039751,J.Whittington,WR,LA,2025,24.92,15,0,0,0,0,0,3,12,0,25,18,171,0,36.300000000000004,183
00-0039754,D.Culp,TE,TB,2024,24.58,2,0,0,0,0,0,0,0,0,6,5,88,0,13.799999999999999,88
00-0039754,D.Culp,TE,TB,2025,25.58,4,0,0,0,0,0,0,0,0,1,1,6,1,7.6,6
00-0039757,T.Jennings,RB,NE,2024,23.66,2,0,0,0,0,0,13,33,0,1,0,0,0,3.3,33
00-0039757,T.Jennings,RB,NE,2025,24.66,6,0,0,0,0,0,23,73,1,1,1,9,0,15.200000000000001,82
00-0039792,D.Walker,WR,BAL,2024,23.2,3,0,0,0,0,0,0,0,0,3,1,21,1,9.1,21
00-0039792,D.Walker,WR,BAL,2025,24.2,8,0,0,0,0,0,0,0,0,8,6,136,3,37.6,136
00-0039793,A.Barner,TE,SEA,2024,22.33,15,0,0,0,0,0,0,0,0,38,30,245,4,78.5,245
00-0039793,A.Barner,TE,SEA,2025,23.33,17,0,0,0,0,0,10,14,1,68,52,519,6,147.3,533
00-0039794,B.Allen,RB,NYJ,2024,20.62,17,0,0,0,0,0,92,334,2,27,19,148,1,85.2,482
00-0039794,B.Allen,RB,NYJ,2025,21.62,4,0,0,0,0,0,18,76,1,3,2,17,0,15.3,93
00-0039796,R.Ali,RB,BAL,2024,23.54,5,0,0,0,0,0,10,31,0,2,0,0,0,3.1,31
00-0039796,R.Ali,RB,BAL,2025,24.54,15,0,0,0,0,0,7,24,0,11,9,68,1,24.2,92
00-0039798,I.Davis,RB,NYJ,2024,22.53,13,0,0,0,0,0,30,174,1,12,9,75,1,45.9,249
00-0039798,I.Davis,RB,NYJ,2025,23.53,16,0,0,0,0,0,43,236,1,28,21,186,0,71.2,422
00-0039810,J.Burton,WR,CIN,2024,23.18,8,0,0,0,0,0,0,0,0,14,4,107,0,14.700000000000001,107
00-0039811,M.Lloyd,RB,GB,2024,23.66,1,0,0,0,0,0,6,15,0,1,1,3,0,2.8,18
00-0039814,E.All,TE,CIN,2024,23.97,8,0,0,0,0,0,0,0,0,22,20,158,0,35.800000000000004,158
00-0039816,A.Gould,WR,IND,2024,23.4,8,0,0,0,0,0,0,0,0,1,1,23,0,3.3000000000000003,23
00-0039816,A.Gould,WR,IND,2025,24.4,11,0,0,0,0,0,0,0,0,2,2,6,0,2.6,6
00-0039824,J.Wiley,TE,KC,2024,23.83,1,0,0,0,0,0,0,0,0,1,1,7,0,1.7000000000000002,7
00-0039824,J.Wiley,TE,KC,2025,24.83,2,0,0,0,0,0,0,0,0,1,1,4,0,1.4,4
00-0039847,T.Johnson,TE,NYG,2024,23.52,11,0,0,0,0,0,0,0,0,43,29,331,1,68.1,331
00-0039847,T.Johnson,TE,NYG,2025,24.52,15,0,0,0,0,0,0,0,0,74,45,528,5,127.8,528
00-0039849,M.Harrison,WR,ARI,2024,22.06,17,0,0,0,0,0,0,0,0,116,62,885,8,196.5,885
00-0039849,M.Harrison,WR,ARI,2025,23.06,12,0,0,0,0,0,0,0,0,73,41,608,4,127.80000000000001,608
00-0039851,D.Maye,QB,NE,2024,22.01,13,225,338,2276,15,10,54,421,2,0,0,0,0,177.14,421
00-0039851,D.Maye,QB,NE,2025,23.01,17,354,492,4394,31,8,103,450,4,1,1,2,0,351.96000000000004,452
00-0039853,J.Baker,WR,NE,2024,22.54,6,0,0,0,0,0,0,0,0,4,1,12,0,2.2,12
00-0039855,J.McMillan,WR,TB,2024,22.74,13,0,0,0,0,0,4,43,0,58,37,461,8,135.4,504
00-0039855,J.McMillan,WR,TB,2025,23.74,4,0,0,0,0,0,1,1,0,15,12,178,0,29.9,179
00-0039868,T.Franklin,WR,DEN,2024,21.57,16,0,0,0,0,0,2,8,0,53,28,263,2,67.1,271
00-0039868,T.Franklin,WR,DEN,2025,22.57,17,0,0,0,0,0,5,12,0,104,65,709,6,177.1,721
00-0039874,J.Wright,RB,MIA,2024,21.42,13,0,0,0,0,0,68,249,0,6,3,8,0,26.7,257
00-0039874,J.Wright,RB,MIA,2025,22.42,9,0,0,0,0,0,70,288,2,9,5,44,0,48.2,332
00-0039875,R.Davis,RB,BUF,2024,24.78,17,0,0,0,0,0,113,442,3,19,17,189,3,116.1,631
00-0039875,R.Davis,RB,BUF,2025,25.78,17,0,0,0,0,0,58,275,0,13,10,86,2,64.10000000000001,361
00-0039880,M.Washington,WR,MIA,2024,23.87,14,0,0,0,0,0,5,25,1,36,26,223,0,56.8,248
00-0039880,M.Washington,WR,MIA,2025,24.87,17,0,0,0,0,0,17,110,1,65,46,317,3,116.7,427
00-0039884,T.Washington,WR,MIA,2025,24.29,2,0,0,0,0,0,0,0,0,5,3,37,0,4.699999999999999,37
00-0039890,A.Mitchell,WR,IND,2024,21.9,17,1,1,24,0,0,4,6,0,55,23,312,0,53.76,318
00-0039890,A.Mitchell,WR,IND,2025,22.9,16,0,0,0,0,0,1,-4,0,74,33,453,2,87.9,449
00-0039893,B.Thomas,WR,JAX,2024,21.9,17,0,0,0,0,0,6,48,0,133,87,1282,10,284.0,1330
00-0039893,B.Thomas,WR,JAX,2025,22.9,14,0,0,0,0,0,3,21,1,91,48,707,2,138.8,728
00-0039894,X.Worthy,WR,KC,2024,21.35,16,0,0,0,0,0,20,104,3,98,59,638,6,187.2,742
00-0039894,X.Worthy,WR,KC,2025,22.35,14,0,0,0,0,0,11,87,0,73,42,532,1,109.9,619
00-0039901,K.Coleman,WR,BUF,2024,21.29,13,0,0,0,0,0,1,9,0,57,29,556,4,111.5,565
00-0039901,K.Coleman,WR,BUF,2025,22.29,12,0,0,0,0,0,0,0,0,59,38,404,4,102.4,404
00-0039907,J.Polk,WR,NE,2024,23.39,14,0,0,0,0,0,1,0,0,33,12,87,2,32.699999999999996,87
00-0039910,J.Daniels,QB,WAS,2024,23.7,17,331,480,3568,25,9,148,891,6,0,0,0,0,355.82,891
00-0039910,J.Daniels,QB,WAS,2025,24.7,7,114,188,1262,8,3,58,278,2,0,0,0,0,114.28,278
00-0039912,B.Sinnott,TE,WAS,2024,22.22,7,0,0,0,0,0,0,0,0,5,5,28,1,13.8,28
00-0039912,B.Sinnott,TE,WAS,2025,23.22,9,0,0,0,0,0,0,0,0,13,11,114,1,28.4,114
00-0039915,L.McConkey,WR,LAC,2024,22.81,16,0,0,0,0,0,0,0,0,112,82,1149,7,240.9,1149
00-0039915,L.McConkey,WR,LAC,2025,23.81,16,0,0,0,0,0,0,0,0,106,66,789,6,180.9,789
00-0039916,R.Pearsall,WR,SF,2024,23.98,11,0,1,0,0,0,3,45,0,46,31,400,3,93.5,445
00-0039916,R.Pearsall,WR,SF,2025,24.98,9,0,0,0,0,0,2,-2,0,53,36,528,0,88.60000000000001,526
00-0039917,M.Penix,QB,ATL,2024,24.32,5,61,105,775,3,3,7,11,1,0,0,0,0,44.1,11
00-0039917,M.Penix,QB,ATL,2025,25.32,9,166,276,1982,9,3,21,70,1,0,0,0,0,120.28,70
00-0039918,C.Williams,QB,CHI,2024,22.79,17,351,562,3541,20,6,81,489,0,0,0,0,0,254.54000000000002,489
00-0039918,C.Williams,QB,CHI,2025,23.79,17,330,568,3942,27,7,77,383,3,2,2,22,1,318.18,405
00-0039919,R.Odunze,WR,CHI,2024,22.41,17,0,0,0,0,0,3,15,0,101,54,734,3,144.9,749
00-0039919,R.Odunze,WR,CHI,2025,23.41,12,0,0,0,0,0,0,0,0,90,44,661,6,146.1,661
00-0039920,M.Corley,WR,NYJ,2024,22.45,5,0,0,0,0,0,2,26,0,6,3,16,0,5.2,42
00-0039920,M.Corley,WR,CLE,2025,23.45,12,0,0,0,0,0,13,127,0,14,11,79,0,31.6,206
00-0039921,T.Benson,RB,ARI,2024,22.11,12,0,0,0,0,0,63,291,1,6,6,59,0,47.0,350
00-0039921,T.Benson,RB,ARI,2025,23.11,4,0,0,0,0,0,29,160,0,16,13,64,0,35.400000000000006,224
00-0039923,J.McCarthy,QB,MIN,2025,22.62,10,140,243,1632,11,12,37,181,4,0,0,0,0,125.38,181
00-0040009,S.Williams,WR,GB,2025,23.78,12,0,0,0,0,0,11,37,0,10,10,78,1,25.500000000000004,115
00-0040021,P.Mafah,RB,DAL,2025,22.86,1,0,0,0,0,0,5,18,1,2,2,11,0,10.9,29
00-0040024,D.Cooper,WR,PHI,2025,23.78,6,0,0,0,0,0,0,0,0,11,9,92,0,18.200000000000003,92
00-0040039,A.Johnson,RB,LAC,2025,22.59,1,0,0,0,0,0,2,8,0,1,0,0,0,0.8,8
00-0040058,N.Kallerup,TE,SEA,2025,24.43,4,0,0,0,0,0,0,0,0,1,0,0,0,0.0,0
00-0040067,J.Wright,RB,SEA,2025,24.93,1,0,0,0,0,0,5,20,0,0,0,0,0,2.0,20
00-0040075,L.Wester,WR,BAL,2025,23.42,14,0,0,0,0,0,0,0,0,0,0,0,0,0.0,0
00-0040078,B.Smith,RB,KC,2025,22.39,17,0,0,0,0,0,44,151,0,35,25,172,1,63.3,323
00-0040122,A.Jeanty,RB,LV,2025,21.75,17,0,0,0,0,0,266,975,5,73,55,346,5,245.1,1321
00-0040124,T.McMillan,WR,CAR,2025,22.41,17,0,0,0,0,0,0,0,0,122,70,1014,7,213.4,1014
00-0040126,C.Loveland,TE,CHI,2025,21.4,16,0,0,0,0,0,1,-2,0,82,58,713,6,165.1,711
00-0040128,T.Warren,TE,IND,2025,23.27,17,0,1,0,0,0,6,8,1,112,76,817,4,188.5,825
00-0040129,E.Egbuka,WR,TB,2025,22.88,17,0,0,0,0,0,2,9,0,127,63,938,6,195.7,947
00-0040130,J.Higgins,WR,HOU,2025,22.71,17,0,0,0,0,0,0,0,0,68,41,525,6,129.5,525
00-0040131,K.Williams,WR,NE,2025,22.8,14,0,0,0,0,0,2,3,0,21,10,209,3,49.2,212
00-0040134,P.Bryant,WR,DEN,2025,22.73,13,0,0,0,0,0,0,0,0,49,31,378,1,74.8,378
00-0040138,J.Noel,WR,HOU,2025,22.99,17,0,0,0,0,0,6,12,0,35,26,292,2,68.4,304
00-0040142,K.Johnson,RB,PIT,2025,22.05,10,0,0,0,0,0,28,69,0,2,1,9,0,8.8,78
00-0040154,T.Felton,WR,MIN,2025,22.46,12,0,0,0,0,0,0,0,0,3,3,25,0,5.5,25
00-0040162,D.Sampson,RB,CLE,2025,20.97,15,0,0,0,0,0,65,175,0,40,33,271,2,87.60000000000001,446
00-0040164,J.Lane,WR,WAS,2025,23.33,15,0,0,0,0,0,1,7,0,32,16,225,0,51.2,232
00-0040170,E.Ayomanor,WR,TEN,2025,22.25,16,0,0,0,0,0,0,0,0,89,41,515,4,116.5,515
00-0040172,J.Watkins,WR,SF,2025,23.55,2,0,0,0,0,0,0,0,0,3,2,26,0,4.6000000000000005,26
00-0040179,D.Giddens,RB,IND,2025,22.02,5,0,0,0,0,0,26,96,0,2,0,0,0,9.600000000000001,96
00-0040184,K.Lambert-Smith,WR,LAC,2025,23.88,10,0,0,0,0,0,0,0,0,12,5,51,1,16.1,51
00-0040187,M.Evans,TE,CAR,2025,22.45,14,0,0,0,0,0,1,1,0,25,19,171,2,48.2,172
00-0040189,O.Gadsden,TE,LAC,2025,22.19,15,0,0,0,0,0,0,0,0,69,49,664,3,131.4,664
00-0040194,J.Hawes,TE,BUF,2025,24.74,13,0,0,0,0,0,0,0,0,19,16,187,3,52.7,187
00-0040198,O.Gordon,RB,MIA,2025,21.63,17,0,0,0,0,0,70,199,3,9,7,32,1,54.1,231
00-0040202,D.Neal,RB,NO,2025,22.05,9,0,0,0,0,0,57,206,2,19,17,104,0,60.0,310
00-0040205,K.Mullings,RB,TEN,2025,22.91,4,0,0,0,0,0,3,7,0,0,0,0,0,0.7000000000000001,7
00-0040206,R.Leonard,QB,IND,2025,22.97,5,39,67,415,2,3,6,27,2,0,0,-3,0,31.0,24
00-0040208,T.Brooks,RB,CIN,2025,23.3,12,0,0,0,0,0,16,45,0,2,1,9,0,6.4,54
00-0040218,Ji.Horn,WR,CAR,2025,22.97,10,0,0,0,0,0,8,69,0,15,11,108,0,28.7,177
00-0040225,T.Fidone,TE,NYG,2025,22.95,1,0,0,0,0,0,0,0,0,0,0,0,0,0.0,0
00-0040234,Q.Ewers,QB,MIA,2025,22.46,4,55,83,622,3,3,8,19,0,1,1,-6,0,33.18,13
00-0040236,K.Monangai,RB,CHI,2025,23.24,17,0,0,0,0,0,169,783,5,30,18,164,0,146.7,947
00-0040237,T.Johnson,WR,TB,2025,23.29,15,0,0,0,0,0,7,22,0,44,28,322,5,92.4,344
00-0040238,L.Allen,RB,JAX,2025,21.07,16,0,0,0,0,0,23,94,0,11,10,54,0,24.8,148
00-0040241,D.Lovett,WR,DET,2025,22.82,2,0,0,0,0,0,0,0,0,0,0,0,0,0.0,0
00-0040242,J.Croskey-Merritt,RB,WAS,2025,24.39,17,0,0,0,0,0,175,805,8,13,9,68,0,140.3,873
00-0040244,M.Matavao,TE,NO,2025,22.46,1,0,0,0,0,0,0,0,0,2,2,10,0,3.0,10
00-0040259,G.Larvadain,WR,CLE,2025,22.66,13,0,0,0,0,0,1,3,0,14,7,71,0,14.4,74
00-0040277,J.Walker,WR,CHI,2025,23.16,6,0,0,0,0,0,0,0,0,10,6,87,2,26.7,87
00-0040311,T.Wease,WR,MIA,2025,24.19,3,0,0,0,0,0,0,0,0,10,6,139,1,25.9,139
00-0040317,Ja.Jones,WR,WAS,2025,24.12,1,0,0,0,0,0,0,0,0,1,1,25,0,3.5,25
00-0040352,C.Owen,WR,IND,2025,24.44,2,0,0,0,0,0,0,0,0,1,0,0,0,0.0,0
00-0040363,K.Latu,TE,BUF,2025,23.05,3,0,0,0,0,0,0,0,0,4,4,35,0,7.5,35
00-0040388,J.Keeney-James,WR,GB,2025,24.93,1,0,0,0,0,0,0,0,0,2,2,15,0,3.5,15
00-0040398,B.Cook,QB,NYJ,2025,23.89,5,88,153,739,2,7,13,49,0,0,0,0,0,28.46,49
00-0040406,Q.Skinner,WR,NYJ,2025,23.69,1,0,0,0,0,0,0,0,0,1,1,10,0,4.0,10
00-0040429,J.Williams,RB,TB,2025,25.23,2,0,0,0,0,0,4,11,0,0,0,0,0,1.1,11
00-0040431,D.Cambre,WR,NYG,2025,24.39,3,0,0,0,0,0,0,0,0,0,0,0,0,0.0,0
00-0040432,B.Collins,WR,NYG,2025,22.71,4,0,0,0,0,0,0,0,0,6,2,25,0,4.5,25
00-0040466,R.Sanders,RB,CLE,2025,23.23,4,0,0,0,0,0,27,92,1,4,3,21,0,20.3,113
00-0040476,U.Bentley,RB,IND,2025,24.67,1,0,0,0,0,0,1,0,0,0,0,0,0,0.0,0
00-0040488,C.Runyon,TE,LV,2025,24.11,3,0,0,0,0,0,0,0,0,1,1,3,0,1.3,3
00-0040494,M.Brosmer,QB,MIN,2025,24.43,7,47,71,328,0,4,7,11,0,0,0,0,0,4.220000000000001,11
00-0040506,M.Price,WR,MIN,2025,23.71,16,0,0,0,0,0,0,0,0,0,0,0,0,0.0,0
00-0040509,B.Yurosek,TE,MIN,2025,23.46,6,0,0,0,0,0,0,0,0,3,2,14,0,3.4,14
00-0040522,X.Restrepo,WR,TEN,2025,23.39,2,0,0,0,0,0,0,0,0,7,3,41,0,7.1,41
00-0040534,K.Williams,WR,PIT,2025,23.68,11,0,0,0,0,0,2,10,0,1,1,5,0,2.5,15
00-0040547,N.Carter,RB,ATL,2025,23.28,2,0,0,0,0,0,9,60,0,0,0,0,0,4.000000000000001,60
00-0040556,C.Kiner,RB,ARI,2025,23.61,4,0,0,0,0,0,12,58,0,3,2,15,0,9.3,73
00-0040563,E.Chism,WR,NE,2025,23.85,8,0,0,0,0,0,0,0,0,3,3,75,1,16.5,75
00-0040581,D.Thornton,WR,LV,2025,22.76,11,0,0,0,0,0,0,0,0,30,10,135,0,23.5,135
00-0040582,A.Smith,WR,NYJ,2025,23.89,13,0,0,0,0,0,4,13,0,16,7,52,0,13.5,65
00-0040582,Ar.Smith,WR,NYJ,2025,23.89,13,0,0,0,0,0,0,0,0,0,0,0,0,0.0,0
00-0040583,W.Marks,RB,HOU,2025,24.67,16,0,0,0,0,0,196,703,2,36,24,208,3,145.1,911
00-0040584,G.Helm,TE,TEN,2025,22.99,16,0,0,0,0,0,0,0,0,55,44,357,2,91.7,357
00-0040586,J.Blue,RB,DAL,2025,21.65,5,0,0,0,0,0,38,129,1,1,1,5,0,20.400000000000002,134
00-0040590,K.Mumpfield,WR,LA,2025,22.86,10,0,0,0,0,0,0,0,0,23,10,92,1,25.2,92
00-0040628,D.Dabney,TE,GB,2025,23.3,1,0,0,0,0,0,0,0,0,2,1,3,0,1.3,3
00-0040629,D.Campbell,WR,CAR,2025,23.74,1,0,0,0,0,0,0,0,0,0,0,0,0,0.0,0
00-0040644,T.Etienne,RB,CAR,2025,21.15,17,0,0,0,0,0,20,94,0,3,3,13,0,13.700000000000001,107
00-0040646,J.Royals,WR,KC,2025,22.54,2,0,0,0,0,0,0,0,0,3,2,4,0,2.4,4
00-0040648,T.Horton,WR,SEA,2025,22.76,8,0,0,0,0,0,0,0,0,22,13,161,5,65.1,161
00-0040649,R.Ouzts,RB,SEA,2025,22.99,4,0,0,0,0,0,0,0,0,0,0,0,0,0.0,0
00-0040663,H.Fannin,TE,CLE,2025,21.12,16,0,0,0,0,0,7,13,1,107,72,731,6,186.4,744
00-0040666,O.Hampton,RB,LAC,2025,22.46,9,0,0,0,0,0,124,545,4,35,32,192,1,135.7,737
00-0040667,M.Golden,WR,GB,2025,22.08,14,0,0,0,0,0,10,49,0,44,29,361,0,70.0,410
00-0040668,S.Sanders,QB,CLE,2025,23.57,8,120,212,1400,7,10,21,169,1,0,0,0,0,84.9,169
00-0040669,I.TeSlaa,WR,DET,2025,23.53,14,0,0,0,0,0,0,0,0,27,16,239,6,75.9,239
00-0040673,J.Milroe,QB,SEA,2025,22.72,3,0,0,0,0,0,3,4,0,0,0,0,0,-1.6,4
00-0040676,C.Ward,QB,TEN,2025,23.27,17,323,540,3169,15,7,39,159,2,0,0,0,0,186.66,159
00-0040691,J.Dart,QB,NYG,2025,22.3,14,216,339,2272,15,5,86,487,9,0,0,0,0,241.58,487
00-0040704,D.Gabriel,QB,CLE,2025,24.68,10,110,185,937,7,2,14,86,0,0,0,0,0,70.08,86
00-0040705,C.Dike,WR,TEN,2025,23.72,17,0,0,0,0,0,11,18,0,74,48,423,4,128.1,441
00-0040715,C.Skattebo,RB,NYG,2025,23.57,8,0,0,0,0,0,101,410,5,32,24,207,2,127.7,617
00-0040718,T.Hunter,WR,JAX,2025,22.29,7,0,0,0,0,0,1,0,0,45,28,298,1,63.800000000000004,298
00-0040719,B.Tuten,RB,JAX,2025,23.55,15,0,0,0,0,0,83,307,5,14,10,79,2,88.6,386
00-0040727,T.Harris,WR,LAC,2025,23.51,16,0,0,0,0,0,2,10,0,43,30,324,1,69.4,334
00-0040729,J.Bech,WR,LV,2025,22.7,14,0,0,0,0,0,0,0,0,29,20,224,0,42.4,224
00-0040730,R.Harvey,RB,DEN,2025,24.58,17,0,1,0,0,0,146,540,7,58,47,356,5,206.6,896
00-0040734,T.Henderson,RB,NE,2025,22.86,17,0,0,0,0,0,180,911,9,42,35,221,1,206.20000000000002,1132
00-0040735,L.Burden,WR,CHI,2025,21.72,15,0,0,0,0,0,6,37,0,60,47,652,2,127.9,689
00-0040736,M.Taylor,TE,NYJ,2025,21.32,13,0,0,0,0,0,0,0,0,65,44,369,1,88.9,369
00-0040737,T.Ferguson,TE,LA,2025,22.49,11,0,0,0,0,0,1,0,0,25,11,231,3,52.1,231
00-0040739,E.Arroyo,TE,SEA,2025,22.41,13,0,0,0,0,0,0,0,0,26,15,179,1,36.9,179
00-0040743,T.Shough,QB,NO,2025,25.93,11,221,327,2384,10,6,45,186,3,0,0,0,0,157.96,186
00-0040782,I.Bond,WR,CLE,2025,21.46,15,0,0,0,0,0,5,29,0,44,18,338,0,54.7,367
00-0040784,Q.Judkins,RB,CLE,2025,21.84,14,0,0,0,0,0,230,827,7,36,26,171,0,169.8,998
