player_id,player_name,position,team,season,age_sept1,games,completions,attempts,passing_yards,passing_tds,interceptions,carries,rushing_yards,rushing_tds,targets,receptions,receiving_yards,receiving_tds,ppr_points,scrimmage_yards,birth_date
00-0037175,A.Brown,QB,BAL,2022,24.1,2,22,49,302.0,0,2.0,3,-5.0,0,0,0,0.0,0,5.58,-5.0,1998-07-27
00-0037175,A.Brown,QB,BAL,2022,,2,22,49,302.0,0,2.0,3,-5.0,0,0,0,0.0,0,5.58,-5.0,
00-0027973,A.Dalton,QB,CIN,2019,31.84,13,314,528,3494.0,16,14.0,32,73.0,4,1,1,-4.0,0,203.66,69.0,1987-10-29
00-0027973,A.Dalton,QB,DAL,2020,32.84,11,216,333,2170.0,14,8.0,28,114.0,0,1,1,-3.0,0,136.9,111.0,1987-10-29
00-0027973,A.Dalton,QB,CHI,2021,33.84,8,149,236,1515.0,8,9.0,16,76.0,0,0,0,0.0,0,84.2,76.0,1987-10-29
00-0027973,A.Dalton,QB,NO,2022,34.84,14,252,378,2871.0,18,9.0,30,54.0,0,0,0,0.0,0,174.24,54.0,1987-10-29
00-0027973,A.Dalton,QB,CAR,2023,35.84,2,34,58,361.0,2,0.0,3,12.0,0,0,0,0.0,0,23.640001,12.0,1987-10-29
00-0027973,A.Dalton,QB,CAR,2024,36.84,6,106,160,989.0,7,6.0,11,34.0,0,0,0,0.0,0,58.96,34.0,1987-10-29
00-0031288,A.McCarron,QB,HOU,2019,28.97,2,21,37,225.0,0,1.0,5,39.0,1,0,0,0.0,0,16.9,39.0,1990-09-13
00-0031288,A.McCarron,QB,HOU,2020,29.97,2,1,1,20.0,0,0.0,0,0.0,0,0,0,0.0,0,0.8,0.0,1990-09-13
00-0031288,A.McCarron,QB,CIN,2023,32.97,2,4,5,19.0,0,0.0,0,0.0,0,0,0,0.0,0,0.76,0.0,1990-09-13
00-0038579,A.O'Connell,QB,LV,2023,25.0,11,213,343,2218.0,12,7.0,17,11.0,1,0,0,0.0,0,125.82,11.0,1998-09-01
00-0038579,A.O'Connell,QB,LV,2024,26.0,9,154,243,1612.0,8,4.0,21,30.0,1,0,0,0.0,0,93.479996,30.0,1998-09-01
00-0039164,A.Richardson,QB,IND,2023,21.28,4,50,84,577.0,3,1.0,25,136.0,4,0,0,0.0,0,72.68,136.0,2002-05-22
00-0039164,A.Richardson,QB,IND,2024,22.28,11,126,264,1814.0,8,12.0,86,499.0,6,1,1,-1.0,0,163.36,498.0,2002-05-22
00-0023459,A.Rodgers,QB,GB,2019,35.75,18,400,635,4571.0,30,6.0,52,197.0,1,0,0,0.0,0,312.54,197.0,1983-12-02
00-0023459,A.Rodgers,QB,GB,2020,36.75,18,428,610,4941.0,53,6.0,42,146.0,4,1,1,-6.0,0,432.64,140.0,1983-12-02
00-0023459,A.Rodgers,QB,GB,2021,37.75,17,386,560,4340.0,37,4.0,33,101.0,3,1,1,-4.0,0,342.3,97.0,1983-12-02
00-0023459,A.Rodgers,QB,GB,2022,38.75,17,350,542,3695.0,26,12.0,34,94.0,1,0,0,0.0,0,239.2,94.0,1983-12-02
00-0023459,A.Rodgers,QB,NYJ,2023,39.75,1,0,1,0.0,0,0.0,0,0.0,0,0,0,0.0,0,0.0,0.0,1983-12-02
00-0023459,A.Rodgers,QB,NYJ,2024,40.75,17,368,584,3897.0,28,11.0,22,107.0,0,0,0,0.0,0,256.58,107.0,1983-12-02
00-0023436,A.Smith,QB,WAS,2020,36.32,8,168,252,1582.0,6,8.0,10,3.0,0,0,0,0.0,0,71.58,3.0,1984-05-07
00-0029623,A.Tanney,QB,NYG,2019,31.81,1,1,1,1.0,0,0.0,0,0.0,0,0,0,0.0,0,0.04,0.0,1987-11-11
00-0032434,B.Allen,QB,DEN,2019,26.99,3,39,84,515.0,3,2.0,10,39.0,0,0,0,0.0,0,32.5,39.0,1992-09-05
00-0032434,B.Allen,QB,CIN,2020,27.99,5,90,142,925.0,5,4.0,13,27.0,0,1,0,0.0,0,49.699997,27.0,1992-09-05
00-0032434,B.Allen,QB,CIN,2021,28.99,5,17,34,149.0,2,0.0,7,-1.0,0,0,0,0.0,0,13.86,-1.0,1992-09-05
00-0032434,B.Allen,QB,CIN,2022,29.99,1,3,3,22.0,0,0.0,3,-1.0,0,0,0,0.0,0,0.78,-1.0,1992-09-05
00-0032434,B.Allen,QB,SF,2024,31.99,3,17,30,199.0,1,2.0,3,4.0,0,0,0,0.0,0,6.3599997,4.0,1992-09-05
00-0031407,B.Bortles,QB,LA,2019,27.34,2,1,2,3.0,0,0.0,2,-9.0,0,0,0,0.0,0,-0.78,-9.0,1992-04-28
00-0036384,B.DiNucci,QB,DAL,2020,23.77,2,23,43,219.0,0,0.0,6,22.0,0,0,0,0.0,0,6.96,22.0,1996-11-24
00-0027948,B.Gabbert,QB,TB,2020,30.88,4,9,16,143.0,2,0.0,9,16.0,0,0,0,0.0,0,15.320001,16.0,1989-10-15
00-0027948,B.Gabbert,QB,TB,2021,31.88,6,7,11,67.0,0,0.0,9,-7.0,0,0,0,0.0,0,1.98,-7.0,1989-10-15
00-0027948,B.Gabbert,QB,TB,2022,32.88,1,6,8,29.0,1,0.0,0,0.0,0,0,0,0.0,0,5.16,0.0,1989-10-15
00-0027948,B.Gabbert,QB,KC,2023,33.88,2,18,35,185.0,0,3.0,7,45.0,0,0,0,0.0,0,5.9000006,45.0,1989-10-15
00-0026625,B.Hoyer,QB,IND,2019,33.89,4,35,65,372.0,4,4.0,8,2.0,0,0,0,0.0,0,21.08,2.0,1985-10-13
00-0026625,B.Hoyer,QB,NE,2020,34.89,1,15,24,130.0,0,1.0,1,8.0,0,0,0,0.0,0,2.0,8.0,1985-10-13
00-0026625,B.Hoyer,QB,NE,2021,35.89,5,9,11,227.0,1,0.0,11,-8.0,0,0,0,0.0,0,12.28,-8.0,1985-10-13
00-0026625,B.Hoyer,QB,NE,2022,36.89,1,5,6,37.0,0,0.0,0,0.0,0,0,0,0.0,0,1.48,0.0,1985-10-13
00-0026625,B.Hoyer,QB,LV,2023,37.89,2,23,42,231.0,0,2.0,3,-3.0,0,0,0,0.0,0,4.94,-3.0,1985-10-13
00-0031589,B.Hundley,QB,ARI,2019,26.21,3,5,11,49.0,0,0.0,7,41.0,0,0,0,0.0,0,6.06,41.0,1993-06-15
00-0034855,B.Mayfield,QB,CLE,2019,24.38,16,318,535,3883.0,23,21.0,28,141.0,3,0,0,0.0,0,235.42,141.0,1995-04-14
00-0034855,B.Mayfield,QB,CLE,2020,25.38,18,349,557,4030.0,30,9.0,62,179.0,1,2,2,-2.0,0,282.9,177.0,1995-04-14
00-0034855,B.Mayfield,QB,CLE,2021,26.38,14,253,418,3010.0,17,13.0,37,134.0,1,0,0,0.0,0,179.8,134.0,1995-04-14
00-0034855,B.Mayfield,QB,CAR,2022,27.38,12,201,335,2163.0,10,8.0,31,89.0,1,0,0,0.0,0,121.42,89.0,1995-04-14
00-0034855,B.Mayfield,QB,TB,2023,28.38,19,412,643,4730.0,34,12.0,66,194.0,1,0,0,0.0,0,324.6,194.0,1995-04-14
00-0034855,B.Mayfield,QB,TB,2024,29.38,18,422,588,4685.0,43,16.0,67,401.0,3,0,0,0.0,0,381.5,401.0,1995-04-14
00-0039732,B.Nix,QB,DEN,2024,24.52,18,389,589,3919.0,30,12.0,96,473.0,4,1,1,2.0,1,331.26,475.0,2000-02-25
00-0035939,B.Perkins,QB,LA,2022,25.7,5,19,34,161.0,1,2.0,19,90.0,0,0,0,0.0,0,15.44,90.0,1996-12-20
00-0037834,B.Purdy,QB,SF,2022,22.68,12,155,233,1943.0,16,4.0,29,37.0,2,0,0,0.0,0,149.42,37.0,1999-12-27
00-0037834,B.Purdy,QB,SF,2023,23.68,19,374,552,5054.0,34,12.0,53,218.0,2,0,0,0.0,0,343.96,218.0,1999-12-27
00-0037834,B.Purdy,QB,SF,2024,24.68,15,300,455,3864.0,20,12.0,66,323.0,5,0,0,0.0,0,266.86002,323.0,1999-12-27
00-0022924,B.Roethlisberger,QB,PIT,2019,37.5,2,35,62,351.0,0,1.0,1,7.0,0,0,0,0.0,0,12.74,7.0,1982-03-02
00-0022924,B.Roethlisberger,QB,PIT,2020,38.5,16,446,676,4304.0,37,14.0,26,11.0,0,0,0,0.0,0,297.26,11.0,1982-03-02
00-0022924,B.Roethlisberger,QB,PIT,2021,39.5,17,419,649,3955.0,24,10.0,22,4.0,1,0,0,0.0,0,234.6,4.0,1982-03-02
00-0034955,B.Rypien,QB,DEN,2020,24.15,2,27,40,295.0,2,4.0,5,-5.0,0,0,0,0.0,0,11.3,-5.0,1996-07-09
00-0034955,B.Rypien,QB,DEN,2021,25.15,1,0,2,0.0,0,0.0,0,0.0,0,0,0,0.0,0,0.0,0.0,1996-07-09
00-0034955,B.Rypien,QB,DEN,2022,26.15,4,53,88,483.0,2,4.0,6,7.0,0,0,0,0.0,0,18.02,7.0,1996-07-09
00-0034955,B.Rypien,QB,LA,2023,27.15,2,18,38,172.0,0,1.0,3,19.0,0,0,0,0.0,0,6.7799997,19.0,1996-07-09
00-0039150,B.Young,QB,CAR,2023,22.1,16,315,527,2877.0,11,10.0,39,253.0,0,0,0,0.0,0,156.38,253.0,2001-07-25
00-0039150,B.Young,QB,CAR,2024,23.1,14,234,384,2403.0,15,9.0,43,249.0,6,0,0,0.0,0,195.02,249.0,2001-07-25
00-0038108,B.Zappe,QB,NE,2022,23.35,4,65,92,781.0,5,3.0,10,0.0,0,1,1,-6.0,0,39.64,-6.0,1999-04-26
00-0038108,B.Zappe,QB,NE,2023,24.35,10,127,212,1272.0,6,9.0,17,83.0,1,0,0,0.0,0,69.18,83.0,1999-04-26
00-0038108,B.Zappe,QB,CLE,2024,25.35,1,16,31,170.0,1,2.0,2,2.0,0,0,0,0.0,0,7.0,2.0,1999-04-26
00-0033936,C.Beathard,QB,SF,2020,26.79,6,66,104,787.0,6,0.0,6,28.0,0,0,0,0.0,0,52.28,28.0,1993-11-16
00-0033936,C.Beathard,QB,JAX,2021,27.79,2,2,2,33.0,0,0.0,1,2.0,0,0,0,0.0,0,1.5200001,2.0,1993-11-16
00-0033936,C.Beathard,QB,JAX,2022,28.79,4,7,11,35.0,0,1.0,4,-4.0,0,0,0,0.0,0,-1.0,-4.0,1993-11-16
00-0033936,C.Beathard,QB,JAX,2023,29.79,6,40,53,349.0,1,0.0,8,35.0,0,0,0,0.0,0,21.46,35.0,1993-11-16
00-0026544,C.Daniel,QB,CHI,2019,32.9,3,45,64,435.0,3,2.0,6,6.0,0,0,0,0.0,0,26.0,6.0,1986-10-07
00-0026544,C.Daniel,QB,DET,2020,33.9,4,29,43,264.0,1,2.0,2,16.0,0,0,0,0.0,0,12.16,16.0,1986-10-07
00-0026544,C.Daniel,QB,LAC,2021,34.9,1,0,0,0.0,0,0.0,2,-2.0,0,0,0,0.0,0,-0.2,-2.0,1986-10-07
00-0026544,C.Daniel,QB,LAC,2022,35.9,3,8,12,52.0,1,0.0,1,4.0,0,0,0,0.0,0,8.4800005,4.0,1986-10-07
00-0026197,C.Henne,QB,KC,2020,35.17,4,34,46,314.0,2,1.0,9,10.0,1,0,0,0.0,0,25.56,10.0,1985-07-02
00-0026197,C.Henne,QB,KC,2021,36.17,4,11,16,82.0,0,0.0,8,0.0,0,0,0,0.0,0,3.28,0.0,1985-07-02
00-0026197,C.Henne,QB,KC,2022,37.17,3,5,9,23.0,1,0.0,6,-6.0,0,0,0,0.0,0,4.32,-6.0,1985-07-02
00-0028986,C.Keenum,QB,WAS,2019,31.54,10,160,247,1707.0,11,5.0,9,12.0,1,0,0,0.0,0,103.48,12.0,1988-02-17
00-0028986,C.Keenum,QB,CLE,2020,32.54,1,5,10,46.0,0,0.0,0,0.0,0,0,0,0.0,0,1.84,0.0,1988-02-17
00-0028986,C.Keenum,QB,CLE,2021,33.54,5,47,72,462.0,3,1.0,12,22.0,0,0,0,0.0,0,28.68,22.0,1988-02-17
00-0028986,C.Keenum,QB,BUF,2022,34.54,2,2,7,8.0,0,0.0,5,0.0,0,0,0,0.0,0,0.32,0.0,1988-02-17
00-0028986,C.Keenum,QB,HOU,2023,35.54,2,34,53,291.0,1,3.0,2,1.0,0,0,0,0.0,0,9.74,1.0,1988-02-17
00-0027688,C.McCoy,QB,WAS,2019,32.99,1,18,27,122.0,0,1.0,2,14.0,0,0,0,0.0,0,4.28,14.0,1986-09-05
00-0027688,C.McCoy,QB,NYG,2020,33.99,4,40,66,375.0,1,1.0,9,12.0,0,0,0,0.0,0,18.2,12.0,1986-09-05
00-0027688,C.McCoy,QB,ARI,2021,34.99,7,74,99,740.0,3,1.0,22,37.0,0,0,0,0.0,0,41.3,37.0,1986-09-05
00-0027688,C.McCoy,QB,ARI,2022,35.99,4,90,132,780.0,1,3.0,14,36.0,0,0,0,0.0,0,32.8,36.0,1986-09-05
00-0027939,C.Newton,QB,CAR,2019,30.31,2,50,89,572.0,0,1.0,5,-2.0,0,0,0,0.0,0,16.68,-2.0,1989-05-11
00-0027939,C.Newton,QB,NE,2020,31.31,15,242,368,2657.0,8,10.0,137,592.0,12,2,2,35.0,1,260.98,627.0,1989-05-11
00-0027939,C.Newton,QB,CAR,2021,32.31,7,69,126,684.0,4,5.0,47,230.0,5,0,0,0.0,0,86.36,230.0,1989-05-11
00-0037324,C.Oladokun,QB,KC,2024,27.0,1,0,0,0.0,0,0.0,1,5.0,0,0,0,0.0,0,0.5,5.0,1997-09-03
00-0033662,C.Rush,QB,DAL,2021,27.78,4,30,47,422.0,3,1.0,9,-8.0,0,0,0,0.0,0,24.080002,-8.0,1993-11-21
00-0033662,C.Rush,QB,DAL,2022,28.78,8,94,162,1051.0,5,3.0,9,6.0,0,0,0,0.0,0,56.64,6.0,1993-11-21
00-0033662,C.Rush,QB,DAL,2023,29.78,7,18,24,144.0,0,1.0,12,-5.0,0,0,0,0.0,0,3.26,-5.0,1993-11-21
00-0033662,C.Rush,QB,DAL,2024,30.78,12,187,308,1844.0,12,5.0,26,18.0,0,0,0,0.0,0,109.56,18.0,1993-11-21
00-0035752,C.Streveler,QB,ARI,2020,25.65,2,11,16,105.0,1,1.0,4,15.0,0,0,0,0.0,0,7.7000003,15.0,1995-01-06
00-0035752,C.Streveler,QB,ARI,2021,26.65,2,6,9,36.0,0,0.0,3,6.0,0,0,0,0.0,0,2.04,6.0,1995-01-06
00-0035752,C.Streveler,QB,NYJ,2022,27.65,1,10,15,90.0,0,0.0,9,54.0,0,0,0,0.0,0,9.0,54.0,1995-01-06
00-0039163,C.Stroud,QB,HOU,2023,21.91,17,354,553,4557.0,26,5.0,43,167.0,3,1,1,0.0,0,305.98,167.0,2001-10-03
00-0039163,C.Stroud,QB,HOU,2024,22.91,19,377,593,4254.0,21,13.0,64,317.0,0,1,0,0.0,0,251.86,317.0,2001-10-03
00-0038582,C.Tune,QB,ARI,2023,24.44,6,12,21,62.0,0,2.0,8,30.0,1,0,0,0.0,0,7.4799995,30.0,1999-03-23
00-0038582,C.Tune,QB,ARI,2024,25.44,5,2,2,8.0,0,0.0,7,-4.0,0,0,0,0.0,0,-2.08,-4.0,1999-03-23
00-0032950,C.Wentz,QB,PHI,2019,26.67,17,389,611,4042.0,27,7.0,62,243.0,1,0,0,0.0,0,275.98,243.0,1992-12-30
00-0032950,C.Wentz,QB,PHI,2020,27.67,12,251,437,2620.0,16,15.0,52,276.0,5,0,0,0.0,0,198.4,276.0,1992-12-30
00-0032950,C.Wentz,QB,IND,2021,28.67,17,322,516,3563.0,27,7.0,57,215.0,1,0,0,0.0,0,258.02,215.0,1992-12-30
00-0032950,C.Wentz,QB,WAS,2022,29.67,8,172,276,1755.0,11,9.0,22,86.0,1,0,0,0.0,0,112.8,86.0,1992-12-30
00-0032950,C.Wentz,QB,LA,2023,30.67,1,17,24,163.0,2,1.0,17,56.0,1,0,0,0.0,0,26.12,56.0,1992-12-30
00-0032950,C.Wentz,QB,KC,2024,31.67,2,12,19,118.0,0,0.0,3,0.0,0,0,0,0.0,0,4.7200003,0.0,1992-12-30
00-0039918,C.Williams,QB,CHI,2024,22.79,17,351,562,3541.0,20,6.0,81,489.0,0,0,0,0.0,0,254.54,489.0,2001-11-18
00-0035040,D.Blough,QB,DET,2019,24.09,5,94,174,984.0,4,6.0,8,31.0,0,1,1,19.0,1,55.36,50.0,1995-07-31
00-0035040,D.Blough,QB,DET,2020,25.09,1,6,10,49.0,0,1.0,1,18.0,0,0,0,0.0,0,1.76,18.0,1995-07-31
00-0035040,D.Blough,QB,DET,2021,26.09,1,0,0,0.0,0,0.0,1,6.0,0,0,0,0.0,0,0.6,6.0,1995-07-31
00-0035040,D.Blough,QB,ARI,2022,27.09,2,38,58,402.0,2,2.0,4,5.0,0,0,0,0.0,0,18.58,5.0,1995-07-31
00-0020531,D.Brees,QB,NO,2019,40.63,12,307,411,3187.0,28,5.0,10,1.0,1,0,0,0.0,0,233.58,1.0,1979-01-15
00-0020531,D.Brees,QB,NO,2020,41.63,14,322,463,3341.0,27,9.0,23,3.0,2,0,0,0.0,0,231.94,3.0,1979-01-15
00-0031280,D.Carr,QB,LV,2019,28.43,16,361,513,4054.0,21,8.0,27,82.0,2,0,0,0.0,0,246.36,82.0,1991-03-28
00-0031280,D.Carr,QB,LV,2020,29.43,16,348,517,4103.0,27,9.0,39,140.0,3,0,0,0.0,0,272.12,140.0,1991-03-28
00-0031280,D.Carr,QB,LV,2021,30.43,18,457,680,5114.0,24,15.0,41,128.0,0,0,0,0.0,0,271.36,128.0,1991-03-28
00-0031280,D.Carr,QB,LV,2022,31.43,15,305,502,3522.0,24,14.0,24,102.0,0,0,0,0.0,0,219.08,102.0,1991-03-28
00-0031280,D.Carr,QB,NO,2023,32.43,17,375,548,3878.0,25,8.0,32,40.0,0,0,0,0.0,0,241.12,40.0,1991-03-28
00-0031280,D.Carr,QB,NO,2024,33.43,10,189,279,2145.0,15,5.0,17,71.0,1,0,0,0.0,0,150.9,71.0,1991-03-28
00-0031076,D.Fales,QB,NYJ,2019,28.91,1,0,0,0.0,0,0.0,0,0.0,0,0,0,0.0,0,0.0,0.0,1990-10-04
00-0035232,D.Haskins,QB,WAS,2019,22.33,9,119,203,1365.0,7,7.0,20,101.0,0,0,0,0.0,0,76.7,101.0,1997-05-03
00-0035232,D.Haskins,QB,WAS,2020,23.33,7,148,241,1439.0,5,7.0,20,46.0,1,0,0,0.0,0,68.16,46.0,1997-05-03
00-0035577,D.Hodges,QB,PIT,2019,23.39,8,100,160,1063.0,5,8.0,21,68.0,0,0,0,0.0,0,51.32,68.0,1996-04-12
00-0035710,D.Jones,QB,NYG,2019,22.26,13,284,459,3027.0,24,12.0,45,279.0,2,0,0,0.0,0,216.98,279.0,1997-05-27
00-0035710,D.Jones,QB,NYG,2020,23.26,14,280,448,2943.0,11,10.0,65,423.0,1,0,0,0.0,0,180.02,423.0,1997-05-27
00-0035710,D.Jones,QB,NYG,2021,24.26,11,232,361,2428.0,10,7.0,62,298.0,2,1,1,16.0,0,167.52,314.0,1997-05-27
00-0035710,D.Jones,QB,NYG,2022,25.26,18,356,534,3641.0,17,6.0,143,810.0,7,0,0,0.0,0,322.64,810.0,1997-05-27
00-0035710,D.Jones,QB,NYG,2023,26.26,6,108,160,909.0,2,6.0,40,206.0,1,0,0,0.0,0,56.96,206.0,1997-05-27
00-0035710,D.Jones,QB,NYG,2024,27.26,10,216,341,2070.0,8,7.0,67,265.0,2,0,0,0.0,0,135.3,265.0,1997-05-27
00-0035704,D.Lock,QB,DEN,2019,22.81,5,100,156,1020.0,7,3.0,18,72.0,0,0,0,0.0,0,68.0,72.0,1996-11-10
00-0035704,D.Lock,QB,DEN,2020,23.81,13,254,443,2933.0,16,15.0,44,160.0,3,0,0,0.0,0,181.32,160.0,1996-11-10
00-0035704,D.Lock,QB,DEN,2021,24.81,6,67,111,787.0,2,2.0,10,53.0,2,1,1,1.0,0,51.879997,54.0,1996-11-10
00-0035704,D.Lock,QB,SEA,2023,26.81,4,48,76,543.0,3,3.0,5,14.0,0,0,0,0.0,0,29.119999,14.0,1996-11-10
00-0035704,D.Lock,QB,NYG,2024,27.81,7,107,181,1071.0,6,5.0,18,133.0,2,0,0,0.0,0,80.14,133.0,1996-11-10
00-0039851,D.Maye,QB,NE,2024,22.01,13,225,338,2276.0,15,10.0,54,421.0,2,0,0,0.0,0,177.14,421.0,2002-08-30
00-0036898,D.Mills,QB,HOU,2021,22.86,13,263,394,2664.0,16,10.0,18,44.0,0,0,0,0.0,0,156.95999,44.0,1998-10-21
00-0036898,D.Mills,QB,HOU,2022,23.86,15,292,479,3118.0,17,15.0,32,108.0,2,0,0,0.0,0,181.52,108.0,1998-10-21
00-0036898,D.Mills,QB,HOU,2023,24.86,6,19,40,179.0,2,0.0,5,5.0,0,0,0,0.0,0,17.66,5.0,1998-10-21
00-0036898,D.Mills,QB,HOU,2024,25.86,4,20,36,212.0,0,0.0,3,11.0,0,0,0,0.0,0,9.58,11.0,1998-10-21
00-0033077,D.Prescott,QB,DAL,2019,26.09,16,388,596,4902.0,30,11.0,52,277.0,3,0,0,0.0,0,337.78,277.0,1993-07-29
00-0033077,D.Prescott,QB,DAL,2020,27.09,5,151,222,1856.0,9,4.0,18,93.0,3,1,1,11.0,1,135.64,104.0,1993-07-29
00-0033077,D.Prescott,QB,DAL,2021,28.09,17,433,639,4703.0,38,11.0,52,173.0,2,0,0,0.0,0,341.41998,173.0,1993-07-29
00-0033077,D.Prescott,QB,DAL,2022,29.09,14,309,464,3371.0,28,17.0,56,228.0,2,0,0,0.0,0,245.64,228.0,1993-07-29
00-0033077,D.Prescott,QB,DAL,2023,30.09,18,451,650,4919.0,39,11.0,61,287.0,2,0,0,0.0,0,373.46,287.0,1993-07-29
00-0033077,D.Prescott,QB,DAL,2024,31.09,8,185,286,1978.0,11,8.0,13,54.0,1,0,0,0.0,0,116.520004,54.0,1993-07-29
00-0038122,D.Ridder,QB,ATL,2022,23.0,4,73,115,708.0,2,0.0,16,64.0,0,0,0,0.0,0,38.72,64.0,1999-08-31
00-0038122,D.Ridder,QB,ATL,2023,24.0,15,249,388,2836.0,12,12.0,53,193.0,5,1,1,-6.0,0,181.14,187.0,1999-08-31
00-0038122,D.Ridder,QB,LV,2024,25.0,5,52,85,458.0,2,2.0,9,36.0,0,0,0,0.0,0,21.92,36.0,1999-08-31
00-0038583,D.Thompson-Robinson,QB,CLE,2023,23.8,7,60,112,440.0,1,4.0,14,65.0,0,0,0,0.0,0,22.1,65.0,1999-11-14
00-0038583,D.Thompson-Robinson,QB,CLE,2024,24.8,6,61,118,440.0,0,6.0,21,122.0,0,0,0,0.0,0,15.8,122.0,1999-11-14
00-0033537,D.Watson,QB,HOU,2019,23.97,17,384,572,4487.0,29,12.0,102,505.0,9,1,1,6.0,1,383.58002,511.0,1995-09-14
00-0033537,D.Watson,QB,HOU,2020,24.97,16,382,544,4823.0,33,7.0,90,444.0,3,0,0,0.0,0,369.32,444.0,1995-09-14
00-0033537,D.Watson,QB,CLE,2022,26.97,6,99,170,1102.0,7,5.0,36,175.0,1,0,0,0.0,0,85.58,175.0,1995-09-14
00-0033537,D.Watson,QB,CLE,2023,27.97,6,105,171,1115.0,7,4.0,26,142.0,1,0,0,0.0,0,86.8,142.0,1995-09-14
00-0033537,D.Watson,QB,CLE,2024,28.97,7,137,216,1148.0,5,3.0,31,148.0,1,0,0,0.0,0,76.72,148.0,1995-09-14
00-0033550,D.Webb,QB,BUF,2021,26.61,1,0,0,0.0,0,0.0,2,-3.0,0,0,0,0.0,0,-0.3,-3.0,1995-01-22
00-0033550,D.Webb,QB,NYG,2022,27.61,1,23,40,168.0,1,0.0,6,41.0,1,0,0,0.0,0,20.82,41.0,1995-01-22
00-0022803,E.Manning,QB,NYG,2019,38.66,4,91,147,1042.0,6,5.0,4,7.0,0,0,0,0.0,0,54.38,7.0,1981-01-03
00-0035282,E.Stick,QB,LAC,2020,24.96,1,1,1,4.0,0,0.0,1,-2.0,0,0,0,0.0,0,-0.04,-2.0,1995-09-15
00-0035282,E.Stick,QB,LAC,2023,27.96,5,111,174,1129.0,3,1.0,27,144.0,1,0,0,0.0,0,67.56,144.0,1995-09-15
00-0031395,G.Gilbert,QB,CLE,2019,28.17,5,0,3,0.0,0,0.0,3,-3.0,0,0,0,0.0,0,-0.3,-3.0,1991-07-01
00-0031395,G.Gilbert,QB,DAL,2020,29.17,1,21,38,243.0,1,1.0,3,28.0,0,0,0,0.0,0,14.52,28.0,1991-07-01
00-0031395,G.Gilbert,QB,WAS,2021,30.17,1,20,31,194.0,0,0.0,0,0.0,0,0,0,0.0,0,7.76,0.0,1991-07-01
00-0035289,G.Minshew,QB,JAX,2019,23.29,14,285,470,3271.0,21,6.0,67,344.0,0,0,0,0.0,0,229.24,344.0,1996-05-16
00-0035289,G.Minshew,QB,JAX,2020,24.29,9,216,327,2259.0,16,5.0,29,153.0,1,1,1,0.0,0,160.66,153.0,1996-05-16
00-0035289,G.Minshew,QB,PHI,2021,25.29,3,41,60,439.0,4,1.0,9,21.0,0,0,0,0.0,0,33.66,21.0,1996-05-16
00-0035289,G.Minshew,QB,PHI,2022,26.29,6,44,76,663.0,3,3.0,9,1.0,1,0,0,0.0,0,36.62,1.0,1996-05-16
00-0035289,G.Minshew,QB,IND,2023,27.29,16,305,490,3305.0,15,9.0,34,100.0,3,0,0,0.0,0,196.2,100.0,1996-05-16
00-0035289,G.Minshew,QB,LV,2024,28.29,10,203,306,2013.0,9,10.0,19,58.0,0,0,0,0.0,0,96.32,58.0,1996-05-16
00-0030565,G.Smith,QB,SEA,2020,29.89,1,4,5,33.0,0,0.0,2,-2.0,0,0,0,0.0,0,1.12,-2.0,1990-10-10
00-0030565,G.Smith,QB,SEA,2021,30.89,4,65,95,702.0,5,1.0,9,42.0,1,0,0,0.0,0,54.28,42.0,1990-10-10
00-0030565,G.Smith,QB,SEA,2022,31.89,18,424,607,4535.0,32,12.0,72,394.0,1,0,0,0.0,0,320.8,394.0,1990-10-10
00-0030565,G.Smith,QB,SEA,2023,32.89,15,323,499,3624.0,20,9.0,37,155.0,1,1,1,-2.0,0,227.26,153.0,1990-10-10
00-0030565,G.Smith,QB,SEA,2024,33.89,17,407,578,4320.0,21,15.0,53,272.0,2,0,0,0.0,0,266.0,272.0,1990-10-10
00-0038550,H.Hooker,QB,DET,2024,26.64,3,6,9,62.0,0,0.0,5,2.0,0,0,0,0.0,0,2.68,2.0,1998-01-13
00-0036929,I.Book,QB,NO,2021,23.42,1,12,20,135.0,0,2.0,3,6.0,0,0,0,0.0,0,2.0,6.0,1998-03-30
00-0034857,J.Allen,QB,BUF,2019,23.28,17,295,507,3353.0,20,9.0,118,602.0,9,1,1,16.0,1,314.92,618.0,1996-05-21
00-0034857,J.Allen,QB,BUF,2020,24.28,19,473,692,5361.0,42,11.0,127,566.0,9,1,1,12.0,1,467.24,578.0,1996-05-21
00-0034857,J.Allen,QB,BUF,2021,25.28,19,457,708,5044.0,45,15.0,139,897.0,6,0,0,0.0,0,479.46,897.0,1996-05-21
00-0034857,J.Allen,QB,BUF,2022,26.28,18,407,648,4899.0,38,17.0,136,808.0,8,0,0,0.0,0,434.76,808.0,1996-05-21
00-0034857,J.Allen,QB,BUF,2023,27.28,19,432,648,4695.0,33,18.0,131,670.0,18,0,0,0.0,0,458.8,670.0,1996-05-21
00-0034857,J.Allen,QB,BUF,2024,28.28,19,365,565,4367.0,32,6.0,131,636.0,14,0,0,0.0,0,438.28,636.0,1996-05-21
00-0033119,J.Brissett,QB,IND,2019,26.72,15,272,447,2942.0,18,6.0,56,228.0,4,1,1,2.0,0,217.68,230.0,1992-12-11
00-0033119,J.Brissett,QB,IND,2020,27.72,12,2,8,17.0,0,0.0,18,19.0,3,0,0,0.0,0,20.58,19.0,1992-12-11
00-0033119,J.Brissett,QB,MIA,2021,28.72,10,141,225,1283.0,5,4.0,19,70.0,1,0,0,0.0,0,72.32,70.0,1992-12-11
00-0033119,J.Brissett,QB,CLE,2022,29.72,14,236,369,2608.0,12,6.0,49,243.0,2,0,0,0.0,0,168.62,243.0,1992-12-11
00-0033119,J.Brissett,QB,WAS,2023,30.72,2,18,23,224.0,3,0.0,3,19.0,0,0,0,0.0,0,22.86,19.0,1992-12-11
00-0033119,J.Brissett,QB,NE,2024,31.72,7,95,161,826.0,2,1.0,15,62.0,0,0,0,0.0,0,45.24,62.0,1992-12-11
00-0035100,J.Browning,QB,CIN,2023,27.39,9,171,243,1936.0,12,7.0,27,127.0,3,1,1,-7.0,0,144.44,120.0,1996-04-11
00-0035100,J.Browning,QB,CIN,2024,28.39,2,0,0,0.0,0,0.0,2,-2.0,0,0,0,0.0,0,-0.2,-2.0,1996-04-11
00-0036442,J.Burrow,QB,CIN,2020,23.73,10,264,404,2688.0,13,5.0,37,142.0,3,0,0,0.0,0,173.72,142.0,1996-12-10
00-0036442,J.Burrow,QB,CIN,2021,24.73,20,463,662,5716.0,39,16.0,51,149.0,2,0,0,0.0,0,379.54,149.0,1996-12-10
00-0036442,J.Burrow,QB,CIN,2022,25.73,19,486,715,5196.0,39,14.0,90,327.0,6,0,0,0.0,0,406.54,327.0,1996-12-10
00-0036442,J.Burrow,QB,CIN,2023,26.73,10,244,365,2309.0,15,6.0,31,88.0,0,0,0,0.0,0,147.16,88.0,1996-12-10
00-0036442,J.Burrow,QB,CIN,2024,27.73,17,460,652,4918.0,43,9.0,42,201.0,2,0,0,0.0,0,372.82,201.0,1996-12-10
00-0039910,J.Daniels,QB,WAS,2024,23.7,20,406,594,4390.0,30,10.0,183,1026.0,7,0,0,0.0,0,428.19998,1026.0,2000-12-18
00-0033949,J.Dobbs,QB,PIT,2020,25.6,1,4,5,2.0,0,0.0,2,20.0,0,0,0,0.0,0,2.08,20.0,1995-01-26
00-0033949,J.Dobbs,QB,TEN,2022,27.6,2,40,68,411.0,2,2.0,8,44.0,0,0,0,0.0,0,20.84,44.0,1995-01-26
00-0033949,J.Dobbs,QB,ARI,2023,28.6,13,262,417,2464.0,13,10.0,77,421.0,6,0,0,0.0,0,202.66,421.0,1995-01-26
00-0033949,J.Dobbs,QB,SF,2024,29.6,2,32,47,361.0,2,2.0,9,24.0,2,0,0,0.0,0,30.84,24.0,1995-01-26
00-0032436,J.Driskel,QB,DET,2019,26.36,3,62,105,685.0,4,4.0,22,151.0,1,1,1,6.0,0,58.1,157.0,1993-04-23
00-0032436,J.Driskel,QB,DEN,2020,27.36,3,35,64,432.0,3,2.0,6,28.0,0,0,0,0.0,0,30.08,28.0,1993-04-23
00-0032436,J.Driskel,QB,HOU,2022,29.36,7,14,20,108.0,1,0.0,20,75.0,0,1,1,4.0,0,17.22,79.0,1993-04-23
00-0032436,J.Driskel,QB,CLE,2023,30.36,1,13,26,166.0,2,2.0,7,33.0,0,0,0,0.0,0,13.94,33.0,1993-04-23
00-0036226,J.Eason,QB,IND,2021,23.79,1,2,5,25.0,0,1.0,0,0.0,0,0,0,0.0,0,-1.0,0.0,1997-11-17
00-0036226,J.Eason,QB,CAR,2022,24.79,1,3,5,59.0,0,1.0,0,0.0,0,0,0,0.0,0,0.36,0.0,1997-11-17
00-0036945,J.Fields,QB,CHI,2021,22.49,12,159,270,1870.0,7,10.0,72,420.0,2,0,0,0.0,0,126.8,420.0,1999-03-05
00-0036945,J.Fields,QB,CHI,2022,23.49,15,192,318,2242.0,17,11.0,160,1143.0,8,0,0,0.0,0,295.98,1143.0,1999-03-05
00-0036945,J.Fields,QB,CHI,2023,24.49,13,227,370,2562.0,16,9.0,124,657.0,4,0,0,0.0,0,230.18,657.0,1999-03-05
00-0036945,J.Fields,QB,PIT,2024,25.49,11,106,162,1106.0,5,1.0,62,289.0,5,0,0,0.0,0,119.14,289.0,1999-03-05
00-0026158,J.Flacco,QB,DEN,2019,34.63,8,171,262,1822.0,6,5.0,12,20.0,0,0,0,0.0,0,84.880005,20.0,1985-01-16
00-0026158,J.Flacco,QB,NYJ,2020,35.63,5,74,134,864.0,6,3.0,6,22.0,0,0,0,0.0,0,54.760002,22.0,1985-01-16
00-0026158,J.Flacco,QB,NYJ,2021,36.63,2,27,42,338.0,3,0.0,2,3.0,0,0,0,0.0,0,23.82,3.0,1985-01-16
00-0026158,J.Flacco,QB,NYJ,2022,37.63,5,110,191,1051.0,5,3.0,3,6.0,0,0,0,0.0,0,48.64,6.0,1985-01-16
00-0026158,J.Flacco,QB,CLE,2023,38.63,6,157,250,1923.0,14,10.0,12,15.0,0,0,0,0.0,0,114.42,15.0,1985-01-16
00-0026158,J.Flacco,QB,IND,2024,39.63,7,162,248,1761.0,12,7.0,9,26.0,0,0,0,0.0,0,99.04,26.0,1985-01-16
00-0036197,J.Fromm,QB,NYG,2021,23.09,3,27,60,210.0,1,3.0,8,65.0,0,0,0,0.0,0,10.9,65.0,1998-07-30
00-0031345,J.Garoppolo,QB,SF,2019,27.83,19,366,534,4405.0,29,16.0,56,63.0,1,0,0,0.0,0,266.5,63.0,1991-11-02
00-0031345,J.Garoppolo,QB,SF,2020,28.83,6,94,140,1096.0,7,5.0,10,25.0,0,0,0,0.0,0,64.340004,25.0,1991-11-02
00-0031345,J.Garoppolo,QB,SF,2021,29.83,18,344,515,4345.0,22,15.0,40,56.0,3,0,0,0.0,0,251.4,56.0,1991-11-02
00-0031345,J.Garoppolo,QB,SF,2022,30.83,11,207,308,2437.0,16,4.0,23,33.0,2,0,0,0.0,0,164.78,33.0,1991-11-02
00-0031345,J.Garoppolo,QB,LV,2023,31.83,7,110,169,1205.0,7,9.0,20,39.0,0,0,0,0.0,0,64.1,39.0,1991-11-02
00-0031345,J.Garoppolo,QB,LA,2024,32.83,1,27,41,334.0,2,1.0,2,5.0,0,0,0,0.0,0,19.86,5.0,1991-11-02
00-0033106,J.Goff,QB,LA,2019,24.88,16,394,626,4638.0,22,16.0,33,40.0,2,0,0,0.0,0,247.52,40.0,1994-10-14
00-0033106,J.Goff,QB,LA,2020,25.88,17,400,598,4281.0,22,13.0,56,109.0,4,0,0,0.0,0,264.14,109.0,1994-10-14
00-0033106,J.Goff,QB,DET,2021,26.88,14,332,494,3245.0,19,8.0,17,87.0,0,0,0,0.0,0,194.5,87.0,1994-10-14
00-0033106,J.Goff,QB,DET,2022,27.88,17,382,587,4438.0,29,7.0,29,73.0,0,1,1,5.0,0,284.32,78.0,1994-10-14
00-0033106,J.Goff,QB,DET,2023,28.88,20,484,716,5412.0,34,12.0,41,24.0,2,0,0,0.0,0,338.88,24.0,1994-10-14
00-0033106,J.Goff,QB,DET,2024,29.88,18,413,579,4942.0,38,15.0,36,63.0,0,1,1,7.0,1,333.68,70.0,1994-10-14
00-0038998,J.Haener,QB,NO,2024,25.48,8,18,39,226.0,1,1.0,11,22.0,0,0,0,0.0,0,13.24,22.0,1999-03-10
00-0038598,J.Hall,QB,MIN,2023,25.44,3,13,20,168.0,0,1.0,6,14.0,0,0,0,0.0,0,2.12,14.0,1998-03-24
00-0036355,J.Herbert,QB,LAC,2020,22.48,15,396,595,4336.0,31,10.0,55,234.0,5,0,0,0.0,0,332.84,234.0,1998-03-10
00-0036355,J.Herbert,QB,LAC,2021,23.48,17,443,672,5014.0,38,15.0,63,302.0,3,0,0,0.0,0,382.76,302.0,1998-03-10
00-0036355,J.Herbert,QB,LAC,2022,24.48,18,502,742,5012.0,26,10.0,57,159.0,0,2,2,-10.0,0,297.38,149.0,1998-03-10
00-0036355,J.Herbert,QB,LAC,2023,25.48,13,297,456,3134.0,20,7.0,52,228.0,3,1,1,10.0,0,234.16,238.0,1998-03-10
00-0036355,J.Herbert,QB,LAC,2024,26.48,18,346,536,4112.0,24,7.0,69,306.0,2,0,0,0.0,0,291.08002,306.0,1998-03-10
00-0036389,J.Hurts,QB,PHI,2020,22.07,14,77,148,1061.0,6,4.0,63,354.0,3,1,1,3.0,0,109.14,357.0,1998-08-07
00-0036389,J.Hurts,QB,PHI,2021,23.07,16,288,475,3402.0,17,11.0,147,823.0,10,1,0,0.0,0,328.38,823.0,1998-08-07
00-0036389,J.Hurts,QB,PHI,2022,24.07,18,364,547,4280.0,25,6.0,200,903.0,18,0,0,0.0,0,457.5,903.0,1998-08-07
00-0036389,J.Hurts,QB,PHI,2023,25.07,18,377,573,4108.0,24,15.0,158,610.0,15,0,0,0.0,0,371.32,610.0,1998-08-07
00-0036389,J.Hurts,QB,PHI,2024,26.07,19,313,452,3629.0,23,6.0,184,824.0,19,0,0,0.0,0,411.56,824.0,1998-08-07
00-0026300,J.Johnson,QB,NYJ,2021,35.3,4,57,85,638.0,5,2.0,9,28.0,0,0,0,0.0,0,46.32,28.0,1986-05-15
00-0026300,J.Johnson,QB,SF,2022,36.3,2,8,15,84.0,0,0.0,4,5.0,0,0,0,0.0,0,1.8599999,5.0,1986-05-15
00-0026300,J.Johnson,QB,BAL,2024,38.3,4,2,3,17.0,0,0.0,4,1.0,0,0,0,0.0,0,0.78,1.0,1986-05-15
00-0036264,J.Love,QB,GB,2021,22.83,6,36,62,411.0,2,3.0,12,27.0,0,0,0,0.0,0,21.14,27.0,1998-11-02
00-0036264,J.Love,QB,GB,2022,23.83,4,14,21,195.0,1,0.0,1,-1.0,0,0,0,0.0,0,11.700001,-1.0,1998-11-02
00-0036264,J.Love,QB,GB,2023,24.83,19,409,634,4625.0,37,13.0,56,249.0,4,0,0,0.0,0,355.9,249.0,1998-11-02
00-0036264,J.Love,QB,GB,2024,25.83,16,288,458,3601.0,25,14.0,27,93.0,1,0,0,0.0,0,237.34,93.0,1998-11-02
00-0035161,J.Lovett,QB,GB,2020,24.35,1,0,0,0.0,0,0.0,3,6.0,0,0,0,0.0,0,0.6,6.0,1996-04-25
00-0036312,J.Luton,QB,JAX,2020,24.39,3,60,110,624.0,2,6.0,1,13.0,1,0,0,0.0,0,28.259998,13.0,1996-04-11
00-0021206,J.McCown,QB,PHI,2019,40.16,3,21,29,198.0,0,0.0,7,21.0,0,0,0,0.0,0,10.02,21.0,1979-07-04
00-0039398,J.Milton,QB,NE,2024,24.49,1,22,29,241.0,1,0.0,10,16.0,1,0,0,0.0,0,19.24,16.0,2000-03-06
00-0034343,J.Rosen,QB,MIA,2019,22.56,5,58,109,567.0,1,5.0,3,13.0,0,0,0,0.0,0,17.98,13.0,1997-02-10
00-0034343,J.Rosen,QB,ATL,2021,24.56,3,2,11,19.0,0,2.0,0,0.0,0,0,0,0.0,0,-3.24,0.0,1997-02-10
00-0035264,J.Stidham,QB,NE,2019,23.07,3,2,4,14.0,0,1.0,2,-2.0,0,0,0,0.0,0,-1.6400001,-2.0,1996-08-08
00-0035264,J.Stidham,QB,NE,2020,24.07,5,22,44,256.0,2,3.0,7,7.0,0,0,0,0.0,0,12.94,7.0,1996-08-08
00-0035264,J.Stidham,QB,LV,2022,26.07,3,53,83,656.0,4,3.0,14,84.0,0,0,0,0.0,0,42.64,84.0,1996-08-08
00-0035264,J.Stidham,QB,DEN,2023,27.07,2,40,66,496.0,2,1.0,9,8.0,0,0,0,0.0,0,26.64,8.0,1996-08-08
00-0035264,J.Stidham,QB,DEN,2024,28.07,2,0,0,0.0,0,0.0,4,5.0,0,0,0,0.0,0,0.5,5.0,1996-08-08
00-0031503,J.Winston,QB,TB,2019,25.65,16,380,626,5109.0,33,30.0,59,250.0,1,0,0,0.0,0,305.36002,250.0,1994-01-06
00-0031503,J.Winston,QB,NO,2020,26.65,4,8,12,131.0,1,0.0,8,-6.0,0,0,0,0.0,0,8.639999,-6.0,1994-01-06
00-0031503,J.Winston,QB,NO,2021,27.65,7,95,161,1170.0,14,3.0,32,166.0,1,0,0,0.0,0,117.4,166.0,1994-01-06
00-0031503,J.Winston,QB,NO,2022,28.65,3,73,115,858.0,4,5.0,5,16.0,0,0,0,0.0,0,43.92,16.0,1994-01-06
00-0031503,J.Winston,QB,NO,2023,29.65,6,25,47,264.0,2,3.0,5,-6.0,0,0,0,0.0,0,11.96,-6.0,1994-01-06
00-0031503,J.Winston,QB,CLE,2024,30.65,11,181,296,2121.0,13,12.0,25,83.0,1,0,0,0.0,0,131.14,83.0,1994-01-06
00-0034899,J.Wolford,QB,LA,2020,24.88,2,25,44,260.0,0,1.0,7,58.0,0,0,0,0.0,0,14.2,58.0,1995-10-16
00-0034899,J.Wolford,QB,LA,2021,25.88,2,1,4,5.0,0,1.0,2,-1.0,0,0,0,0.0,0,-1.8999999,-1.0,1995-10-16
00-0034899,J.Wolford,QB,LA,2022,26.88,2,38,62,390.0,1,3.0,8,32.0,0,0,0,0.0,0,14.799999,32.0,1995-10-16
00-0034577,K.Allen,QB,CAR,2019,23.48,13,303,489,3322.0,17,16.0,32,106.0,2,0,0,0.0,0,177.48,106.0,1996-03-08
00-0034577,K.Allen,QB,WAS,2020,24.48,4,60,87,610.0,4,1.0,7,26.0,1,0,0,0.0,0,45.0,26.0,1996-03-08
00-0034577,K.Allen,QB,WAS,2021,25.48,2,12,19,120.0,1,0.0,2,11.0,0,0,0,0.0,0,7.8999996,11.0,1996-03-08
00-0034577,K.Allen,QB,HOU,2022,26.48,2,46,78,416.0,2,4.0,6,13.0,0,0,0,0.0,0,15.940001,13.0,1996-03-08
00-0034577,K.Allen,QB,BUF,2023,27.48,6,0,0,0.0,0,0.0,13,-13.0,0,0,0,0.0,0,-1.3000001,-13.0,1996-03-08
00-0034577,K.Allen,QB,PIT,2024,28.48,1,1,1,19.0,0,0.0,0,0.0,0,0,0,0.0,0,0.76,0.0,1996-03-08
00-0034131,K.Benkert,QB,GB,2021,26.12,1,0,0,0.0,0,0.0,2,-1.0,0,0,0,0.0,0,-0.1,-1.0,1995-07-17
00-0029604,K.Cousins,QB,MIN,2019,31.04,17,347,504,4017.0,28,7.0,33,62.0,1,1,0,0.0,0,266.88,62.0,1988-08-19
00-0029604,K.Cousins,QB,MIN,2020,32.04,16,349,516,4265.0,35,13.0,32,156.0,1,0,0,0.0,0,306.2,156.0,1988-08-19
00-0029604,K.Cousins,QB,MIN,2021,33.04,16,372,561,4221.0,33,7.0,29,115.0,1,0,0,0.0,0,300.34,115.0,1988-08-19
00-0029604,K.Cousins,QB,MIN,2022,34.04,18,455,682,4820.0,31,14.0,32,98.0,3,1,1,-2.0,0,317.4,96.0,1988-08-19
00-0029604,K.Cousins,QB,MIN,2023,35.04,8,216,311,2331.0,18,5.0,14,25.0,0,0,0,0.0,0,149.74,25.0,1988-08-19
00-0029604,K.Cousins,QB,ATL,2024,36.04,14,303,453,3508.0,18,16.0,23,0.0,0,0,0,0.0,0,176.32,0.0,1988-08-19
00-0036946,K.Mond,QB,MIN,2021,22.19,1,2,3,5.0,0,0.0,0,0.0,0,0,0,0.0,0,0.2,0.0,1999-06-22
00-0035228,K.Murray,QB,ARI,2019,22.07,16,346,539,3752.0,20,12.0,92,539.0,4,0,0,0.0,0,285.98,539.0,1997-08-07
00-0035228,K.Murray,QB,ARI,2020,23.07,16,375,558,3971.0,26,12.0,133,819.0,11,0,0,0.0,0,378.74,819.0,1997-08-07
00-0035228,K.Murray,QB,ARI,2021,24.07,15,352,515,3924.0,24,12.0,90,429.0,5,0,0,0.0,0,303.86002,429.0,1997-08-07
00-0035228,K.Murray,QB,ARI,2022,25.07,11,259,390,2368.0,14,7.0,67,418.0,3,0,0,0.0,0,200.52,418.0,1997-08-07
00-0035228,K.Murray,QB,ARI,2023,26.07,8,176,268,1799.0,10,5.0,44,244.0,3,0,0,0.0,0,146.36,244.0,1997-08-07
00-0035228,K.Murray,QB,ARI,2024,27.07,17,372,541,3851.0,21,11.0,78,572.0,5,0,0,0.0,0,297.24,572.0,1997-08-07
00-0038102,K.Pickett,QB,PIT,2022,24.24,13,245,389,2404.0,7,9.0,55,237.0,3,0,0,0.0,0,149.86,237.0,1998-06-06
00-0038102,K.Pickett,QB,PIT,2023,25.24,12,201,324,2070.0,6,4.0,42,54.0,1,0,0,0.0,0,110.2,54.0,1998-06-06
00-0038102,K.Pickett,QB,PHI,2024,26.24,7,25,43,291.0,2,1.0,14,8.0,1,0,0,0.0,0,24.44,8.0,1998-06-06
00-0036928,K.Trask,QB,TB,2022,24.49,1,3,9,23.0,0,0.0,0,0.0,0,0,0,0.0,0,0.92,0.0,1998-03-06
00-0036928,K.Trask,QB,TB,2023,25.49,2,0,1,0.0,0,0.0,1,-1.0,0,0,0,0.0,0,-0.1,-1.0,1998-03-06
00-0036928,K.Trask,QB,TB,2024,26.49,3,1,1,5.0,0,0.0,5,-4.0,0,0,0,0.0,0,-0.2,-4.0,1998-03-06
00-0034412,L.Falk,QB,NYJ,2019,24.68,3,47,73,416.0,0,3.0,0,0.0,0,0,0,0.0,0,8.64,0.0,1994-12-28
00-0034796,L.Jackson,QB,BAL,2019,22.65,16,296,460,3492.0,37,8.0,196,1349.0,7,0,0,0.0,0,442.58,1349.0,1997-01-07
00-0034796,L.Jackson,QB,BAL,2020,23.65,17,273,424,3098.0,26,11.0,184,1175.0,8,0,0,0.0,0,365.41998,1175.0,1997-01-07
00-0034796,L.Jackson,QB,BAL,2021,24.65,12,246,382,2882.0,16,13.0,133,767.0,2,0,0,0.0,0,239.98,767.0,1997-01-07
00-0034796,L.Jackson,QB,BAL,2022,25.65,12,203,326,2242.0,17,7.0,112,764.0,3,0,0,0.0,0,236.08,764.0,1997-01-07
00-0034796,L.Jackson,QB,BAL,2023,26.65,18,343,516,4102.0,27,8.0,167,975.0,7,1,1,13.0,0,385.88,988.0,1997-01-07
00-0034796,L.Jackson,QB,BAL,2024,27.65,19,350,520,4601.0,45,5.0,160,1035.0,4,0,0,0.0,0,471.53998,1035.0,1997-01-07
00-0034438,L.Woodside,QB,TEN,2020,25.6,5,1,3,7.0,0,0.0,7,10.0,0,0,0,0.0,0,1.28,10.0,1995-01-27
00-0034438,L.Woodside,QB,TEN,2021,26.6,4,0,0,0.0,0,0.0,6,-6.0,0,0,0,0.0,0,-0.6,-6.0,1995-01-27
00-0034438,L.Woodside,QB,ATL,2023,28.6,1,3,4,27.0,0,1.0,1,6.0,0,0,0,0.0,0,-0.32,6.0,1995-01-27
00-0030533,M.Barkley,QB,BUF,2019,28.98,2,27,51,359.0,0,3.0,2,-4.0,0,0,0,0.0,0,5.96,-4.0,1990-09-08
00-0030533,M.Barkley,QB,BUF,2020,29.98,4,11,21,197.0,1,1.0,6,-6.0,0,0,0,0.0,0,9.280001,-6.0,1990-09-08
00-0030533,M.Barkley,QB,JAX,2023,32.98,1,0,0,0.0,0,0.0,3,-3.0,0,0,0,0.0,0,-0.3,-3.0,1990-09-08
00-0030520,M.Glennon,QB,LV,2019,29.72,2,6,10,56.0,1,0.0,2,0.0,0,0,0,0.0,0,4.24,0.0,1989-12-12
00-0030520,M.Glennon,QB,JAX,2020,30.72,5,111,179,1072.0,7,5.0,6,17.0,0,0,0,0.0,0,60.579998,17.0,1989-12-12
00-0030520,M.Glennon,QB,NYG,2021,31.72,6,90,167,790.0,4,10.0,7,33.0,1,0,0,0.0,0,30.900002,33.0,1989-12-12
00-0036972,M.Jones,QB,NE,2021,22.99,18,376,559,4033.0,24,15.0,46,147.0,0,0,0,0.0,0,240.02,147.0,1998-09-05
00-0036972,M.Jones,QB,NE,2022,23.99,14,288,442,2997.0,14,11.0,47,102.0,1,0,0,0.0,0,170.08,102.0,1998-09-05
00-0036972,M.Jones,QB,NE,2023,24.99,11,224,345,2120.0,10,12.0,26,96.0,0,0,0,0.0,0,106.4,96.0,1998-09-05
00-0036972,M.Jones,QB,JAX,2024,25.99,10,171,262,1672.0,8,8.0,28,92.0,1,0,0,0.0,0,96.08,92.0,1998-09-05
00-0032268,M.Mariota,QB,TEN,2019,25.84,9,96,161,1207.0,7,2.0,25,134.0,0,0,0,0.0,0,85.68,134.0,1993-10-30
00-0032268,M.Mariota,QB,LV,2020,26.84,1,17,28,226.0,1,1.0,9,88.0,1,0,0,0.0,0,25.84,88.0,1993-10-30
00-0032268,M.Mariota,QB,LV,2021,27.84,7,1,2,4.0,0,0.0,13,87.0,1,0,0,0.0,0,14.860001,87.0,1993-10-30
00-0032268,M.Mariota,QB,ATL,2022,28.84,13,184,300,2219.0,15,9.0,85,438.0,4,0,0,0.0,0,196.56,438.0,1993-10-30
00-0032268,M.Mariota,QB,PHI,2023,29.84,2,15,23,164.0,1,1.0,8,52.0,0,0,0,0.0,0,11.76,52.0,1993-10-30
00-0032268,M.Mariota,QB,WAS,2024,30.84,5,34,44,364.0,4,0.0,20,93.0,1,0,0,0.0,0,45.86,93.0,1993-10-30
00-0025708,M.Moore,QB,KC,2019,35.06,6,59,91,659.0,4,0.0,5,-1.0,0,0,0,0.0,0,42.26,-1.0,1984-08-09
00-0039917,M.Penix,QB,ATL,2024,24.32,5,61,105,775.0,3,3.0,7,11.0,1,0,0,0.0,0,44.1,11.0,2000-05-08
00-0034771,M.Rudolph,QB,PIT,2019,24.21,10,176,283,1765.0,13,9.0,21,42.0,0,0,0,0.0,0,108.8,42.0,1995-06-17
00-0034771,M.Rudolph,QB,PIT,2019,24.12,10,176,283,1765.0,13,9.0,21,42.0,0,0,0,0.0,0,108.8,42.0,1995-07-17
00-0034771,M.Rudolph,QB,PIT,2020,25.21,4,25,43,324.0,2,1.0,7,-6.0,0,0,0,0.0,0,18.36,-6.0,1995-06-17
00-0034771,M.Rudolph,QB,PIT,2020,25.12,4,25,43,324.0,2,1.0,7,-6.0,0,0,0,0.0,0,18.36,-6.0,1995-07-17
00-0034771,M.Rudolph,QB,PIT,2021,26.21,2,35,58,277.0,1,1.0,5,53.0,0,0,0,0.0,0,18.38,53.0,1995-06-17
00-0034771,M.Rudolph,QB,PIT,2021,26.12,2,35,58,277.0,1,1.0,5,53.0,0,0,0,0.0,0,18.38,53.0,1995-07-17
00-0034771,M.Rudolph,QB,PIT,2023,28.21,5,77,113,948.0,5,1.0,12,24.0,0,0,0,0.0,0,56.32,24.0,1995-06-17
00-0034771,M.Rudolph,QB,PIT,2023,28.12,5,77,113,948.0,5,1.0,12,24.0,0,0,0,0.0,0,56.32,24.0,1995-07-17
00-0034771,M.Rudolph,QB,TEN,2024,29.21,8,146,228,1530.0,9,9.0,25,106.0,1,0,0,0.0,0,95.8,106.0,1995-06-17
00-0034771,M.Rudolph,QB,TEN,2024,29.12,8,146,228,1530.0,9,9.0,25,106.0,1,0,0,0.0,0,95.8,106.0,1995-07-17
00-0026143,M.Ryan,QB,ATL,2019,34.29,15,408,616,4466.0,26,14.0,34,147.0,1,0,0,0.0,0,267.34,147.0,1985-05-17
00-0026143,M.Ryan,QB,ATL,2020,35.29,16,407,626,4581.0,26,11.0,29,92.0,2,0,0,0.0,0,282.44,92.0,1985-05-17
00-0026143,M.Ryan,QB,ATL,2021,36.29,17,375,560,3968.0,20,12.0,40,82.0,1,0,0,0.0,0,222.92,82.0,1985-05-17
00-0026143,M.Ryan,QB,IND,2022,37.29,12,309,461,3057.0,14,13.0,27,70.0,1,0,0,0.0,0,155.28,70.0,1985-05-17
00-0022787,M.Schaub,QB,ATL,2019,38.19,5,50,67,580.0,3,1.0,3,-3.0,0,0,0,0.0,0,32.899998,-3.0,1981-06-25
00-0022787,M.Schaub,QB,ATL,2020,39.19,1,0,0,0.0,0,0.0,3,-4.0,0,0,0,0.0,0,-0.4,-4.0,1981-06-25
00-0026498,M.Stafford,QB,DET,2019,31.57,8,187,291,2499.0,19,5.0,20,66.0,0,0,0,0.0,0,166.56,66.0,1988-02-07
00-0026498,M.Stafford,QB,DET,2020,32.57,16,339,528,4084.0,26,10.0,29,112.0,0,1,0,0.0,0,260.56,112.0,1988-02-07
00-0026498,M.Stafford,QB,LA,2021,33.57,21,502,741,6074.0,50,20.0,50,85.0,2,1,0,0.0,0,423.46,85.0,1988-02-07
00-0026498,M.Stafford,QB,LA,2022,34.57,9,206,303,2087.0,10,8.0,13,9.0,1,0,0,0.0,0,108.38,9.0,1988-02-07
00-0026498,M.Stafford,QB,LA,2023,35.57,16,351,557,4332.0,26,11.0,21,65.0,0,0,0,0.0,0,265.78,65.0,1988-02-07
00-0026498,M.Stafford,QB,LA,2024,36.57,18,385,588,4295.0,24,8.0,34,45.0,0,0,0,0.0,0,250.29999,45.0,1988-02-07
00-0033869,M.Trubisky,QB,CHI,2019,25.03,15,326,516,3138.0,17,10.0,48,193.0,2,0,0,0.0,0,202.82,193.0,1994-08-20
00-0033869,M.Trubisky,QB,CHI,2020,26.03,11,218,326,2254.0,17,8.0,36,205.0,1,0,0,0.0,0,166.66,205.0,1994-08-20
00-0033869,M.Trubisky,QB,BUF,2021,27.03,6,6,8,43.0,0,1.0,16,22.0,1,0,0,0.0,0,7.92,22.0,1994-08-20
00-0033869,M.Trubisky,QB,PIT,2022,28.03,7,117,180,1252.0,4,5.0,19,38.0,2,0,0,0.0,0,73.88,38.0,1994-08-20
00-0033869,M.Trubisky,QB,PIT,2023,29.03,5,67,107,632.0,4,5.0,16,54.0,2,0,0,0.0,0,48.68,54.0,1994-08-20
00-0033869,M.Trubisky,QB,BUF,2024,30.03,9,19,26,179.0,2,0.0,20,-2.0,0,0,0,0.0,0,14.96,-2.0,1994-08-20
00-0034401,M.White,QB,NYJ,2021,26.44,4,88,132,953.0,5,8.0,5,-1.0,0,0,0,0.0,0,44.02,-1.0,1995-03-25
00-0034401,M.White,QB,NYJ,2022,27.44,4,103,175,1192.0,3,4.0,6,9.0,1,0,0,0.0,0,56.579998,9.0,1995-03-25
00-0034401,M.White,QB,MIA,2023,28.44,6,5,6,74.0,1,1.0,8,-9.0,0,0,0,0.0,0,2.06,-9.0,1995-03-25
00-0034401,M.White,QB,BUF,2024,29.44,1,3,11,28.0,0,0.0,0,0.0,0,0,0,0.0,0,1.12,0.0,1995-03-25
00-0038128,M.Willis,QB,TEN,2022,23.27,7,31,61,276.0,0,3.0,27,123.0,1,0,0,0.0,0,19.34,123.0,1999-05-25
00-0038128,M.Willis,QB,TEN,2023,24.27,2,4,5,74.0,0,0.0,5,21.0,0,0,0,0.0,0,3.06,21.0,1999-05-25
00-0038128,M.Willis,QB,GB,2024,25.27,6,40,54,550.0,3,0.0,20,138.0,1,0,0,0.0,0,51.8,138.0,1999-05-25
00-0029567,N.Foles,QB,JAX,2019,30.62,4,77,117,736.0,3,2.0,4,23.0,0,0,0,0.0,0,37.74,23.0,1989-01-20
00-0029567,N.Foles,QB,CHI,2020,31.62,9,202,312,1852.0,10,8.0,16,1.0,1,0,0,0.0,0,104.18,1.0,1989-01-20
00-0029567,N.Foles,QB,CHI,2021,32.62,1,24,35,250.0,1,0.0,4,8.0,0,0,0,0.0,0,16.8,8.0,1989-01-20
00-0029567,N.Foles,QB,IND,2022,33.62,2,25,42,225.0,0,4.0,2,8.0,0,0,0,0.0,0,1.8,8.0,1989-01-20
00-0033319,N.Mullens,QB,SF,2019,24.45,1,0,0,0.0,0,0.0,3,-3.0,0,0,0,0.0,0,-0.3,-3.0,1995-03-21
00-0033319,N.Mullens,QB,SF,2020,25.45,10,211,326,2437.0,12,12.0,9,8.0,0,0,0,0.0,0,116.28,8.0,1995-03-21
00-0033319,N.Mullens,QB,CLE,2021,26.45,1,20,30,147.0,1,0.0,0,0.0,0,0,0,0.0,0,9.88,0.0,1995-03-21
00-0033319,N.Mullens,QB,MIN,2022,27.45,4,21,25,224.0,1,1.0,4,8.0,0,0,0,0.0,0,11.76,8.0,1995-03-21
00-0033319,N.Mullens,QB,MIN,2023,28.45,5,100,148,1306.0,7,8.0,10,25.0,0,0,0,0.0,0,66.740005,25.0,1995-03-21
00-0033319,N.Mullens,QB,MIN,2024,29.45,4,2,2,38.0,0,0.0,3,-2.0,0,0,0,0.0,0,1.3199999,-2.0,1995-03-21
00-0033958,N.Peterman,QB,LV,2020,26.33,1,3,5,25.0,0,0.0,1,9.0,0,0,0,0.0,0,1.9,9.0,1994-05-04
00-0033958,N.Peterman,QB,LV,2021,27.33,1,0,0,0.0,0,0.0,2,2.0,0,0,0,0.0,0,0.2,2.0,1994-05-04
00-0033958,N.Peterman,QB,CHI,2022,28.33,3,14,25,139.0,1,1.0,2,7.0,0,0,0,0.0,0,8.26,7.0,1994-05-04
00-0033958,N.Peterman,QB,CHI,2023,29.33,1,0,0,0.0,0,0.0,2,-4.0,0,0,0,0.0,0,-0.4,-4.0,1994-05-04
00-0032792,N.Sudfeld,QB,PHI,2020,26.9,1,5,12,32.0,0,1.0,2,12.0,0,0,0,0.0,0,-1.52,12.0,1993-10-07
00-0032792,N.Sudfeld,QB,DET,2022,28.9,2,0,0,0.0,0,0.0,5,-4.0,0,0,0,0.0,0,-0.4,-4.0,1993-10-07
00-0033873,P.Mahomes,QB,KC,2019,23.96,17,391,596,4932.0,36,7.0,67,353.0,4,0,0,0.0,0,384.58002,353.0,1995-09-17
00-0033873,P.Mahomes,QB,KC,2020,24.96,18,466,705,5590.0,42,8.0,75,360.0,3,2,0,0.0,0,431.6,360.0,1995-09-17
00-0033873,P.Mahomes,QB,KC,2021,25.96,20,525,780,5896.0,48,16.0,79,498.0,3,0,0,0.0,0,459.64,498.0,1995-09-17
00-0033873,P.Mahomes,QB,KC,2022,26.96,20,507,748,5953.0,48,12.0,73,418.0,4,1,1,6.0,0,477.52002,424.0,1995-09-17
00-0033873,P.Mahomes,QB,KC,2023,27.96,20,505,746,5234.0,33,15.0,98,530.0,0,0,0,0.0,0,358.36,530.0,1995-09-17
00-0033873,P.Mahomes,QB,KC,2024,28.96,19,447,664,4607.0,31,13.0,80,389.0,4,1,1,2.0,0,348.38,391.0,1995-09-17
00-0022942,P.Rivers,QB,LAC,2019,37.73,16,390,591,4615.0,23,20.0,12,29.0,0,0,0,0.0,0,235.5,29.0,1981-12-08
00-0022942,P.Rivers,QB,IND,2020,38.73,17,396,589,4478.0,26,11.0,19,-9.0,0,0,0,0.0,0,262.22,-9.0,1981-12-08
00-0033275,P.Walker,QB,CAR,2020,25.52,4,32,56,368.0,1,5.0,5,-2.0,0,1,0,0.0,0,8.52,-2.0,1995-02-26
00-0033275,P.Walker,QB,CAR,2021,26.52,5,36,66,362.0,1,3.0,7,13.0,0,0,0,0.0,0,13.780001,13.0,1995-02-26
00-0033275,P.Walker,QB,CAR,2022,27.52,6,63,106,731.0,3,3.0,6,39.0,0,0,0,0.0,0,39.14,39.0,1995-02-26
00-0033275,P.Walker,QB,CLE,2023,28.52,5,54,111,674.0,1,5.0,13,30.0,0,0,0,0.0,0,19.96,30.0,1995-02-26
00-0035652,R.Finley,QB,CIN,2019,24.68,3,41,87,474.0,2,2.0,10,77.0,0,0,0,0.0,0,24.66,77.0,1994-12-26
00-0035652,R.Finley,QB,CIN,2020,25.68,4,17,32,164.0,1,2.0,11,66.0,1,0,0,0.0,0,19.16,66.0,1994-12-26
00-0023682,R.Fitzpatrick,QB,MIA,2019,36.77,15,311,502,3529.0,20,13.0,54,243.0,4,0,0,0.0,0,241.45999,243.0,1982-11-24
00-0023682,R.Fitzpatrick,QB,MIA,2020,37.77,9,183,267,2091.0,13,8.0,30,151.0,2,1,1,0.0,0,153.74,151.0,1982-11-24
00-0023682,R.Fitzpatrick,QB,WAS,2021,38.77,1,3,6,13.0,0,0.0,1,2.0,0,0,0,0.0,0,0.72,2.0,1982-11-24
00-0029665,R.Griffin,QB,BAL,2019,29.55,6,23,38,225.0,1,2.0,20,61.0,0,0,0,0.0,0,15.1,61.0,1990-02-12
00-0029857,R.Griffin,QB,TB,2019,29.79,2,2,4,18.0,0,0.0,4,-1.0,0,0,0,0.0,0,0.62,-1.0,1989-11-17
00-0029665,R.Griffin,QB,BAL,2020,30.55,4,8,14,42.0,0,2.0,12,69.0,0,0,0,0.0,0,2.58,69.0,1990-02-12
00-0029701,R.Tannehill,QB,TEN,2019,31.1,15,237,346,3111.0,27,7.0,56,220.0,5,0,0,0.0,0,266.44,220.0,1988-07-27
00-0029701,R.Tannehill,QB,TEN,2020,32.1,17,333,507,3984.0,35,8.0,45,272.0,7,2,2,-10.0,0,357.56,262.0,1988-07-27
00-0029701,R.Tannehill,QB,TEN,2021,33.1,18,372,555,3954.0,23,17.0,58,282.0,7,0,0,0.0,0,280.36,282.0,1988-07-27
00-0029701,R.Tannehill,QB,TEN,2022,34.1,12,212,325,2536.0,14,6.0,34,98.0,2,0,0,0.0,0,165.24,98.0,1988-07-27
00-0029701,R.Tannehill,QB,TEN,2023,35.1,9,149,230,1616.0,4,7.0,17,74.0,1,1,0,0.0,0,80.04,74.0,1988-07-27
00-0029263,R.Wilson,QB,SEA,2019,30.76,18,380,577,4712.0,33,5.0,91,451.0,3,0,0,0.0,0,371.58,451.0,1988-11-29
00-0029263,R.Wilson,QB,SEA,2020,31.76,17,395,585,4386.0,42,14.0,87,563.0,2,0,0,0.0,0,377.74,563.0,1988-11-29
00-0029263,R.Wilson,QB,SEA,2021,32.76,14,259,400,3113.0,25,6.0,43,183.0,2,0,0,0.0,0,242.82,183.0,1988-11-29
00-0029263,R.Wilson,QB,DEN,2022,33.76,15,292,483,3524.0,16,11.0,55,277.0,3,1,1,1.0,0,225.76,278.0,1988-11-29
00-0029263,R.Wilson,QB,DEN,2023,34.76,15,297,447,3070.0,26,8.0,80,341.0,3,0,0,0.0,0,256.9,341.0,1988-11-29
00-0029263,R.Wilson,QB,PIT,2024,35.76,12,234,365,2752.0,18,5.0,46,161.0,2,0,0,0.0,0,192.18001,161.0,1988-11-29
00-0038391,S.Clifford,QB,GB,2023,25.13,2,1,1,37.0,0,0.0,3,-2.0,0,0,0,0.0,0,1.28,-2.0,1998-07-14
00-0034869,S.Darnold,QB,NYJ,2019,22.24,13,273,441,3024.0,19,13.0,33,62.0,2,0,0,0.0,0,189.16,62.0,1997-06-05
00-0034869,S.Darnold,QB,NYJ,2020,23.24,12,217,364,2208.0,9,11.0,37,217.0,2,0,0,0.0,0,134.02,217.0,1997-06-05
00-0034869,S.Darnold,QB,CAR,2021,24.24,12,243,406,2527.0,9,13.0,48,222.0,5,0,0,0.0,0,157.28,222.0,1997-06-05
00-0034869,S.Darnold,QB,CAR,2022,25.24,6,82,140,1143.0,7,3.0,26,106.0,2,0,0,0.0,0,86.32,106.0,1997-06-05
00-0034869,S.Darnold,QB,SF,2023,26.24,10,28,46,297.0,2,1.0,21,15.0,1,0,0,0.0,0,23.38,15.0,1997-06-05
00-0034869,S.Darnold,QB,MIN,2024,27.24,18,386,585,4564.0,36,13.0,71,231.0,1,0,0,0.0,0,319.66,231.0,1997-06-05
00-0036879,S.Ehlinger,QB,IND,2021,22.92,3,0,0,0.0,0,0.0,3,9.0,0,0,0,0.0,0,0.9,9.0,1998-09-30
00-0036879,S.Ehlinger,QB,IND,2022,23.92,4,64,101,573.0,3,3.0,17,87.0,0,0,0,0.0,0,35.62,87.0,1998-09-30
00-0037077,S.Howell,QB,WAS,2022,21.79,1,11,19,169.0,1,1.0,5,35.0,1,0,0,0.0,0,18.26,35.0,2000-11-16
00-0037077,S.Howell,QB,WAS,2022,21.96,1,11,19,169.0,1,1.0,5,35.0,1,0,0,0.0,0,18.26,35.0,2000-09-16
00-0037077,S.Howell,QB,WAS,2023,22.79,17,388,612,3946.0,21,21.0,48,263.0,5,1,1,4.0,0,257.54,267.0,2000-11-16
00-0037077,S.Howell,QB,WAS,2023,22.96,17,388,612,3946.0,21,21.0,48,263.0,5,1,1,4.0,0,257.54,267.0,2000-09-16
00-0037077,S.Howell,QB,SEA,2024,23.79,1,5,14,24.0,0,1.0,1,2.0,0,0,0,0.0,0,-0.84,2.0,2000-11-16
00-0037077,S.Howell,QB,SEA,2024,23.96,1,5,14,24.0,0,1.0,1,2.0,0,0,0,0.0,0,-0.84,2.0,2000-09-16
00-0032245,S.Mannion,QB,MIN,2019,27.35,3,12,21,126.0,0,2.0,6,-5.0,0,0,0,0.0,0,-1.46,-5.0,1992-04-25
00-0032245,S.Mannion,QB,MIN,2021,29.35,1,22,36,189.0,1,0.0,2,14.0,0,0,0,0.0,0,12.96,14.0,1992-04-25
00-0039376,S.Rattler,QB,NO,2024,23.93,7,130,228,1317.0,4,5.0,18,146.0,0,0,0,0.0,0,67.28,146.0,2000-09-28
00-0037327,S.Thompson,QB,MIA,2022,25.24,8,78,150,754.0,2,5.0,16,24.0,0,0,0,0.0,0,28.560001,24.0,1997-06-04
00-0037327,S.Thompson,QB,MIA,2024,27.24,2,21,33,187.0,0,0.0,1,4.0,0,0,0,0.0,0,7.88,4.0,1997-06-04
00-0038416,T.Bagent,QB,CHI,2023,23.23,5,94,143,859.0,3,6.0,23,109.0,2,0,0,0.0,0,53.26,109.0,2000-06-08
00-0038416,T.Bagent,QB,CHI,2024,24.23,4,2,2,11.0,0,0.0,6,-7.0,0,0,0,0.0,0,-0.26000002,-7.0,2000-06-08
00-0034177,T.Boyle,QB,GB,2019,24.91,3,3,4,15.0,0,0.0,5,-7.0,0,0,0,0.0,0,-0.099999994,-7.0,1994-10-03
00-0034177,T.Boyle,QB,GB,2020,25.91,8,0,0,0.0,0,0.0,13,-9.0,0,0,0,0.0,0,-0.90000004,-9.0,1994-10-03
00-0034177,T.Boyle,QB,DET,2021,26.91,4,61,94,526.0,3,6.0,2,13.0,0,0,0,0.0,0,24.34,13.0,1994-10-03
00-0034177,T.Boyle,QB,CHI,2022,27.91,1,2,8,33.0,0,2.0,2,-2.0,0,0,0,0.0,0,-2.88,-2.0,1994-10-03
00-0034177,T.Boyle,QB,NYJ,2023,28.91,3,48,77,360.0,1,4.0,4,5.0,0,0,0,0.0,0,10.9,5.0,1994-10-03
00-0034177,T.Boyle,QB,MIA,2024,29.91,3,27,50,276.0,1,1.0,3,9.0,0,0,0,0.0,0,13.940001,9.0,1994-10-03
00-0019596,T.Brady,QB,NE,2019,42.08,17,393,650,4266.0,24,9.0,26,34.0,3,0,0,0.0,0,270.04,34.0,1977-08-03
00-0019596,T.Brady,QB,TB,2020,43.08,20,482,748,5694.0,50,15.0,43,3.0,4,0,0,0.0,0,420.06,3.0,1977-08-03
00-0019596,T.Brady,QB,TB,2021,44.08,19,544,810,5916.0,46,13.0,29,81.0,2,0,0,0.0,0,406.74,81.0,1977-08-03
00-0019596,T.Brady,QB,TB,2022,45.08,18,525,799,5045.0,27,10.0,29,-1.0,1,1,0,0.0,0,293.7,-1.0,1977-08-03
00-0030151,T.Bray,QB,CHI,2020,28.68,1,1,5,18.0,0,0.0,0,0.0,0,0,0,0.0,0,0.72,0.0,1991-12-27
00-0031237,T.Bridgewater,QB,NO,2019,26.81,9,133,196,1384.0,9,2.0,28,31.0,0,0,0,0.0,0,90.46,31.0,1992-11-10
00-0031237,T.Bridgewater,QB,CAR,2020,27.81,15,340,492,3733.0,15,11.0,53,279.0,5,0,0,0.0,0,241.22,279.0,1992-11-10
00-0031237,T.Bridgewater,QB,DEN,2021,28.81,14,285,426,3052.0,18,7.0,30,106.0,2,0,0,0.0,0,202.68,106.0,1992-11-10
00-0031237,T.Bridgewater,QB,MIA,2022,29.81,5,49,79,683.0,4,4.0,3,27.0,0,0,0,0.0,0,38.02,27.0,1992-11-10
00-0031237,T.Bridgewater,QB,DET,2023,30.81,1,0,0,0.0,0,0.0,2,-2.0,0,0,0,0.0,0,-0.2,-2.0,1992-11-10
00-0031237,T.Bridgewater,QB,DET,2024,31.81,1,1,1,3.0,0,0.0,0,0.0,0,0,0,0.0,0,0.12,0.0,1992-11-10
00-0038476,T.DeVito,QB,NYG,2023,25.07,9,114,178,1101.0,8,3.0,36,195.0,1,0,0,0.0,0,93.54,195.0,1998-08-07
00-0038476,T.DeVito,QB,NYG,2024,26.07,2,31,44,257.0,0,0.0,8,32.0,0,0,0,0.0,0,13.4800005,32.0,1998-08-07
00-0031800,T.Heinicke,QB,WAS,2020,,2,38,63,443.0,2,1.0,9,68.0,1,0,0,0.0,0,36.52,68.0,
00-0031800,T.Heinicke,QB,WAS,2020,27.46,2,38,63,443.0,2,1.0,9,68.0,1,0,0,0.0,0,36.52,68.0,1993-03-15
00-0031800,T.Heinicke,QB,WAS,2021,,16,321,494,3419.0,20,15.0,60,313.0,1,1,1,-2.0,0,222.86,311.0,
00-0031800,T.Heinicke,QB,WAS,2021,28.46,16,321,494,3419.0,20,15.0,60,313.0,1,1,1,-2.0,0,222.86,311.0,1993-03-15
00-0031800,T.Heinicke,QB,WAS,2022,,9,161,259,1859.0,12,6.0,28,96.0,1,0,0,0.0,0,115.96,96.0,
00-0031800,T.Heinicke,QB,WAS,2022,29.46,9,161,259,1859.0,12,6.0,28,96.0,1,0,0,0.0,0,115.96,96.0,1993-03-15
00-0031800,T.Heinicke,QB,ATL,2023,,5,74,136,890.0,5,4.0,15,124.0,1,0,0,0.0,0,66.0,124.0,
00-0031800,T.Heinicke,QB,ATL,2023,30.46,5,74,136,890.0,5,4.0,15,124.0,1,0,0,0.0,0,66.0,124.0,1993-03-15
00-0031800,T.Heinicke,QB,LAC,2024,,4,3,5,28.0,0,0.0,2,20.0,0,0,0,0.0,0,3.1200001,20.0,
00-0031800,T.Heinicke,QB,LAC,2024,31.46,4,3,5,28.0,0,0.0,2,20.0,0,0,0,0.0,0,3.1200001,20.0,1993-03-15
00-0033357,T.Hill,QB,NO,2021,31.02,12,78,134,978.0,4,5.0,70,374.0,5,6,4,52.0,0,121.72,426.0,1990-08-23
00-0033357,T.Hill,QB,NO,2022,32.02,16,13,19,240.0,2,0.0,96,575.0,7,13,9,77.0,2,145.8,652.0,1990-08-23
00-0035993,T.Huntley,QB,BAL,2020,22.58,3,9,18,75.0,0,0.0,13,55.0,0,0,0,0.0,0,8.5,55.0,1998-02-03
00-0035993,T.Huntley,QB,BAL,2021,23.58,7,122,188,1081.0,3,4.0,47,294.0,2,0,0,0.0,0,84.64,294.0,1998-02-03
00-0035993,T.Huntley,QB,BAL,2022,24.58,6,92,141,884.0,4,4.0,52,191.0,1,0,0,0.0,0,68.46,191.0,1998-02-03
00-0035993,T.Huntley,QB,BAL,2023,25.58,5,21,37,203.0,3,0.0,15,55.0,0,0,0,0.0,0,25.62,55.0,1998-02-03
00-0035993,T.Huntley,QB,MIA,2024,26.58,5,86,133,829.0,3,3.0,26,135.0,2,0,0,0.0,0,60.66,135.0,1998-02-03
00-0037012,T.Lance,QB,SF,2021,21.31,6,41,71,603.0,5,2.0,38,168.0,1,0,0,0.0,0,64.92,168.0,2000-05-09
00-0037012,T.Lance,QB,SF,2022,22.31,2,15,31,194.0,0,1.0,16,67.0,0,0,0,0.0,0,12.46,67.0,2000-05-09
00-0037012,T.Lance,QB,DAL,2024,24.31,4,25,41,266.0,0,1.0,11,41.0,0,0,0,0.0,0,12.74,41.0,2000-05-09
00-0036971,T.Lawrence,QB,JAX,2021,21.9,17,359,602,3641.0,12,17.0,73,334.0,2,0,0,0.0,0,199.04001,334.0,1999-10-06
00-0036971,T.Lawrence,QB,JAX,2022,22.9,19,439,670,4618.0,30,13.0,66,325.0,5,0,0,0.0,0,331.22,325.0,1999-10-06
00-0036971,T.Lawrence,QB,JAX,2023,23.9,16,370,564,4016.0,21,14.0,70,339.0,4,0,0,0.0,0,262.54,339.0,1999-10-06
00-0036971,T.Lawrence,QB,JAX,2024,24.9,10,172,284,2045.0,11,7.0,26,119.0,3,0,0,0.0,0,145.7,119.0,1999-10-06
00-0038400,T.McKee,QB,PHI,2024,24.35,2,30,45,323.0,4,0.0,5,-1.0,0,0,0,0.0,0,28.82,-1.0,2000-04-27
00-0035146,T.McSorley,QB,BAL,2019,24.02,1,0,0,0.0,0,0.0,1,1.0,0,0,0,0.0,0,0.1,1.0,1995-08-23
00-0035146,T.McSorley,QB,BAL,2020,25.02,2,3,10,90.0,1,0.0,5,17.0,0,0,0,0.0,0,9.3,17.0,1995-08-23
00-0035146,T.McSorley,QB,ARI,2022,27.02,5,45,83,412.0,0,5.0,15,61.0,0,0,0,0.0,0,8.58,61.0,1995-08-23
00-0032156,T.Siemian,QB,NYJ,2019,27.68,1,3,6,3.0,0,0.0,0,0.0,0,0,0,0.0,0,0.12,0.0,1991-12-26
00-0032156,T.Siemian,QB,NO,2021,29.68,6,108,188,1154.0,11,3.0,9,20.0,1,0,0,0.0,0,90.16,20.0,1991-12-26
00-0032156,T.Siemian,QB,CHI,2022,30.68,2,15,26,184.0,1,1.0,4,8.0,0,0,0,0.0,0,10.16,8.0,1991-12-26
00-0032156,T.Siemian,QB,NYJ,2023,31.68,5,86,153,724.0,2,4.0,11,40.0,0,0,0,0.0,0,26.96,40.0,1991-12-26
00-0036212,T.Tagovailoa,QB,MIA,2020,22.5,10,186,290,1814.0,11,5.0,36,109.0,3,0,0,0.0,0,135.46,109.0,1998-03-02
00-0036212,T.Tagovailoa,QB,MIA,2021,23.5,13,263,388,2653.0,16,10.0,42,128.0,3,0,0,0.0,0,180.92,128.0,1998-03-02
00-0036212,T.Tagovailoa,QB,MIA,2022,24.5,13,259,400,3548.0,25,8.0,24,70.0,0,0,0,0.0,0,230.92,70.0,1998-03-02
00-0036212,T.Tagovailoa,QB,MIA,2023,25.5,18,408,599,4823.0,30,15.0,38,99.0,0,0,0,0.0,0,284.82,99.0,1998-03-02
00-0036212,T.Tagovailoa,QB,MIA,2024,26.5,11,291,399,2867.0,19,7.0,17,49.0,0,0,0,0.0,0,181.58,49.0,1998-03-02
00-0028118,T.Taylor,QB,LAC,2019,30.08,4,4,6,33.0,1,0.0,10,7.0,0,1,0,0.0,0,6.02,7.0,1989-08-03
00-0028118,T.Taylor,QB,LAC,2020,31.08,1,16,30,208.0,0,0.0,6,7.0,0,0,0,0.0,0,9.02,7.0,1989-08-03
00-0028118,T.Taylor,QB,HOU,2021,32.08,6,91,150,966.0,5,5.0,19,151.0,3,0,0,0.0,0,81.74,151.0,1989-08-03
00-0028118,T.Taylor,QB,NYG,2022,33.08,2,6,8,58.0,1,1.0,5,70.0,0,0,0,0.0,0,11.32,70.0,1989-08-03
00-0028118,T.Taylor,QB,NYG,2023,34.08,10,116,180,1341.0,5,3.0,38,197.0,0,0,0,0.0,0,87.34,197.0,1989-08-03
00-0028118,T.Taylor,QB,NYJ,2024,35.08,2,17,22,119.0,3,0.0,3,13.0,0,0,0,0.0,0,20.06,13.0,1989-08-03
00-0035251,W.Grier,QB,CAR,2019,24.41,2,28,52,228.0,0,4.0,7,22.0,0,0,0,0.0,0,1.3199999,22.0,1995-04-03
00-0039152,W.Levis,QB,TEN,2023,24.18,9,149,255,1808.0,8,4.0,25,57.0,1,0,0,0.0,0,102.020004,57.0,1999-06-27
00-0039152,W.Levis,QB,TEN,2024,25.18,12,190,301,2091.0,13,12.0,45,183.0,0,0,0,0.0,0,119.94,183.0,1999-06-27
00-0037013,Z.Wilson,QB,NYJ,2021,22.08,13,213,383,2334.0,9,11.0,29,185.0,4,1,0,0.0,0,151.86,185.0,1999-08-03
00-0037013,Z.Wilson,QB,NYJ,2022,23.08,9,132,242,1688.0,6,7.0,28,102.0,1,1,1,2.0,1,98.92,104.0,1999-08-03
00-0037013,Z.Wilson,QB,NYJ,2023,24.08,12,221,368,2271.0,8,7.0,36,211.0,0,0,0,0.0,0,119.94,211.0,1999-08-03
00-0032104,A.Abdullah,RB,MIN,2019,26.22,13,0,0,0.0,0,0.0,24,124.0,0,22,16,95.0,1,43.9,219.0,1993-06-13
00-0032104,A.Abdullah,RB,MIN,2020,27.22,6,0,0,0.0,0,0.0,8,42.0,0,9,8,58.0,2,30.0,100.0,1993-06-13
00-0032104,A.Abdullah,RB,CAR,2021,28.22,15,0,0,0.0,0,0.0,51,166.0,0,53,38,289.0,1,89.5,455.0,1993-06-13
00-0032104,A.Abdullah,RB,LV,2022,29.22,13,0,0,0.0,0,0.0,4,20.0,0,32,25,211.0,1,54.1,231.0,1993-06-13
00-0032104,A.Abdullah,RB,LV,2023,30.22,16,0,0,0.0,0,0.0,15,89.0,0,24,19,131.0,0,41.0,220.0,1993-06-13
00-0032104,A.Abdullah,RB,LV,2024,31.22,13,0,0,0.0,0,0.0,66,311.0,2,47,40,261.0,3,125.2,572.0,1993-06-13
00-0033296,A.Armah,RB,CAR,2019,25.29,6,0,0,0.0,0,0.0,6,11.0,1,2,2,6.0,0,9.7,17.0,1994-05-17
00-0033296,A.Armah,RB,CAR,2020,26.29,12,0,0,0.0,0,0.0,6,9.0,0,9,5,18.0,0,7.7,27.0,1994-05-17
00-0033296,A.Armah,RB,NO,2021,27.29,5,0,0,0.0,0,0.0,5,21.0,0,1,1,1.0,1,9.2,22.0,1994-05-17
00-0033296,A.Armah,RB,WAS,2023,29.29,3,0,0,0.0,0,0.0,0,0.0,0,3,3,13.0,0,4.3,13.0,1994-05-17
00-0032426,A.Collins,RB,SEA,2020,26.02,3,0,0,0.0,0,0.0,18,77.0,2,2,1,4.0,0,21.099998,81.0,1994-08-26
00-0032426,A.Collins,RB,SEA,2021,27.02,11,0,0,0.0,0,0.0,108,411.0,2,10,9,87.0,0,68.799995,498.0,1994-08-26
00-0036265,A.Dillon,RB,GB,2020,22.33,11,0,0,0.0,0,0.0,55,286.0,2,3,3,34.0,0,47.0,320.0,1998-05-02
00-0036265,A.Dillon,RB,GB,2021,23.33,18,0,0,0.0,0,0.0,194,828.0,6,37,34,313.0,2,194.09999,1141.0,1998-05-02
00-0036265,A.Dillon,RB,GB,2022,24.33,17,0,0,0.0,0,0.0,186,770.0,7,43,28,206.0,0,167.6,976.0,1998-05-02
00-0036265,A.Dillon,RB,GB,2023,25.33,15,0,0,0.0,0,0.0,178,613.0,2,28,22,223.0,0,117.6,836.0,1998-05-02
00-0033699,A.Ekeler,RB,LAC,2019,24.29,16,0,0,0.0,0,0.0,132,557.0,3,108,92,993.0,8,311.0,1550.0,1995-05-17
00-0033699,A.Ekeler,RB,LAC,2020,25.29,10,0,0,0.0,0,0.0,116,530.0,1,65,54,403.0,2,165.3,933.0,1995-05-17
00-0033699,A.Ekeler,RB,LAC,2021,26.29,16,0,0,0.0,0,0.0,206,911.0,12,94,70,647.0,8,343.8,1558.0,1995-05-17
00-0033699,A.Ekeler,RB,LAC,2022,27.29,18,0,0,0.0,0,0.0,217,950.0,15,131,109,730.0,5,391.0,1680.0,1995-05-17
00-0033699,A.Ekeler,RB,LAC,2023,28.29,14,0,0,0.0,0,0.0,179,628.0,5,74,51,436.0,1,185.4,1064.0,1995-05-17
00-0033699,A.Ekeler,RB,WAS,2024,29.29,15,0,0,0.0,0,0.0,99,456.0,4,56,47,450.0,0,159.6,906.0,1995-05-17
00-0039373,A.Estime,RB,DEN,2024,20.99,13,0,0,0.0,0,0.0,76,310.0,2,5,5,27.0,0,48.7,337.0,2003-09-06
00-0036328,A.Gibson,RB,WAS,2020,22.19,15,0,0,0.0,0,0.0,184,826.0,11,47,38,251.0,0,207.7,1077.0,1998-06-23
00-0036328,A.Gibson,RB,WAS,2021,23.19,16,0,0,0.0,0,0.0,258,1037.0,7,52,42,294.0,3,229.1,1331.0,1998-06-23
00-0036328,A.Gibson,RB,WAS,2022,24.19,15,0,0,0.0,0,0.0,149,546.0,3,58,46,353.0,2,165.9,899.0,1998-06-23
00-0036328,A.Gibson,RB,WAS,2023,25.19,16,0,0,0.0,0,0.0,65,265.0,1,59,48,389.0,2,127.4,654.0,1998-06-23
00-0036328,A.Gibson,RB,NE,2024,26.19,17,0,0,0.0,0,0.0,120,538.0,1,29,23,206.0,0,103.4,744.0,1998-06-23
00-0033293,A.Jones,RB,GB,2019,24.75,18,0,0,0.0,0,0.0,269,1202.0,19,75,55,505.0,4,359.7,1707.0,1994-12-02
00-0033293,A.Jones,RB,GB,2020,25.75,16,0,0,0.0,0,0.0,221,1230.0,10,71,52,376.0,2,282.6,1606.0,1994-12-02
00-0033293,A.Jones,RB,GB,2021,26.75,16,0,0,0.0,0,0.0,183,840.0,4,75,61,520.0,6,255.0,1360.0,1994-12-02
00-0033293,A.Jones,RB,GB,2022,27.75,17,0,0,0.0,0,0.0,213,1121.0,2,72,59,395.0,5,248.6,1516.0,1994-12-02
00-0033293,A.Jones,RB,GB,2023,28.75,13,0,0,0.0,0,0.0,181,882.0,5,50,34,254.0,1,183.6,1136.0,1994-12-02
00-0033293,A.Jones,RB,MIN,2024,29.75,18,0,0,0.0,0,0.0,268,1186.0,5,68,54,420.0,2,250.6,1606.0,1994-12-02
00-0033906,A.Kamara,RB,NO,2019,24.1,15,1,1,13.0,0,0.0,178,818.0,6,106,89,567.0,1,268.02,1385.0,1995-07-25
00-0033906,A.Kamara,RB,NO,2020,25.1,17,0,0,0.0,0,0.0,228,1116.0,17,115,88,793.0,5,410.9,1909.0,1995-07-25
00-0033906,A.Kamara,RB,NO,2021,26.1,13,0,0,0.0,0,0.0,240,898.0,4,67,47,439.0,5,234.7,1337.0,1995-07-25
00-0033906,A.Kamara,RB,NO,2022,27.1,15,0,0,0.0,0,0.0,223,897.0,2,77,57,490.0,2,211.7,1387.0,1995-07-25
00-0033906,A.Kamara,RB,NO,2023,28.1,13,0,0,0.0,0,0.0,180,694.0,5,86,75,466.0,1,233.0,1160.0,1995-07-25
00-0033906,A.Kamara,RB,NO,2024,29.1,14,0,0,0.0,0,0.0,228,950.0,6,89,68,543.0,2,265.3,1493.0,1995-07-25
00-0036000,A.Killins,RB,PHI,2020,22.67,1,0,0,0.0,0,0.0,1,-12.0,0,1,1,2.0,0,0.0,-10.0,1998-01-02
00-0034972,A.Mattison,RB,MIN,2019,21.2,15,0,0,0.0,0,0.0,106,485.0,1,14,11,92.0,0,72.7,577.0,1998-06-19
00-0034972,A.Mattison,RB,MIN,2020,22.2,13,0,0,0.0,0,0.0,96,434.0,2,15,13,125.0,1,86.9,559.0,1998-06-19
00-0034972,A.Mattison,RB,MIN,2021,23.2,16,0,0,0.0,0,0.0,134,491.0,3,39,32,228.0,1,125.9,719.0,1998-06-19
00-0034972,A.Mattison,RB,MIN,2022,24.2,18,0,0,0.0,0,0.0,74,283.0,5,19,16,93.0,1,89.6,376.0,1998-06-19
00-0034972,A.Mattison,RB,MIN,2023,25.2,16,0,0,0.0,0,0.0,180,700.0,0,44,30,192.0,3,133.2,892.0,1998-06-19
00-0034972,A.Mattison,RB,LV,2024,26.2,14,0,0,0.0,0,0.0,132,420.0,4,48,36,294.0,1,137.4,714.0,1998-06-19
00-0036336,A.McFarland,RB,PIT,2020,21.49,11,0,0,0.0,0,0.0,33,113.0,0,9,6,54.0,0,22.7,167.0,1999-03-04
00-0036336,A.McFarland,RB,PIT,2020,22.49,11,0,0,0.0,0,0.0,33,113.0,0,9,6,54.0,0,22.7,167.0,1998-03-04
00-0036336,A.McFarland,RB,PIT,2021,22.49,2,0,0,0.0,0,0.0,3,3.0,0,1,1,11.0,0,2.3999999,14.0,1999-03-04
00-0036336,A.McFarland,RB,PIT,2021,23.49,2,0,0,0.0,0,0.0,3,3.0,0,1,1,11.0,0,2.3999999,14.0,1998-03-04
00-0036336,A.McFarland,RB,PIT,2022,23.49,1,0,0,0.0,0,0.0,6,30.0,0,2,2,11.0,0,6.1,41.0,1999-03-04
00-0036336,A.McFarland,RB,PIT,2022,24.49,1,0,0,0.0,0,0.0,6,30.0,0,2,2,11.0,0,6.1,41.0,1998-03-04
00-0036336,A.McFarland,RB,PIT,2023,24.49,1,0,0,0.0,0,0.0,0,0.0,0,2,2,11.0,0,3.1,11.0,1999-03-04
00-0036336,A.McFarland,RB,PIT,2023,25.49,1,0,0,0.0,0,0.0,0,0.0,0,2,2,11.0,0,3.1,11.0,1998-03-04
00-0029141,A.Morris,RB,ARI,2019,30.72,1,0,0,0.0,0,0.0,1,4.0,0,0,0,0.0,0,0.4,4.0,1988-12-12
00-0029141,A.Morris,RB,NYG,2020,31.72,9,0,0,0.0,0,0.0,55,238.0,1,4,3,19.0,1,40.7,257.0,1988-12-12
00-0025394,A.Peterson,RB,WAS,2019,34.45,15,0,0,0.0,0,0.0,211,898.0,5,23,17,142.0,0,147.0,1040.0,1985-03-21
00-0025394,A.Peterson,RB,DET,2020,35.45,16,0,0,0.0,0,0.0,156,604.0,7,18,12,101.0,0,124.5,705.0,1985-03-21
00-0025394,A.Peterson,RB,TEN,2021,36.45,4,0,0,0.0,0,0.0,38,98.0,2,4,4,8.0,0,26.6,106.0,1985-03-21
00-0036208,A.Pierce,RB,CHI,2020,24.29,3,0,0,0.0,0,0.0,6,34.0,1,0,0,0.0,0,9.4,34.0,1996-05-17
00-0037609,A.Shampklin,RB,PIT,2024,24.87,3,0,0,0.0,0,0.0,6,17.0,0,0,0,0.0,0,1.6999999,17.0,1999-10-18
00-0037609,A.Shampklin,RB,PIT,2024,,3,0,0,0.0,0,0.0,6,17.0,0,0,0,0.0,0,1.6999999,17.0,
00-0028074,A.Sherman,RB,KC,2019,30.72,5,0,0,0.0,0,0.0,4,9.0,0,4,2,22.0,0,5.1,31.0,1988-12-11
00-0028074,A.Sherman,RB,KC,2020,31.72,4,0,0,0.0,0,0.0,3,8.0,0,2,1,5.0,1,8.3,13.0,1988-12-11
00-0035187,A.Walter,RB,SF,2020,24.04,1,0,0,0.0,0,0.0,1,3.0,0,1,1,27.0,0,4.0,30.0,1996-08-17
00-0035187,A.Walter,RB,NYJ,2021,25.04,4,0,0,0.0,0,0.0,26,101.0,1,3,2,9.0,0,19.0,110.0,1996-08-17
00-0036188,A.Williams,RB,BUF,2020,22.86,1,0,0,0.0,0,0.0,12,63.0,2,1,1,20.0,0,21.3,83.0,1997-10-22
00-0036950,A.Williams,RB,ATL,2022,24.13,14,0,0,0.0,0,0.0,22,109.0,1,14,13,61.0,0,36.0,170.0,1998-07-15
00-0039794,B.Allen,RB,NYJ,2024,20.62,17,0,0,0.0,0,0.0,92,334.0,2,27,19,148.0,1,85.200005,482.0,2004-01-20
00-0029239,B.Bolden,RB,NE,2019,29.6,9,0,0,0.0,0,0.0,15,68.0,3,11,9,111.0,1,50.9,179.0,1990-01-26
00-0029239,B.Bolden,RB,NE,2021,31.6,17,0,0,0.0,0,0.0,44,226.0,1,55,45,432.0,2,130.8,658.0,1990-01-26
00-0029239,B.Bolden,RB,LV,2022,32.6,8,0,0,0.0,0,0.0,17,66.0,0,9,9,57.0,1,27.3,123.0,1990-01-26
00-0029239,B.Bolden,RB,LV,2023,33.6,3,0,0,0.0,0,0.0,4,31.0,1,0,0,0.0,0,11.1,31.0,1990-01-26
00-0039603,B.Brooks,RB,HOU,2024,24.79,1,0,0,0.0,0,0.0,1,2.0,0,0,0,0.0,0,0.2,2.0,1999-11-18
00-0039738,B.Corum,RB,LA,2024,23.77,14,0,0,0.0,0,0.0,58,207.0,0,8,7,58.0,0,33.5,265.0,2000-11-25
00-0038120,B.Hall,RB,NYJ,2022,21.25,7,0,0,0.0,0,0.0,80,463.0,4,31,19,218.0,1,115.1,681.0,2001-05-31
00-0038120,B.Hall,RB,NYJ,2023,22.25,17,0,0,0.0,0,0.0,223,994.0,5,95,76,591.0,4,290.5,1585.0,2001-05-31
00-0038120,B.Hall,RB,NYJ,2024,23.25,16,0,0,0.0,0,0.0,209,876.0,5,76,57,483.0,3,240.9,1359.0,2001-05-31
00-0033567,B.Hill,RB,ATL,2019,23.81,10,0,0,0.0,0,0.0,78,323.0,2,14,10,69.0,1,67.2,392.0,1995-11-09
00-0033567,B.Hill,RB,ATL,2020,24.81,16,0,0,0.0,0,0.0,100,465.0,1,30,25,199.0,0,95.4,664.0,1995-11-09
00-0034449,B.Howell,RB,HOU,2019,23.43,2,0,0,0.0,0,0.0,5,10.0,0,0,0,0.0,0,1.0,10.0,1996-03-27
00-0034449,B.Howell,RB,HOU,2020,24.43,2,0,0,0.0,0,0.0,16,64.0,0,2,1,3.0,0,7.7,67.0,1996-03-27
00-0034449,B.Howell,RB,LA,2021,25.43,1,0,0,0.0,0,0.0,5,11.0,0,0,0,0.0,0,1.1,11.0,1996-03-27
00-0039361,B.Irving,RB,TB,2024,22.04,18,0,0,0.0,0,0.0,224,1199.0,8,54,49,398.0,1,260.7,1597.0,2002-08-19
00-0028064,B.Powell,RB,NYJ,2019,30.85,12,0,1,0.0,0,0.0,59,229.0,0,12,7,33.0,0,33.2,262.0,1988-10-27
00-0037746,B.Robinson,RB,WAS,2022,23.44,12,0,0,0.0,0,0.0,205,797.0,2,12,9,60.0,1,112.700005,857.0,1999-03-22
00-0037746,B.Robinson,RB,WAS,2023,24.44,15,0,0,0.0,0,0.0,178,733.0,5,43,36,368.0,4,198.1,1101.0,1999-03-22
00-0038542,B.Robinson,RB,ATL,2023,21.59,17,0,0,0.0,0,0.0,214,976.0,4,86,58,487.0,4,246.3,1463.0,2002-01-30
00-0037746,B.Robinson,RB,WAS,2024,25.44,17,0,0,0.0,0,0.0,223,928.0,10,30,24,181.0,0,190.9,1109.0,1999-03-22
00-0038542,B.Robinson,RB,ATL,2024,22.59,17,0,0,0.0,0,0.0,304,1456.0,14,72,61,431.0,1,341.7,1887.0,2002-01-30
00-0034432,B.Scarbrough,RB,DET,2019,22.92,6,0,0,0.0,0,0.0,89,377.0,1,4,1,5.0,0,43.2,382.0,1996-09-29
00-0034432,B.Scarbrough,RB,SEA,2020,23.92,1,0,0,0.0,0,0.0,6,31.0,0,0,0,0.0,0,3.1,31.0,1996-09-29
00-0034414,B.Scott,RB,PHI,2019,24.35,9,0,0,0.0,0,0.0,67,270.0,5,29,27,227.0,0,106.7,497.0,1995-04-27
00-0034414,B.Scott,RB,PHI,2020,25.35,16,0,0,0.0,0,0.0,80,374.0,1,36,25,212.0,1,95.6,586.0,1995-04-27
00-0034414,B.Scott,RB,PHI,2021,26.35,10,0,0,0.0,0,0.0,88,407.0,8,17,14,84.0,0,109.1,491.0,1995-04-27
00-0034414,B.Scott,RB,PHI,2022,27.35,16,0,0,0.0,0,0.0,69,278.0,5,7,6,24.0,0,66.2,302.0,1995-04-27
00-0034414,B.Scott,RB,PHI,2023,28.35,10,0,0,0.0,0,0.0,20,86.0,0,6,4,52.0,0,17.8,138.0,1995-04-27
00-0035217,B.Snell,RB,PIT,2019,21.51,11,0,0,0.0,0,0.0,108,426.0,2,4,3,23.0,0,57.9,449.0,1998-02-27
00-0035217,B.Snell,RB,PIT,2020,22.51,16,0,0,0.0,0,0.0,113,381.0,4,16,11,65.0,0,77.6,446.0,1998-02-27
00-0035217,B.Snell,RB,PIT,2021,23.51,14,0,0,0.0,0,0.0,38,113.0,0,6,4,29.0,0,18.2,142.0,1998-02-27
00-0035217,B.Snell,RB,PIT,2022,24.51,3,0,0,0.0,0,0.0,20,90.0,1,2,2,17.0,0,18.7,107.0,1998-02-27
00-0039573,B.Watson,RB,DEN,2024,24.88,1,0,0,0.0,0,0.0,4,10.0,0,2,1,13.0,0,3.3,23.0,1999-10-14
00-0036414,C.Akers,RB,LA,2020,21.19,13,0,0,0.0,0,0.0,191,846.0,4,17,14,174.0,1,146.0,1020.0,1999-06-22
00-0036414,C.Akers,RB,LA,2021,22.19,5,0,0,0.0,0,0.0,72,175.0,0,13,11,86.0,0,33.1,261.0,1999-06-22
00-0036414,C.Akers,RB,LA,2022,23.19,15,0,0,0.0,0,0.0,188,786.0,7,18,13,117.0,0,141.3,903.0,1999-06-22
00-0036414,C.Akers,RB,MIN,2023,24.19,7,0,0,0.0,0,0.0,60,167.0,2,12,11,70.0,0,46.7,237.0,1999-06-22
00-0036414,C.Akers,RB,MIN,2024,25.19,16,0,0,0.0,0,0.0,109,483.0,2,18,14,68.0,3,97.1,551.0,1999-06-22
00-0029854,C.Anderson,RB,DET,2019,28.56,2,0,0,0.0,0,0.0,16,43.0,0,0,0,0.0,0,4.3,43.0,1991-02-10
00-0038685,C.Brooks,RB,MIA,2023,23.64,3,0,0,0.0,0,0.0,19,106.0,0,0,0,0.0,0,10.6,106.0,2000-01-11
00-0038685,C.Brooks,RB,GB,2024,24.64,12,0,0,0.0,0,0.0,36,183.0,1,16,13,78.0,0,45.1,261.0,2000-01-11
00-0038597,C.Brown,RB,CIN,2023,23.45,10,0,0,0.0,0,0.0,44,179.0,0,15,14,156.0,1,53.5,335.0,2000-03-21
00-0038597,C.Brown,RB,CIN,2024,24.45,16,0,0,0.0,0,0.0,229,990.0,7,65,54,360.0,4,255.0,1350.0,2000-03-21
00-0033594,C.Carson,RB,SEA,2019,24.96,15,0,0,0.0,0,0.0,278,1230.0,7,47,37,266.0,2,232.6,1496.0,1994-09-16
00-0033594,C.Carson,RB,SEA,2020,25.96,13,0,0,0.0,0,0.0,157,758.0,5,48,38,292.0,4,197.0,1050.0,1994-09-16
00-0033594,C.Carson,RB,SEA,2021,26.96,4,0,0,0.0,0,0.0,54,232.0,3,6,6,29.0,0,48.1,261.0,1994-09-16
00-0033725,C.Clement,RB,PHI,2020,25.83,8,0,0,0.0,0,0.0,21,75.0,1,6,5,25.0,0,21.0,100.0,1994-11-02
00-0033725,C.Clement,RB,DAL,2021,26.83,5,0,0,0.0,0,0.0,33,140.0,0,7,6,29.0,1,28.9,169.0,1994-11-02
00-0033725,C.Clement,RB,ARI,2022,27.83,4,0,0,0.0,0,0.0,15,55.0,1,7,5,54.0,0,21.9,109.0,1994-11-02
00-0039244,C.Collier,RB,LV,2024,24.44,2,0,0,0.0,0,0.0,5,12.0,0,2,1,-4.0,0,1.8000001,8.0,2000-03-24
00-0034681,C.Edmonds,RB,ARI,2019,23.39,10,0,0,0.0,0,0.0,60,303.0,4,21,12,105.0,1,82.8,408.0,1996-04-13
00-0034681,C.Edmonds,RB,ARI,2020,24.39,16,0,0,0.0,0,0.0,97,448.0,1,67,53,402.0,4,168.0,850.0,1996-04-13
00-0034681,C.Edmonds,RB,ARI,2021,25.39,13,0,0,0.0,0,0.0,124,620.0,2,54,43,311.0,0,146.1,931.0,1996-04-13
00-0034681,C.Edmonds,RB,MIA,2022,26.39,13,0,0,0.0,0,0.0,68,245.0,2,24,16,157.0,1,74.2,402.0,1996-04-13
00-0034681,C.Edmonds,RB,TB,2023,27.39,15,0,0,0.0,0,0.0,60,207.0,0,21,17,107.0,0,48.4,314.0,1996-04-13
00-0036360,C.Edwards-Helaire,RB,KC,2020,21.39,15,0,0,0.0,0,0.0,196,874.0,5,59,39,320.0,1,194.4,1194.0,1999-04-11
00-0036360,C.Edwards-Helaire,RB,KC,2021,22.39,12,0,0,0.0,0,0.0,132,613.0,4,27,21,142.0,2,130.5,755.0,1999-04-11
00-0036360,C.Edwards-Helaire,RB,KC,2022,23.39,10,0,0,0.0,0,0.0,71,302.0,3,23,17,151.0,3,98.3,453.0,1999-04-11
00-0036360,C.Edwards-Helaire,RB,KC,2023,24.39,19,0,0,0.0,0,0.0,81,276.0,1,26,21,195.0,1,78.1,471.0,1999-04-11
00-0036360,C.Edwards-Helaire,RB,NO,2024,25.39,2,0,0,0.0,0,0.0,13,46.0,0,5,3,24.0,0,10.0,70.0,1999-04-11
00-0036857,C.Evans,RB,CIN,2021,23.91,12,0,0,0.0,0,0.0,19,90.0,0,19,16,154.0,2,52.399998,244.0,1997-10-05
00-0036857,C.Evans,RB,CIN,2022,24.91,4,0,0,0.0,0,0.0,0,0.0,0,4,3,38.0,1,12.8,38.0,1997-10-05
00-0036857,C.Evans,RB,CIN,2023,25.91,1,0,0,0.0,0,0.0,2,12.0,0,1,1,-1.0,0,2.1,11.0,1997-10-05
00-0036555,C.Hubbard,RB,CAR,2021,22.22,16,0,0,0.0,0,0.0,172,612.0,5,37,25,174.0,1,137.6,786.0,1999-06-11
00-0036555,C.Hubbard,RB,CAR,2022,23.22,12,0,0,0.0,0,0.0,95,466.0,2,17,14,171.0,0,89.7,637.0,1999-06-11
00-0036555,C.Hubbard,RB,CAR,2023,24.22,17,0,0,0.0,0,0.0,238,902.0,5,44,39,233.0,0,182.5,1135.0,1999-06-11
00-0036555,C.Hubbard,RB,CAR,2024,25.22,15,0,0,0.0,0,0.0,250,1195.0,10,54,43,171.0,1,241.6,1366.0,1999-06-11
00-0036829,C.Huntley,RB,ATL,2022,23.96,12,0,0,0.0,0,0.0,76,366.0,1,2,2,3.0,0,44.9,369.0,1998-09-15
00-0031045,C.Hyde,RB,HOU,2019,28.95,18,0,0,0.0,0,0.0,274,1162.0,6,21,14,65.0,1,174.7,1227.0,1990-09-20
00-0031045,C.Hyde,RB,SEA,2020,29.95,11,0,0,0.0,0,0.0,85,361.0,4,20,16,93.0,0,85.4,454.0,1990-09-20
00-0031045,C.Hyde,RB,JAX,2021,30.95,11,0,0,0.0,0,0.0,72,253.0,1,21,12,65.0,0,45.8,318.0,1990-09-20
00-0033280,C.McCaffrey,RB,CAR,2019,23.24,16,0,2,0.0,0,0.0,287,1387.0,15,142,116,1005.0,4,471.2,2392.0,1996-06-07
00-0033280,C.McCaffrey,RB,CAR,2020,24.24,3,0,0,0.0,0,0.0,59,225.0,5,19,17,149.0,1,90.399994,374.0,1996-06-07
00-0033280,C.McCaffrey,RB,CAR,2021,25.24,7,0,0,0.0,0,0.0,99,442.0,1,41,37,343.0,1,127.5,785.0,1996-06-07
00-0033280,C.McCaffrey,RB,SF,2022,26.24,20,1,2,34.0,1,0.0,284,1377.0,10,122,97,802.0,6,416.26,2179.0,1996-06-07
00-0033280,C.McCaffrey,RB,SF,2023,27.24,19,0,0,0.0,0,0.0,331,1727.0,18,108,86,716.0,8,480.3,2443.0,1996-06-07
00-0033280,C.McCaffrey,RB,SF,2024,28.24,4,0,0,0.0,0,0.0,50,202.0,0,19,15,146.0,0,47.800003,348.0,1996-06-07
00-0030578,C.Patterson,RB,CHI,2019,28.46,12,0,0,0.0,0,0.0,17,103.0,0,17,11,83.0,0,35.6,186.0,1991-03-17
00-0030578,C.Patterson,RB,CHI,2020,29.46,16,0,0,0.0,0,0.0,65,234.0,1,25,21,132.0,0,69.6,366.0,1991-03-17
00-0030578,C.Patterson,RB,ATL,2021,30.46,16,0,1,0.0,0,0.0,153,618.0,6,69,52,548.0,5,234.6,1166.0,1991-03-17
00-0030578,C.Patterson,RB,ATL,2022,31.46,13,0,0,0.0,0,0.0,144,695.0,8,31,21,122.0,0,154.7,817.0,1991-03-17
00-0030578,C.Patterson,RB,ATL,2023,32.46,12,0,0,0.0,0,0.0,50,181.0,0,12,9,38.0,1,36.9,219.0,1991-03-17
00-0030578,C.Patterson,RB,PIT,2024,33.46,13,0,0,0.0,0,0.0,32,135.0,0,14,12,80.0,1,37.5,215.0,1991-03-17
00-0032393,C.Prosise,RB,SEA,2019,25.28,8,0,0,0.0,0,0.0,23,72.0,1,12,10,76.0,0,28.800001,148.0,1994-05-20
00-0032393,C.Prosise,RB,HOU,2020,26.28,5,0,0,0.0,0,0.0,10,19.0,0,5,5,18.0,1,12.700001,37.0,1994-05-20
00-0035567,C.Reynolds,RB,JAX,2020,24.21,1,0,0,0.0,0,0.0,1,4.0,0,1,1,3.0,0,1.7,7.0,1996-06-15
00-0035567,C.Reynolds,RB,DET,2021,25.21,5,0,0,0.0,0,0.0,55,230.0,0,8,7,52.0,0,35.2,282.0,1996-06-15
00-0035567,C.Reynolds,RB,DET,2022,26.21,6,0,0,0.0,0,0.0,23,102.0,0,10,9,116.0,0,30.8,218.0,1996-06-15
00-0035567,C.Reynolds,RB,DET,2023,27.21,7,0,0,0.0,0,0.0,42,180.0,2,5,5,47.0,0,37.7,227.0,1996-06-15
00-0035567,C.Reynolds,RB,DET,2024,28.21,7,0,0,0.0,0,0.0,31,139.0,0,5,3,40.0,0,20.9,179.0,1996-06-15
00-0038611,C.Rodriguez,RB,WAS,2023,23.93,8,0,0,0.0,0,0.0,51,247.0,2,2,2,12.0,0,37.9,259.0,1999-09-26
00-0038611,C.Rodriguez,RB,WAS,2024,24.93,6,0,0,0.0,0,0.0,35,173.0,2,1,1,12.0,0,31.5,185.0,1999-09-26
00-0039703,C.Schrader,RB,LA,2024,24.98,1,0,0,0.0,0,0.0,1,3.0,0,1,1,6.0,0,1.9,9.0,1999-09-08
00-0039325,C.Steele,RB,KC,2024,21.92,12,0,0,0.0,0,0.0,56,183.0,0,11,7,26.0,0,23.9,209.0,2002-10-01
00-0030404,C.Thompson,RB,WAS,2019,28.87,11,0,0,0.0,0,0.0,37,138.0,0,58,42,378.0,0,93.6,516.0,1990-10-20
00-0030404,C.Thompson,RB,JAX,2020,29.87,6,0,0,0.0,0,0.0,7,20.0,0,23,20,146.0,1,42.6,166.0,1990-10-20
00-0039040,D.Achane,RB,MIA,2023,21.89,12,0,0,0.0,0,0.0,109,809.0,8,43,30,218.0,3,196.7,1027.0,2001-10-13
00-0039040,D.Achane,RB,MIA,2024,22.89,17,0,0,0.0,0,0.0,203,907.0,6,87,78,592.0,6,299.9,1499.0,2001-10-13
00-0032972,D.Booker,RB,DEN,2019,27.26,6,0,0,0.0,0,0.0,2,9.0,0,9,6,57.0,0,12.6,66.0,1992-05-27
00-0032972,D.Booker,RB,LV,2020,28.26,15,0,0,0.0,0,0.0,93,423.0,3,21,17,84.0,0,85.7,507.0,1992-05-27
00-0032972,D.Booker,RB,NYG,2021,29.26,16,0,0,0.0,0,0.0,145,593.0,2,45,40,268.0,1,144.1,861.0,1992-05-27
00-0035898,D.Bradwell,RB,LAC,2021,24.3,1,0,0,0.0,0,0.0,0,0.0,0,1,0,0.0,0,0.0,0.0,1997-05-15
00-0033893,D.Cook,RB,MIN,2019,24.06,16,0,0,0.0,0,0.0,287,1247.0,15,76,62,563.0,0,329.0,1810.0,1995-08-10
00-0033893,D.Cook,RB,MIN,2020,25.06,14,0,0,0.0,0,0.0,312,1557.0,16,54,44,361.0,1,337.8,1918.0,1995-08-10
00-0033893,D.Cook,RB,MIN,2021,26.06,13,0,0,0.0,0,0.0,249,1159.0,6,49,34,224.0,0,206.3,1383.0,1995-08-10
00-0033893,D.Cook,RB,MIN,2022,27.06,18,0,0,0.0,0,0.0,279,1233.0,8,63,45,305.0,2,250.8,1538.0,1995-08-10
00-0033893,D.Cook,RB,NYJ,2023,28.06,15,0,0,0.0,0,0.0,75,237.0,0,20,15,78.0,0,42.5,315.0,1995-08-10
00-0033893,D.Cook,RB,DAL,2024,29.06,2,0,0,0.0,0,0.0,8,20.0,0,1,1,10.0,0,4.0,30.0,1995-08-10
00-0035448,D.Crockett,RB,DEN,2021,23.69,1,0,0,0.0,0,0.0,3,7.0,0,0,0,0.0,0,0.7,7.0,1997-12-22
00-0036425,D.Dallas,RB,SEA,2020,21.96,8,0,0,0.0,0,0.0,34,108.0,2,20,17,111.0,1,56.899998,219.0,1998-09-16
00-0036425,D.Dallas,RB,SEA,2021,22.96,11,0,0,0.0,0,0.0,33,138.0,2,23,21,133.0,0,60.100002,271.0,1998-09-16
00-0036425,D.Dallas,RB,SEA,2022,23.96,12,0,1,0.0,0,1.0,41,199.0,0,19,17,126.0,0,47.5,325.0,1998-09-16
00-0036425,D.Dallas,RB,SEA,2023,24.96,10,0,0,0.0,0,0.0,10,36.0,0,9,6,26.0,0,12.2,62.0,1998-09-16
00-0036425,D.Dallas,RB,ARI,2024,25.96,7,0,0,0.0,0,0.0,9,49.0,0,3,3,11.0,1,21.0,60.0,1998-09-16
00-0034654,D.Dawkins,RB,TEN,2019,24.68,2,0,0,0.0,0,0.0,11,26.0,0,1,0,0.0,0,2.6000001,26.0,1994-12-26
00-0036297,D.Evans,RB,TEN,2020,22.15,5,0,0,0.0,0,0.0,15,55.0,0,4,2,27.0,1,16.2,82.0,1998-07-09
00-0036297,D.Evans,RB,TEN,2021,23.15,1,0,0,0.0,0,0.0,2,7.0,0,2,2,11.0,0,3.8,18.0,1998-07-09
00-0036297,D.Evans,RB,CHI,2022,24.15,3,0,0,0.0,0,0.0,14,64.0,0,1,1,33.0,0,10.7,97.0,1998-07-09
00-0036297,D.Evans,RB,CHI,2023,25.15,6,0,0,0.0,0,0.0,32,121.0,1,12,7,49.0,0,30.0,170.0,1998-07-09
00-0036297,D.Evans,RB,CHI,2024,26.15,1,0,0,0.0,0,0.0,3,3.0,0,0,0,0.0,0,0.3,3.0,1998-07-09
00-0036654,D.Felton,RB,CLE,2021,23.13,11,0,0,0.0,0,0.0,7,24.0,0,21,18,181.0,2,50.5,205.0,1998-07-16
00-0036654,D.Felton,RB,CLE,2022,24.13,4,0,0,0.0,0,0.0,1,-4.0,0,4,2,8.0,0,2.4,4.0,1998-07-16
00-0033925,D.Foreman,RB,TEN,2020,24.36,5,0,0,0.0,0,0.0,22,95.0,0,1,1,5.0,1,17.0,100.0,1996-04-24
00-0033925,D.Foreman,RB,TEN,2021,25.36,10,0,0,0.0,0,0.0,137,632.0,3,11,9,123.0,0,100.5,755.0,1996-04-24
00-0033925,D.Foreman,RB,CAR,2022,26.36,16,0,0,0.0,0,0.0,203,914.0,5,9,5,26.0,0,131.0,940.0,1996-04-24
00-0033925,D.Foreman,RB,CHI,2023,27.36,9,0,0,0.0,0,0.0,109,425.0,4,16,11,77.0,1,91.2,502.0,1996-04-24
00-0033925,D.Foreman,RB,CLE,2024,28.36,10,0,0,0.0,0,0.0,71,232.0,0,8,6,54.0,0,32.6,286.0,1996-04-24
00-0032577,D.Foster,RB,ARI,2020,26.78,2,0,0,0.0,0,0.0,2,2.0,0,1,1,7.0,0,1.9,9.0,1993-11-22
00-0031285,D.Freeman,RB,ATL,2019,27.46,14,0,0,0.0,0,0.0,184,656.0,2,70,59,410.0,4,197.6,1066.0,1992-03-15
00-0031285,D.Freeman,RB,NYG,2020,28.46,5,0,0,0.0,0,0.0,54,172.0,1,10,7,58.0,0,36.0,230.0,1992-03-15
00-0031285,D.Freeman,RB,BAL,2021,29.46,16,0,0,0.0,0,0.0,133,576.0,5,42,34,190.0,1,146.6,766.0,1992-03-15
00-0035715,D.Gore,RB,KC,2021,26.72,9,0,0,0.0,0,0.0,54,259.0,2,9,8,105.0,0,56.399998,364.0,1994-12-13
00-0035715,D.Gore,RB,WAS,2023,28.72,2,0,0,0.0,0,0.0,3,26.0,0,0,0,0.0,0,2.6,26.0,1994-12-13
00-0034358,D.Guice,RB,WAS,2019,22.2,5,0,0,0.0,0,0.0,42,245.0,2,9,7,79.0,1,57.4,324.0,1997-06-21
00-0035657,D.Harris,RB,NE,2019,22.56,1,0,0,0.0,0,0.0,4,12.0,0,0,0,0.0,0,1.2,12.0,1997-02-11
00-0035657,D.Harris,RB,NE,2020,23.56,10,0,0,0.0,0,0.0,137,691.0,2,7,5,52.0,0,91.3,743.0,1997-02-11
00-0035657,D.Harris,RB,NE,2021,24.56,16,0,0,0.0,0,0.0,211,959.0,15,22,19,139.0,0,214.8,1098.0,1997-02-11
00-0035657,D.Harris,RB,NE,2022,25.56,11,0,0,0.0,0,0.0,106,462.0,3,23,17,97.0,0,90.9,559.0,1997-02-11
00-0035657,D.Harris,RB,BUF,2023,26.56,6,0,0,0.0,0,0.0,23,94.0,1,2,2,16.0,0,19.0,110.0,1997-02-11
00-0035664,D.Henderson,RB,LA,2019,22.04,7,0,0,0.0,0,0.0,39,147.0,0,6,4,37.0,0,22.4,184.0,1997-08-19
00-0035664,D.Henderson,RB,LA,2020,23.04,15,0,0,0.0,0,0.0,138,624.0,5,24,16,155.0,1,129.9,779.0,1997-08-19
00-0035664,D.Henderson,RB,LA,2021,24.04,13,0,0,0.0,0,0.0,153,695.0,5,45,32,219.0,3,171.4,914.0,1997-08-19
00-0035664,D.Henderson,RB,LA,2022,25.04,10,0,0,0.0,0,0.0,70,283.0,3,22,17,102.0,0,73.5,385.0,1997-08-19
00-0035664,D.Henderson,RB,LA,2023,26.04,4,0,0,0.0,0,0.0,46,112.0,2,14,10,103.0,0,43.5,215.0,1997-08-19
00-0032764,D.Henry,RB,TEN,2019,25.66,18,1,1,3.0,1,0.0,386,1986.0,18,29,23,227.0,2,362.41998,2213.0,1994-01-04
00-0032764,D.Henry,RB,TEN,2020,26.66,17,0,0,0.0,0,0.0,396,2067.0,17,34,22,125.0,0,341.2,2192.0,1994-01-04
00-0032764,D.Henry,RB,TEN,2021,27.66,9,1,1,5.0,1,0.0,239,999.0,11,20,18,154.0,0,205.5,1153.0,1994-01-04
00-0032764,D.Henry,RB,TEN,2022,28.66,16,2,2,4.0,1,0.0,349,1538.0,13,41,33,398.0,0,302.76,1936.0,1994-01-04
00-0032764,D.Henry,RB,TEN,2023,29.66,17,2,3,14.0,2,0.0,280,1167.0,12,36,28,214.0,0,246.66,1381.0,1994-01-04
00-0032764,D.Henry,RB,BAL,2024,30.66,19,0,0,0.0,0,0.0,367,2191.0,19,24,19,193.0,2,381.4,2384.0,1994-01-04
00-0034253,D.Hilliard,RB,CLE,2019,24.52,6,0,0,0.0,0,0.0,13,49.0,2,15,12,92.0,0,38.1,141.0,1995-02-26
00-0034253,D.Hilliard,RB,CLE,2020,25.52,2,0,0,0.0,0,0.0,9,48.0,0,1,1,2.0,0,6.0,50.0,1995-02-26
00-0034253,D.Hilliard,RB,TEN,2021,26.52,8,0,0,0.0,0,0.0,56,350.0,2,29,22,100.0,0,77.0,450.0,1995-02-26
00-0034253,D.Hilliard,RB,TEN,2022,27.52,11,0,0,0.0,0,0.0,22,145.0,0,26,21,177.0,4,77.2,322.0,1995-02-26
00-0036493,D.Jackson,RB,IND,2021,22.54,3,0,0,0.0,0,0.0,13,31.0,1,0,0,0.0,0,9.1,31.0,1999-02-18
00-0036493,D.Jackson,RB,IND,2022,23.54,12,0,0,0.0,0,0.0,68,236.0,1,34,30,209.0,1,84.5,445.0,1999-02-18
00-0036493,D.Jackson,RB,IND,2023,24.54,2,0,0,0.0,0,0.0,14,16.0,0,6,5,14.0,0,4.0,30.0,1999-02-18
00-0032187,D.Johnson,RB,ARI,2019,27.71,12,0,0,0.0,0,0.0,93,346.0,2,47,36,370.0,4,141.6,716.0,1991-12-16
00-0032257,D.Johnson,RB,HOU,2019,25.94,18,0,0,0.0,0,0.0,87,459.0,2,73,52,463.0,3,172.2,922.0,1993-09-23
00-0035628,D.Johnson,RB,CLE,2019,23.51,3,0,0,0.0,0,0.0,4,21.0,0,7,6,71.0,0,15.200001,92.0,1996-02-27
00-0032187,D.Johnson,RB,HOU,2020,28.71,12,0,0,0.0,0,0.0,147,691.0,6,46,33,314.0,2,179.5,1005.0,1991-12-16
00-0032257,D.Johnson,RB,HOU,2020,26.94,11,0,0,0.0,0,0.0,77,235.0,1,35,28,249.0,1,84.4,484.0,1993-09-23
00-0035628,D.Johnson,RB,CLE,2020,24.51,8,0,0,0.0,0,0.0,33,166.0,0,4,3,14.0,0,21.0,180.0,1996-02-27
00-0032187,D.Johnson,RB,HOU,2021,29.71,13,0,0,0.0,0,0.0,67,228.0,0,42,32,225.0,1,81.3,453.0,1991-12-16
00-0032257,D.Johnson,RB,MIA,2021,27.94,5,0,0,0.0,0,0.0,71,330.0,3,5,4,41.0,0,59.1,371.0,1993-09-23
00-0035628,D.Johnson,RB,CLE,2021,25.51,12,0,0,0.0,0,0.0,100,534.0,3,25,19,137.0,0,104.1,671.0,1996-02-27
00-0032187,D.Johnson,RB,NO,2022,30.71,4,0,0,0.0,0,0.0,12,24.0,0,4,4,47.0,0,9.1,71.0,1991-12-16
00-0032257,D.Johnson,RB,BUF,2022,28.94,1,0,0,0.0,0,0.0,2,4.0,0,0,0,0.0,0,0.4,4.0,1993-09-23
00-0035628,D.Johnson,RB,CLE,2022,26.51,3,0,0,0.0,0,0.0,4,17.0,0,3,3,7.0,0,5.4,24.0,1996-02-27
00-0035628,D.Johnson,RB,JAX,2023,27.51,15,0,0,0.0,0,0.0,41,108.0,0,12,10,140.0,0,34.8,248.0,1996-02-27
00-0035628,D.Johnson,RB,JAX,2024,28.51,12,0,0,0.0,0,0.0,32,143.0,0,19,12,96.0,0,35.9,239.0,1996-02-27
00-0039407,D.Laube,RB,LV,2024,24.72,1,0,0,0.0,0,0.0,1,0.0,0,0,0,0.0,0,-2.0,0.0,1999-12-14
00-0028087,D.Lewis,RB,TEN,2019,28.93,17,0,0,0.0,0,0.0,56,217.0,0,34,27,178.0,1,70.5,395.0,1990-09-27
00-0028087,D.Lewis,RB,NYG,2020,29.93,16,0,0,0.0,0,0.0,29,115.0,2,30,19,127.0,1,59.2,242.0,1990-09-27
00-0035685,D.Montgomery,RB,CHI,2019,22.24,16,0,0,0.0,0,0.0,242,889.0,6,35,25,185.0,1,170.4,1074.0,1997-06-07
00-0035685,D.Montgomery,RB,CHI,2020,23.24,16,0,0,0.0,0,0.0,259,1101.0,8,69,54,438.0,2,267.9,1539.0,1997-06-07
00-0035685,D.Montgomery,RB,CHI,2021,24.24,13,0,1,0.0,0,1.0,225,849.0,7,51,42,301.0,0,195.0,1150.0,1997-06-07
00-0035685,D.Montgomery,RB,CHI,2022,25.24,16,0,0,0.0,0,0.0,201,801.0,5,40,34,316.0,1,177.7,1117.0,1997-06-07
00-0035685,D.Montgomery,RB,DET,2023,26.24,17,0,0,0.0,0,0.0,258,1198.0,15,31,22,162.0,0,248.0,1360.0,1997-06-07
00-0035685,D.Montgomery,RB,DET,2024,27.24,15,2,2,23.0,1,0.0,192,803.0,12,38,36,341.0,0,225.31999,1144.0,1997-06-07
00-0033854,D.Ogunbowale,RB,TB,2019,25.33,16,0,0,0.0,0,0.0,11,17.0,2,46,35,286.0,0,75.3,303.0,1994-05-04
00-0033854,D.Ogunbowale,RB,JAX,2020,26.33,7,0,0,0.0,0,0.0,32,145.0,0,20,10,54.0,0,29.9,199.0,1994-05-04
00-0033854,D.Ogunbowale,RB,JAX,2021,27.33,10,0,0,0.0,0,0.0,43,137.0,1,21,13,114.0,1,50.1,251.0,1994-05-04
00-0033854,D.Ogunbowale,RB,HOU,2022,28.33,11,0,0,0.0,0,0.0,42,123.0,1,26,20,104.0,0,48.7,227.0,1994-05-04
00-0033854,D.Ogunbowale,RB,HOU,2023,29.33,7,0,0,0.0,0,0.0,10,42.0,0,8,3,31.0,0,10.3,73.0,1994-05-04
00-0033854,D.Ogunbowale,RB,HOU,2024,30.33,17,0,0,0.0,0,0.0,32,126.0,0,29,20,198.0,1,58.4,324.0,1994-05-04
00-0035184,D.Ozigbo,RB,JAX,2019,22.92,1,0,0,0.0,0,0.0,9,27.0,0,5,3,23.0,0,8.0,50.0,1996-10-02
00-0035184,D.Ozigbo,RB,JAX,2020,23.92,4,0,0,0.0,0,0.0,1,1.0,0,9,9,42.0,0,13.3,43.0,1996-10-02
00-0035184,D.Ozigbo,RB,NO,2021,24.92,1,0,0,0.0,0,0.0,1,-3.0,0,1,1,7.0,0,1.4,4.0,1996-10-02
00-0035184,D.Ozigbo,RB,DEN,2022,25.92,3,0,0,0.0,0,0.0,3,4.0,0,1,1,3.0,0,1.7,7.0,1996-10-02
00-0035184,D.Ozigbo,RB,DET,2023,26.92,1,0,0,0.0,0,0.0,3,5.0,0,1,1,8.0,0,2.3,13.0,1996-10-02
00-0037258,D.Pierce,RB,HOU,2022,22.54,13,0,0,0.0,0,0.0,220,939.0,4,39,30,165.0,1,166.4,1104.0,2000-02-19
00-0037258,D.Pierce,RB,HOU,2023,23.54,14,0,0,0.0,0,0.0,148,416.0,2,17,13,101.0,0,82.7,517.0,2000-02-19
00-0037258,D.Pierce,RB,HOU,2024,24.54,11,0,0,0.0,0,0.0,46,318.0,2,5,2,2.0,0,46.0,320.0,2000-02-19
00-0035250,D.Singletary,RB,BUF,2019,22.0,13,0,0,0.0,0,0.0,164,833.0,2,48,35,270.0,2,167.3,1103.0,1997-09-03
00-0035250,D.Singletary,RB,BUF,2020,23.0,19,0,0,0.0,0,0.0,172,750.0,2,59,46,313.0,0,162.3,1063.0,1997-09-03
00-0035250,D.Singletary,RB,BUF,2021,24.0,19,0,0,0.0,0,0.0,214,977.0,10,59,47,266.0,1,237.3,1243.0,1997-09-03
00-0035250,D.Singletary,RB,BUF,2022,25.0,18,0,0,0.0,0,0.0,193,892.0,5,60,43,317.0,1,193.9,1209.0,1997-09-03
00-0035250,D.Singletary,RB,HOU,2023,26.0,19,1,1,6.0,1,0.0,238,986.0,5,47,38,245.0,0,195.34,1231.0,1997-09-03
00-0035250,D.Singletary,RB,NYG,2024,27.0,15,0,0,0.0,0,0.0,113,437.0,4,24,21,119.0,0,96.6,556.0,1997-09-03
00-0023564,D.Sproles,RB,PHI,2019,36.2,6,0,0,0.0,0,0.0,17,66.0,0,10,6,24.0,0,17.0,90.0,1983-06-20
00-0036275,D.Swift,RB,DET,2020,21.63,13,0,0,0.0,0,0.0,114,521.0,8,57,46,357.0,2,189.8,878.0,1999-01-14
00-0036275,D.Swift,RB,DET,2021,22.63,13,0,1,0.0,0,0.0,151,617.0,5,78,62,452.0,2,208.90001,1069.0,1999-01-14
00-0036275,D.Swift,RB,DET,2022,23.63,14,0,0,0.0,0,0.0,99,542.0,5,70,48,389.0,3,191.1,931.0,1999-01-14
00-0036275,D.Swift,RB,PHI,2023,24.63,17,0,0,0.0,0,0.0,239,1083.0,5,53,43,246.0,1,209.9,1329.0,1999-01-14
00-0036275,D.Swift,RB,CHI,2024,25.63,17,0,0,0.0,0,0.0,253,959.0,6,52,42,386.0,0,214.5,1345.0,1999-01-14
00-0035148,D.Thompson,RB,KC,2019,22.55,12,0,0,0.0,0,0.0,39,135.0,1,12,9,43.0,0,32.8,178.0,1997-02-12
00-0035148,D.Thompson,RB,KC,2020,23.55,5,0,0,0.0,0,0.0,27,97.0,1,11,7,65.0,1,33.2,162.0,1997-02-12
00-0034201,D.Turner,RB,MIA,2019,24.02,1,0,0,0.0,0,0.0,4,6.0,0,0,0,0.0,0,0.6,6.0,1995-08-23
00-0038622,D.Vaughn,RB,DAL,2023,21.83,6,0,0,0.0,0,0.0,23,40.0,0,7,7,40.0,0,15.0,80.0,2001-11-02
00-0038622,D.Vaughn,RB,DAL,2024,22.83,5,0,0,0.0,0,0.0,17,70.0,0,5,3,18.0,0,11.8,88.0,2001-11-02
00-0032450,D.Washington,RB,NO,2019,25.36,4,0,0,0.0,0,0.0,8,60.0,0,1,1,6.0,0,7.6,66.0,1994-04-24
00-0032940,D.Washington,RB,LV,2019,26.53,16,0,0,0.0,0,0.0,108,387.0,3,41,36,292.0,0,121.9,679.0,1993-02-22
00-0032450,D.Washington,RB,NO,2020,26.36,3,0,0,0.0,0,0.0,9,17.0,0,0,0,0.0,0,1.7,17.0,1994-04-24
00-0032940,D.Washington,RB,MIA,2020,27.53,4,0,0,0.0,0,0.0,31,91.0,0,10,5,30.0,0,17.1,121.0,1993-02-22
00-0032450,D.Washington,RB,NO,2021,27.36,3,0,0,0.0,0,0.0,4,16.0,0,2,2,12.0,0,4.8,28.0,1994-04-24
00-0032450,D.Washington,RB,NO,2022,28.36,3,0,0,0.0,0,0.0,11,38.0,0,1,1,7.0,0,5.5,45.0,1994-04-24
00-0030874,D.Williams,RB,KC,2019,27.41,14,0,0,0.0,0,0.0,157,694.0,9,57,41,307.0,4,217.09999,1001.0,1992-04-03
00-0034301,D.Williams,RB,KC,2019,24.38,9,0,0,0.0,0,0.0,41,141.0,3,19,15,167.0,1,67.8,308.0,1995-04-15
00-0034995,D.Williams,RB,GB,2019,22.65,2,0,0,0.0,0,0.0,5,11.0,0,0,0,0.0,0,1.1,11.0,1997-01-06
00-0034301,D.Williams,RB,KC,2020,25.38,16,0,0,0.0,0,0.0,67,304.0,2,38,25,151.0,0,84.5,455.0,1995-04-15
00-0034995,D.Williams,RB,GB,2020,23.65,1,0,0,0.0,0,0.0,2,8.0,0,0,0,0.0,0,0.8,8.0,1997-01-06
00-0030874,D.Williams,RB,CHI,2021,29.41,10,0,0,0.0,0,0.0,40,164.0,2,23,16,103.0,1,60.7,267.0,1992-04-03
00-0034301,D.Williams,RB,KC,2021,26.38,18,0,0,0.0,0,0.0,145,562.0,6,57,47,452.0,2,196.4,1014.0,1995-04-15
00-0030874,D.Williams,RB,ATL,2022,30.41,1,0,0,0.0,0,0.0,2,2.0,0,0,0,0.0,0,0.2,2.0,1992-04-03
00-0034301,D.Williams,RB,ARI,2022,27.38,5,0,0,0.0,0,0.0,21,102.0,1,8,4,9.0,0,21.1,111.0,1995-04-15
00-0030874,D.Williams,RB,ARI,2023,31.41,3,0,0,0.0,0,0.0,11,43.0,0,2,2,12.0,0,7.5,55.0,1992-04-03
00-0036383,E.Benjamin,RB,ARI,2021,22.39,8,0,0,0.0,0,0.0,38,126.0,1,9,8,68.0,0,33.4,194.0,1999-04-13
00-0036383,E.Benjamin,RB,ARI,2022,23.39,12,0,0,0.0,0,0.0,77,313.0,2,34,25,193.0,0,89.6,506.0,1999-04-13
00-0038705,E.Demercado,RB,ARI,2023,24.62,11,0,0,0.0,0,0.0,58,284.0,2,30,21,119.0,0,73.299995,403.0,1999-01-20
00-0038705,E.Demercado,RB,ARI,2024,25.62,13,0,0,0.0,0,0.0,24,223.0,1,20,16,104.0,0,54.7,327.0,1999-01-20
00-0038862,E.Dotson,RB,LAC,2023,24.62,1,0,0,0.0,0,0.0,4,6.0,0,2,2,13.0,0,3.9,19.0,1999-01-19
00-0033045,E.Elliott,RB,DAL,2019,24.11,16,0,0,0.0,0,0.0,301,1357.0,12,71,54,420.0,2,311.7,1777.0,1995-07-22
00-0033045,E.Elliott,RB,DAL,2020,25.11,15,0,0,0.0,0,0.0,244,979.0,6,71,52,338.0,2,223.7,1317.0,1995-07-22
00-0033045,E.Elliott,RB,DAL,2021,26.11,18,1,1,4.0,0,0.0,249,1033.0,10,69,48,287.0,2,256.16,1320.0,1995-07-22
00-0033045,E.Elliott,RB,DAL,2022,27.11,17,0,0,0.0,0,0.0,254,929.0,12,29,20,108.0,0,195.7,1037.0,1995-07-22
00-0033045,E.Elliott,RB,NE,2023,28.11,17,0,0,0.0,0,0.0,184,642.0,3,65,51,313.0,2,174.5,955.0,1995-07-22
00-0033045,E.Elliott,RB,DAL,2024,29.11,15,0,0,0.0,0,0.0,74,226.0,3,15,12,69.0,0,57.5,295.0,1995-07-22
00-0038396,E.Gray,RB,NYG,2023,23.83,5,0,0,0.0,0,0.0,17,48.0,0,7,6,22.0,0,13.0,70.0,1999-11-04
00-0038396,E.Gray,RB,NYG,2024,24.83,10,0,0,0.0,0,0.0,14,31.0,0,11,10,82.0,0,19.3,113.0,1999-11-04
00-0038397,E.Hull,RB,IND,2023,22.85,1,0,0,0.0,0,0.0,1,1.0,0,1,1,6.0,0,1.7,7.0,2000-10-26
00-0036567,E.Mitchell,RB,SF,2021,23.33,14,0,0,0.0,0,0.0,262,1132.0,6,29,26,194.0,1,200.6,1326.0,1998-05-02
00-0036567,E.Mitchell,RB,SF,2022,24.33,7,0,0,0.0,0,0.0,68,332.0,2,7,5,32.0,1,59.4,364.0,1998-05-02
00-0036567,E.Mitchell,RB,SF,2023,25.33,13,0,0,0.0,0,0.0,81,296.0,3,8,6,14.0,0,55.0,310.0,1998-05-02
00-0032813,E.Penny,RB,NYG,2019,26.04,8,0,0,0.0,0,0.0,15,39.0,0,4,2,9.0,0,12.8,48.0,1993-08-17
00-0032813,E.Penny,RB,NYG,2020,27.04,6,0,0,0.0,0,0.0,6,15.0,0,3,2,20.0,0,5.5,35.0,1993-08-17
00-0032813,E.Penny,RB,NYG,2021,28.04,11,0,0,0.0,0,0.0,24,99.0,1,13,9,30.0,1,35.9,129.0,1993-08-17
00-0038797,E.Wilson,RB,GB,2023,24.32,7,0,0,0.0,0,0.0,26,121.0,0,6,5,34.0,0,20.5,155.0,1999-05-08
00-0038797,E.Wilson,RB,GB,2024,25.32,18,0,0,0.0,0,0.0,106,508.0,4,17,12,71.0,1,99.9,579.0,1999-05-08
00-0023500,F.Gore,RB,BUF,2019,36.3,16,0,0,0.0,0,0.0,174,621.0,2,17,13,100.0,0,97.1,721.0,1983-05-14
00-0023500,F.Gore,RB,NYJ,2020,37.3,15,0,0,0.0,0,0.0,187,653.0,2,19,16,89.0,0,100.2,742.0,1983-05-14
00-0030456,G.Bernard,RB,CIN,2019,27.78,16,0,0,0.0,0,0.0,53,170.0,0,43,30,234.0,0,68.4,404.0,1991-11-22
00-0030456,G.Bernard,RB,CIN,2020,28.78,16,0,0,0.0,0,0.0,124,416.0,3,59,47,355.0,3,158.1,771.0,1991-11-22
00-0030456,G.Bernard,RB,TB,2021,29.78,12,0,0,0.0,0,0.0,21,102.0,1,37,28,162.0,3,78.4,264.0,1991-11-22
00-0030456,G.Bernard,RB,TB,2022,30.78,2,0,0,0.0,0,0.0,8,28.0,0,2,2,-1.0,0,4.7,27.0,1991-11-22
00-0036569,G.Brightwell,RB,NYG,2021,23.51,2,0,0,0.0,0,0.0,1,4.0,0,1,1,6.0,0,2.0,10.0,1998-02-28
00-0036569,G.Brightwell,RB,NYG,2022,24.51,9,0,0,0.0,0,0.0,32,151.0,1,8,5,39.0,0,30.0,190.0,1998-02-28
00-0036569,G.Brightwell,RB,NYG,2023,25.51,3,0,0,0.0,0,0.0,9,19.0,0,7,5,47.0,0,11.6,66.0,1998-02-28
00-0034184,G.Edwards,RB,BAL,2019,24.39,17,0,0,0.0,0,0.0,136,731.0,2,7,7,45.0,0,94.6,776.0,1995-04-13
00-0034184,G.Edwards,RB,BAL,2020,25.39,18,0,0,0.0,0,0.0,162,803.0,6,13,9,129.0,0,136.2,932.0,1995-04-13
00-0034184,G.Edwards,RB,BAL,2022,27.39,10,0,0,0.0,0,0.0,99,472.0,3,3,1,13.0,0,65.5,485.0,1995-04-13
00-0034184,G.Edwards,RB,BAL,2023,28.39,19,0,0,0.0,0,0.0,211,870.0,13,16,14,195.0,0,196.5,1065.0,1995-04-13
00-0034184,G.Edwards,RB,LAC,2024,29.39,12,0,0,0.0,0,0.0,108,387.0,4,5,3,6.0,0,66.3,393.0,1995-04-13
00-0039299,G.Holani,RB,SEA,2024,24.71,2,0,0,0.0,0,0.0,3,10.0,0,1,1,-1.0,0,1.9,9.0,1999-12-16
00-0034614,G.Igwebuike,RB,DET,2021,,8,0,0,0.0,0,0.0,18,118.0,1,10,7,60.0,0,26.800001,178.0,
00-0034614,G.Igwebuike,RB,DET,2021,26.98,8,0,0,0.0,0,0.0,18,118.0,1,10,7,60.0,0,26.800001,178.0,1994-09-10
00-0034614,G.Igwebuike,RB,SEA,2022,,1,0,0,0.0,0,0.0,3,4.0,0,1,1,3.0,0,1.7,7.0,
00-0034614,G.Igwebuike,RB,SEA,2022,27.98,1,0,0,0.0,0,0.0,3,4.0,0,1,1,3.0,0,1.7,7.0,1994-09-10
00-0037617,H.Haskins,RB,TEN,2022,22.77,7,0,0,0.0,0,0.0,25,93.0,0,12,11,57.0,0,26.0,150.0,1999-11-26
00-0037617,H.Haskins,RB,LAC,2024,24.77,12,0,0,0.0,0,0.0,35,94.0,2,4,3,49.0,1,33.3,143.0,1999-11-26
00-0038389,I.Abanikanda,RB,NYJ,2023,20.91,6,0,0,0.0,0,0.0,22,70.0,0,11,7,43.0,0,18.300001,113.0,2002-10-05
00-0039798,I.Davis,RB,NYJ,2024,22.53,9,0,0,0.0,0,0.0,30,174.0,1,12,9,75.0,1,45.9,249.0,2002-02-21
00-0039363,I.Guerendo,RB,SF,2024,24.18,13,0,0,0.0,0,0.0,84,420.0,4,16,15,152.0,0,96.2,572.0,2000-06-28
00-0037197,I.Pacheco,RB,KC,2022,23.5,20,0,0,0.0,0,0.0,207,1027.0,6,21,19,195.0,0,173.2,1222.0,1999-03-02
00-0037197,I.Pacheco,RB,KC,2023,24.5,18,0,0,0.0,0,0.0,286,1248.0,10,61,56,304.0,2,279.2,1552.0,1999-03-02
00-0037197,I.Pacheco,RB,KC,2024,25.5,10,0,0,0.0,0,0.0,96,347.0,1,21,15,96.0,0,65.3,443.0,1999-03-02
00-0034378,I.Smith,RB,ATL,2019,23.97,7,0,0,0.0,0,0.0,22,106.0,1,14,11,87.0,0,36.3,193.0,1995-09-11
00-0034378,I.Smith,RB,ATL,2020,24.97,14,0,0,0.0,0,0.0,63,268.0,1,26,17,75.0,0,57.3,343.0,1995-09-11
00-0034378,I.Smith,RB,DAL,2021,25.97,1,0,0,0.0,0,0.0,1,4.0,1,0,0,0.0,0,6.4,4.0,1995-09-11
00-0038045,I.Spiller,RB,LAC,2022,21.06,5,0,0,0.0,0,0.0,18,41.0,0,3,3,13.0,0,8.4,54.0,2001-08-09
00-0038045,I.Spiller,RB,LAC,2023,22.06,9,0,0,0.0,0,0.0,37,96.0,0,6,6,34.0,0,19.0,130.0,2001-08-09
00-0034457,J.Adams,RB,NYJ,2019,22.84,2,0,0,0.0,0,0.0,8,12.0,0,0,0,0.0,0,1.2,12.0,1996-10-29
00-0034457,J.Adams,RB,NYJ,2020,23.84,6,0,0,0.0,0,0.0,29,157.0,2,8,6,29.0,0,36.6,186.0,1996-10-29
00-0031590,J.Ajayi,RB,PHI,2019,26.21,3,0,0,0.0,0,0.0,10,30.0,0,1,0,0.0,0,3.0,30.0,1993-06-15
00-0031577,J.Allen,RB,NYG,2019,28.01,3,0,0,0.0,0,0.0,10,36.0,1,2,1,9.0,0,11.5,45.0,1991-08-27
00-0039344,J.Brooks,RB,CAR,2024,21.11,3,0,0,0.0,0,0.0,9,22.0,0,3,3,23.0,0,7.4999995,45.0,2003-07-21
00-0037594,J.Chestnut,RB,TEN,2022,21.85,3,0,0,0.0,0,0.0,9,12.0,0,3,3,41.0,0,8.299999,53.0,2000-10-26
00-0037594,J.Chestnut,RB,TEN,2024,23.85,7,0,0,0.0,0,0.0,22,102.0,0,3,2,11.0,0,13.3,113.0,2000-10-26
00-0033553,J.Conner,RB,PIT,2019,24.32,10,0,0,0.0,0,0.0,116,464.0,4,38,34,251.0,3,145.5,715.0,1995-05-05
00-0033553,J.Conner,RB,PIT,2020,25.32,14,0,0,0.0,0,0.0,180,758.0,7,48,40,245.0,0,184.3,1003.0,1995-05-05
00-0033553,J.Conner,RB,ARI,2021,26.32,16,0,0,0.0,0,0.0,206,771.0,16,41,38,380.0,3,267.1,1151.0,1995-05-05
00-0033553,J.Conner,RB,ARI,2022,27.32,13,0,0,0.0,0,0.0,183,782.0,7,58,46,300.0,1,200.2,1082.0,1995-05-05
00-0033553,J.Conner,RB,ARI,2023,28.32,13,0,0,0.0,0,0.0,208,1040.0,7,33,27,165.0,2,201.5,1205.0,1995-05-05
00-0033553,J.Conner,RB,ARI,2024,29.32,16,0,0,0.0,0,0.0,236,1094.0,8,55,47,414.0,1,253.8,1508.0,1995-05-05
00-0037248,J.Cook,RB,BUF,2022,22.94,18,0,0,0.0,0,0.0,106,559.0,3,32,21,180.0,1,116.9,739.0,1999-09-25
00-0037248,J.Cook,RB,BUF,2023,23.94,19,0,0,0.0,0,0.0,273,1262.0,2,63,52,471.0,4,257.3,1733.0,1999-09-25
00-0037248,J.Cook,RB,BUF,2024,24.94,19,0,0,0.0,0,0.0,260,1281.0,19,44,38,322.0,2,324.3,1603.0,1999-09-25
00-0037410,J.Corbin,RB,NYG,2023,23.03,1,0,0,0.0,0,0.0,1,1.0,0,3,3,12.0,0,4.3,13.0,2000-08-20
00-0036158,J.Dobbins,RB,BAL,2020,21.71,17,0,0,0.0,0,0.0,153,890.0,10,30,22,165.0,0,191.5,1055.0,1998-12-17
00-0036158,J.Dobbins,RB,BAL,2022,23.71,9,0,0,0.0,0,0.0,105,582.0,2,13,11,85.0,2,101.7,667.0,1998-12-17
00-0036158,J.Dobbins,RB,BAL,2023,24.71,1,0,0,0.0,0,0.0,8,22.0,1,3,2,15.0,0,11.7,37.0,1998-12-17
00-0036158,J.Dobbins,RB,LAC,2024,25.71,14,0,0,0.0,0,0.0,204,931.0,9,39,32,153.0,0,194.4,1084.0,1998-12-17
00-0032377,J.Ferguson,RB,WAS,2019,26.27,1,0,0,0.0,0,0.0,3,9.0,0,0,0,0.0,0,0.9,9.0,1993-05-23
00-0037267,J.Ford,RB,CLE,2022,22.97,2,0,0,0.0,0,0.0,8,12.0,0,0,0,0.0,0,1.2,12.0,1999-09-12
00-0037267,J.Ford,RB,CLE,2023,23.97,18,0,0,0.0,0,0.0,213,830.0,4,67,48,334.0,5,220.4,1164.0,1999-09-12
00-0037267,J.Ford,RB,CLE,2024,24.97,14,0,0,0.0,0,0.0,104,565.0,3,43,37,225.0,0,134.0,790.0,1999-09-12
00-0036860,J.Funk,RB,LA,2021,23.64,3,0,0,0.0,0,0.0,4,10.0,0,0,0,0.0,0,1.0,10.0,1998-01-11
00-0036860,J.Funk,RB,IND,2023,25.64,1,0,0,0.0,0,0.0,2,10.0,0,1,1,12.0,0,3.2,22.0,1998-01-11
00-0039139,J.Gibbs,RB,DET,2023,21.45,18,0,0,0.0,0,0.0,211,1089.0,13,85,63,410.0,1,292.9,1499.0,2002-03-20
00-0039139,J.Gibbs,RB,DET,2024,22.45,18,0,0,0.0,0,0.0,264,1517.0,18,74,58,567.0,3,390.4,2084.0,2002-03-20
00-0036768,J.Hardy,RB,DAL,2021,23.67,2,0,0,0.0,0,0.0,4,29.0,1,0,0,0.0,0,8.900001,29.0,1997-12-31
00-0036768,J.Hardy,RB,DAL,2021,,2,0,0,0.0,0,0.0,4,29.0,1,0,0,0.0,0,8.900001,29.0,
00-0035806,J.Hasty,RB,SF,2020,23.97,6,0,0,0.0,0,0.0,39,148.0,1,8,7,33.0,0,31.1,181.0,1996-09-12
00-0035806,J.Hasty,RB,SF,2021,24.97,11,0,0,0.0,0,0.0,16,68.0,1,32,24,163.0,0,53.1,231.0,1996-09-12
00-0035806,J.Hasty,RB,JAX,2022,25.97,15,0,0,0.0,0,0.0,50,230.0,2,28,21,133.0,1,75.299995,363.0,1996-09-12
00-0035806,J.Hasty,RB,JAX,2023,26.97,1,0,0,0.0,0,0.0,0,0.0,0,2,0,0.0,0,0.0,0.0,1996-09-12
00-0035806,J.Hasty,RB,NE,2024,27.97,9,0,0,0.0,0,0.0,20,69.0,0,12,10,59.0,1,28.8,128.0,1996-09-12
00-0034975,J.Hill,RB,BAL,2019,21.8,16,0,0,0.0,0,0.0,58,225.0,2,20,12,96.0,0,56.1,321.0,1997-11-14
00-0034975,J.Hill,RB,BAL,2020,22.8,7,0,0,0.0,0,0.0,12,60.0,0,6,5,20.0,0,13.0,80.0,1997-11-14
00-0034975,J.Hill,RB,BAL,2022,24.8,14,0,0,0.0,0,0.0,49,262.0,0,14,14,68.0,0,45.0,330.0,1997-11-14
00-0034975,J.Hill,RB,BAL,2023,25.8,18,0,0,0.0,0,0.0,100,456.0,3,48,34,251.0,1,126.7,707.0,1997-11-14
00-0034975,J.Hill,RB,BAL,2024,26.8,17,0,0,0.0,0,0.0,59,290.0,1,57,48,403.0,4,147.3,693.0,1997-11-14
00-0035013,J.Hilliman,RB,NYG,2019,23.8,3,0,0,0.0,0,0.0,30,91.0,0,4,3,1.0,0,8.2,92.0,1995-11-14
00-0032780,J.Howard,RB,PHI,2019,24.83,9,0,0,0.0,0,0.0,119,525.0,6,14,10,69.0,1,111.4,594.0,1994-11-02
00-0032780,J.Howard,RB,MIA,2020,25.83,7,0,0,0.0,0,0.0,35,60.0,4,1,1,-3.0,0,30.7,57.0,1994-11-02
00-0032780,J.Howard,RB,PHI,2021,26.83,8,0,0,0.0,0,0.0,86,406.0,3,6,3,26.0,0,64.200005,432.0,1994-11-02
00-0032780,J.Howard,RB,NO,2022,27.83,1,0,0,0.0,0,0.0,1,1.0,0,0,0,0.0,0,0.1,1.0,1994-11-02
00-0036278,J.Huntley,RB,PHI,2020,22.37,3,0,0,0.0,0,0.0,5,19.0,0,2,1,0.0,0,2.9,19.0,1998-04-20
00-0036278,J.Huntley,RB,PHI,2021,23.37,1,0,0,0.0,0,0.0,13,51.0,0,1,0,0.0,0,5.1,51.0,1998-04-20
00-0034440,J.Jackson,RB,LAC,2019,23.36,7,0,0,0.0,0,0.0,29,200.0,0,11,9,22.0,0,31.2,222.0,1996-04-22
00-0034440,J.Jackson,RB,LAC,2020,24.36,8,0,0,0.0,0,0.0,59,270.0,0,24,19,173.0,0,65.3,443.0,1996-04-22
00-0034440,J.Jackson,RB,LAC,2021,25.36,13,0,0,0.0,0,0.0,68,364.0,2,25,22,178.0,0,86.2,542.0,1996-04-22
00-0034440,J.Jackson,RB,DET,2022,26.36,12,0,0,0.0,0,0.0,42,170.0,1,19,12,101.0,1,51.100002,271.0,1996-04-22
00-0035700,J.Jacobs,RB,LV,2019,21.56,13,0,0,0.0,0,0.0,242,1150.0,7,27,20,166.0,0,191.6,1316.0,1998-02-11
00-0035700,J.Jacobs,RB,LV,2020,22.56,15,0,0,0.0,0,0.0,273,1065.0,12,45,33,238.0,0,231.3,1303.0,1998-02-11
00-0035700,J.Jacobs,RB,LV,2021,23.56,16,0,0,0.0,0,0.0,230,955.0,9,69,58,392.0,0,242.7,1347.0,1998-02-11
00-0035700,J.Jacobs,RB,LV,2022,24.56,17,0,0,0.0,0,0.0,340,1653.0,12,64,53,400.0,0,328.3,2053.0,1998-02-11
00-0035700,J.Jacobs,RB,LV,2023,25.56,13,0,0,0.0,0,0.0,233,805.0,6,54,37,296.0,0,181.09999,1101.0,1998-02-11
00-0035700,J.Jacobs,RB,GB,2024,26.56,18,0,0,0.0,0,0.0,319,1410.0,16,46,39,382.0,1,314.2,1792.0,1998-02-11
00-0036670,J.Jefferson,RB,DET,2021,21.38,4,0,0,0.0,0,0.0,15,74.0,2,5,4,23.0,0,25.7,97.0,2000-04-15
00-0036670,J.Jefferson,RB,DET,2024,24.38,2,0,0,0.0,0,0.0,6,22.0,0,1,1,10.0,0,4.2,32.0,2000-04-15
00-0036370,J.Kelley,RB,LAC,2020,22.78,13,0,0,0.0,0,0.0,111,354.0,2,23,23,148.0,0,81.2,502.0,1997-11-20
00-0036370,J.Kelley,RB,LAC,2021,23.78,8,0,0,0.0,0,0.0,33,102.0,0,6,5,38.0,0,17.0,140.0,1997-11-20
00-0036370,J.Kelley,RB,LAC,2022,24.78,13,0,0,0.0,0,0.0,76,307.0,2,26,15,109.0,0,68.6,416.0,1997-11-20
00-0036370,J.Kelley,RB,LAC,2023,25.78,17,0,0,0.0,0,0.0,107,405.0,2,12,8,32.0,0,61.7,437.0,1997-11-20
00-0036370,J.Kelley,RB,TEN,2024,26.78,1,0,0,0.0,0,0.0,1,2.0,0,0,0,0.0,0,0.2,2.0,1997-11-20
00-0034808,J.Kelly,RB,LA,2019,22.91,1,0,0,0.0,0,0.0,3,9.0,0,0,0,0.0,0,0.9,9.0,1996-10-04
00-0034808,J.Kelly,RB,CLE,2021,24.91,1,0,0,0.0,0,0.0,2,13.0,0,0,0,0.0,0,1.3,13.0,1996-10-04
00-0039617,J.Kibodi,RB,CLE,2024,25.91,1,0,0,0.0,0,0.0,5,24.0,0,3,1,15.0,0,4.9,39.0,1998-10-04
00-0037525,J.Mason,RB,SF,2022,23.27,9,0,0,0.0,0,0.0,45,270.0,1,0,0,0.0,0,33.0,270.0,1999-05-24
00-0037525,J.Mason,RB,SF,2023,24.27,9,0,0,0.0,0,0.0,40,206.0,3,4,3,31.0,0,44.7,237.0,1999-05-24
00-0037525,J.Mason,RB,SF,2024,25.27,12,0,0,0.0,0,0.0,153,789.0,3,14,11,91.0,0,115.0,880.0,1999-05-24
00-0039393,J.McClellan,RB,ATL,2024,22.19,2,0,0,0.0,0,0.0,13,32.0,0,0,0,0.0,0,3.2,32.0,2002-06-25
00-0031376,J.McKinnon,RB,SF,2020,28.33,14,0,0,0.0,0,0.0,81,319.0,5,46,33,253.0,1,126.2,572.0,1992-05-03
00-0031376,J.McKinnon,RB,KC,2021,29.33,10,0,0,0.0,0,0.0,46,212.0,0,37,27,272.0,2,87.4,484.0,1992-05-03
00-0031376,J.McKinnon,RB,KC,2022,30.33,20,0,0,0.0,0,0.0,91,351.0,1,78,61,544.0,9,210.5,895.0,1992-05-03
00-0031376,J.McKinnon,RB,KC,2023,31.33,13,1,1,4.0,1,0.0,21,60.0,1,34,27,207.0,4,87.86,267.0,1992-05-03
00-0032602,J.McKissic,RB,DET,2019,26.05,15,0,0,0.0,0,0.0,38,205.0,0,42,34,233.0,1,83.8,438.0,1993-08-15
00-0032602,J.McKissic,RB,WAS,2020,27.05,17,0,0,0.0,0,0.0,87,370.0,2,113,82,597.0,2,200.7,967.0,1993-08-15
00-0032602,J.McKissic,RB,WAS,2021,28.05,11,0,0,0.0,0,0.0,48,212.0,2,53,43,397.0,2,127.9,609.0,1993-08-15
00-0032602,J.McKissic,RB,WAS,2022,29.05,8,0,0,0.0,0,0.0,22,95.0,0,40,27,173.0,0,55.8,268.0,1993-08-15
00-0038794,J.McLaughlin,RB,DEN,2023,22.97,17,0,0,0.0,0,0.0,76,410.0,1,36,31,160.0,2,106.0,570.0,2000-09-13
00-0038794,J.McLaughlin,RB,DEN,2024,23.97,17,0,0,0.0,0,0.0,115,494.0,1,28,25,76.0,2,98.0,570.0,2000-09-13
00-0033955,J.McNichols,RB,TEN,2020,24.68,16,0,0,0.0,0,0.0,48,208.0,1,17,12,55.0,0,44.3,263.0,1995-12-26
00-0033955,J.McNichols,RB,TEN,2021,25.68,13,0,0,0.0,0,0.0,41,156.0,0,38,28,240.0,1,73.6,396.0,1995-12-26
00-0033955,J.McNichols,RB,WAS,2024,28.68,16,0,0,0.0,0,0.0,60,270.0,5,12,9,27.0,0,70.7,297.0,1995-12-26
00-0038678,J.Mims,RB,NO,2023,24.21,1,0,0,0.0,0,0.0,0,0.0,0,2,0,0.0,0,0.0,0.0,1999-06-16
00-0038678,J.Mims,RB,NO,2024,25.21,7,0,0,0.0,0,0.0,20,70.0,0,18,12,71.0,0,26.1,141.0,1999-06-16
00-0033897,J.Mixon,RB,CIN,2019,23.11,16,0,0,0.0,0,0.0,278,1137.0,5,45,35,287.0,3,225.4,1424.0,1996-07-24
00-0033897,J.Mixon,RB,CIN,2020,24.11,6,0,0,0.0,0,0.0,119,428.0,3,26,21,138.0,1,99.6,566.0,1996-07-24
00-0033897,J.Mixon,RB,CIN,2021,25.11,20,1,1,6.0,1,0.0,359,1467.0,14,69,60,421.0,3,353.04,1888.0,1996-07-24
00-0033897,J.Mixon,RB,CIN,2022,26.11,17,0,0,0.0,0,0.0,249,977.0,8,85,68,491.0,2,274.8,1468.0,1996-07-24
00-0033897,J.Mixon,RB,CIN,2023,27.11,17,0,0,0.0,0,0.0,257,1034.0,9,64,52,376.0,3,267.0,1410.0,1996-07-24
00-0033897,J.Mixon,RB,HOU,2024,28.11,16,0,1,0.0,0,0.0,288,1210.0,13,57,39,334.0,1,275.4,1544.0,1996-07-24
00-0035760,J.Patrick,RB,SF,2021,24.65,1,0,0,0.0,0,0.0,2,12.0,0,0,0,0.0,0,1.2,12.0,1997-01-07
00-0036755,J.Patterson,RB,WAS,2021,21.69,14,0,0,0.0,0,0.0,68,266.0,2,11,10,73.0,0,55.9,339.0,1999-12-23
00-0036755,J.Patterson,RB,WAS,2022,22.69,1,0,0,0.0,0,0.0,17,78.0,0,1,0,0.0,0,7.8,78.0,1999-12-23
00-0033025,J.Richard,RB,LV,2019,25.88,16,0,0,0.0,0,0.0,39,145.0,0,43,36,323.0,0,82.8,468.0,1993-10-15
00-0033025,J.Richard,RB,LV,2020,26.88,12,0,0,0.0,0,0.0,22,123.0,1,23,19,138.0,0,51.1,261.0,1993-10-15
00-0033025,J.Richard,RB,LV,2021,27.88,9,0,0,0.0,0,0.0,9,40.0,0,16,13,76.0,0,24.599998,116.0,1993-10-15
00-0035831,J.Robinson,RB,JAX,2020,22.06,14,0,0,0.0,0,0.0,240,1070.0,7,60,49,344.0,3,250.4,1414.0,1998-08-09
00-0035831,J.Robinson,RB,JAX,2021,23.06,14,0,0,0.0,0,0.0,164,767.0,8,46,31,222.0,0,173.9,989.0,1998-08-09
00-0035831,J.Robinson,RB,JAX,2022,24.06,11,0,0,0.0,0,0.0,110,425.0,3,14,11,51.0,2,88.6,476.0,1998-08-09
00-0035831,J.Robinson,RB,GB,2023,25.06,1,0,0,0.0,0,0.0,1,2.0,0,1,1,-2.0,0,1.0,0.0,1998-08-09
00-0034331,J.Samuels,RB,PIT,2019,23.12,13,4,5,35.0,0,1.0,66,175.0,1,57,47,305.0,1,104.4,480.0,1996-07-20
00-0034331,J.Samuels,RB,PIT,2020,24.12,8,0,0,0.0,0,0.0,9,28.0,0,14,9,46.0,0,16.4,74.0,1996-07-20
00-0034331,J.Samuels,RB,HOU,2021,25.12,2,0,0,0.0,0,0.0,5,9.0,0,4,3,14.0,0,5.2999997,23.0,1996-07-20
00-0035275,J.Scarlett,RB,CAR,2019,24.15,1,0,0,0.0,0,0.0,4,9.0,0,0,0,0.0,0,0.9,9.0,1995-07-08
00-0036096,J.Taylor,RB,NE,2020,22.66,5,0,0,0.0,0,0.0,23,110.0,0,2,1,4.0,0,12.4,114.0,1998-01-04
00-0036223,J.Taylor,RB,IND,2020,21.62,16,0,0,0.0,0,0.0,253,1247.0,12,43,38,305.0,1,269.19998,1552.0,1999-01-19
00-0036096,J.Taylor,RB,NE,2021,23.66,5,0,0,0.0,0,0.0,19,37.0,2,4,4,8.0,0,18.5,45.0,1998-01-04
00-0036223,J.Taylor,RB,IND,2021,22.62,17,0,0,0.0,0,0.0,332,1811.0,18,51,40,360.0,2,373.1,2171.0,1999-01-19
00-0036096,J.Taylor,RB,NE,2022,24.66,1,0,0,0.0,0,0.0,10,9.0,0,1,1,8.0,0,2.7,17.0,1998-01-04
00-0036223,J.Taylor,RB,IND,2022,23.62,11,0,0,0.0,0,0.0,192,861.0,4,40,28,143.0,0,146.4,1004.0,1999-01-19
00-0036223,J.Taylor,RB,IND,2023,24.62,10,0,0,0.0,0,0.0,169,741.0,7,23,19,153.0,1,156.4,894.0,1999-01-19
00-0036096,J.Taylor,RB,HOU,2024,26.66,3,0,0,0.0,0,0.0,10,44.0,0,3,2,0.0,0,6.3999996,44.0,1998-01-04
00-0036223,J.Taylor,RB,IND,2024,25.62,14,0,0,0.0,0,0.0,303,1431.0,11,31,18,136.0,1,246.7,1567.0,1999-01-19
00-0035924,J.Ward,RB,ARI,2020,22.92,1,0,0,0.0,0,0.0,0,0.0,0,1,1,11.0,1,8.1,11.0,1997-09-30
00-0035924,J.Ward,RB,ARI,2021,23.92,6,0,0,0.0,0,0.0,9,33.0,0,4,3,34.0,0,9.7,67.0,1997-09-30
00-0035924,J.Ward,RB,TEN,2022,24.92,2,0,0,0.0,0,0.0,5,25.0,0,3,2,7.0,0,5.2,32.0,1997-09-30
00-0035924,J.Ward,RB,TEN,2023,25.92,1,0,0,0.0,0,0.0,3,11.0,0,0,0,0.0,0,1.1,11.0,1997-09-30
00-0035924,J.Ward,RB,PIT,2024,26.92,2,0,0,0.0,0,0.0,5,22.0,0,0,0,0.0,0,2.1999998,22.0,1997-09-30
00-0037228,J.Warren,RB,PIT,2022,23.83,16,0,0,0.0,0,0.0,77,379.0,1,33,28,214.0,0,93.3,593.0,1998-11-01
00-0037228,J.Warren,RB,PIT,2023,24.83,18,0,0,0.0,0,0.0,157,822.0,4,76,63,386.0,0,203.8,1208.0,1998-11-01
00-0037228,J.Warren,RB,PIT,2024,25.83,16,0,0,0.0,0,0.0,122,517.0,1,52,42,329.0,0,130.6,846.0,1998-11-01
00-0031062,J.White,RB,NE,2019,27.58,16,1,1,35.0,0,0.0,68,277.0,1,100,77,707.0,5,214.8,984.0,1992-02-03
00-0031062,J.White,RB,NE,2020,28.58,14,0,0,0.0,0,0.0,35,121.0,2,62,49,375.0,1,116.6,496.0,1992-02-03
00-0031062,J.White,RB,NE,2021,29.58,3,0,0,0.0,0,0.0,10,38.0,1,14,12,94.0,0,31.2,132.0,1992-02-03
00-0034400,J.Wilkins,RB,IND,2019,25.12,12,0,0,0.0,0,0.0,51,307.0,2,11,7,43.0,0,54.0,350.0,1994-07-18
00-0034400,J.Wilkins,RB,IND,2020,26.12,12,0,0,0.0,0,0.0,84,308.0,1,16,12,105.0,0,61.3,413.0,1994-07-18
00-0034400,J.Wilkins,RB,IND,2022,28.12,4,0,0,0.0,0,0.0,13,58.0,0,8,6,29.0,0,14.7,87.0,1994-07-18
00-0032975,J.Williams,RB,IND,2019,25.58,4,0,0,0.0,0,0.0,49,235.0,1,5,5,59.0,0,40.4,294.0,1994-02-02
00-0033948,J.Williams,RB,GB,2019,24.41,16,0,0,0.0,0,0.0,111,469.0,1,49,42,263.0,5,151.2,732.0,1995-04-03
00-0032975,J.Williams,RB,DET,2020,26.58,1,0,0,0.0,0,0.0,1,5.0,0,4,4,21.0,0,4.6,26.0,1994-02-02
00-0033948,J.Williams,RB,GB,2020,25.41,16,0,0,0.0,0,0.0,138,593.0,2,39,35,258.0,1,142.1,851.0,1995-04-03
00-0032975,J.Williams,RB,WAS,2021,27.58,5,0,0,0.0,0,0.0,17,79.0,1,6,4,28.0,0,20.7,107.0,1994-02-02
00-0033948,J.Williams,RB,DET,2021,26.41,13,0,0,0.0,0,0.0,153,601.0,3,28,26,157.0,0,119.8,758.0,1995-04-03
00-0036997,J.Williams,RB,DEN,2021,21.35,17,0,0,0.0,0,0.0,203,903.0,4,53,43,316.0,3,204.9,1219.0,2000-04-25
00-0032975,J.Williams,RB,WAS,2022,28.58,7,0,0,0.0,0,0.0,37,152.0,0,10,7,40.0,0,26.2,192.0,1994-02-02
00-0033948,J.Williams,RB,DET,2022,27.41,17,0,0,0.0,0,0.0,262,1066.0,17,16,12,73.0,0,225.9,1139.0,1995-04-03
00-0036997,J.Williams,RB,DEN,2022,22.35,4,0,0,0.0,0,0.0,47,204.0,0,22,16,76.0,0,42.0,280.0,2000-04-25
00-0032975,J.Williams,RB,WAS,2023,29.58,1,0,0,0.0,0,0.0,1,-2.0,0,1,0,0.0,0,-0.2,-2.0,1994-02-02
00-0033948,J.Williams,RB,NO,2023,28.41,13,0,0,0.0,0,0.0,106,306.0,1,20,18,62.0,0,60.8,368.0,1995-04-03
00-0036997,J.Williams,RB,DEN,2023,23.35,16,0,0,0.0,0,0.0,217,774.0,3,58,47,228.0,2,179.2,1002.0,2000-04-25
00-0033948,J.Williams,RB,NO,2024,29.41,13,0,0,0.0,0,0.0,48,164.0,1,11,9,57.0,0,37.100002,221.0,1995-04-03
00-0036997,J.Williams,RB,DEN,2024,24.35,18,0,0,0.0,0,0.0,146,542.0,4,72,54,360.0,0,164.2,902.0,2000-04-25
00-0034115,J.Wilson,RB,SF,2019,23.79,9,0,0,0.0,0,0.0,27,105.0,4,6,4,54.0,1,49.9,159.0,1995-11-16
00-0034115,J.Wilson,RB,SF,2020,24.79,11,0,0,0.0,0,0.0,126,600.0,7,28,13,133.0,3,142.3,733.0,1995-11-16
00-0034115,J.Wilson,RB,SF,2021,25.79,6,0,0,0.0,0,0.0,79,294.0,2,8,7,31.0,0,51.5,325.0,1995-11-16
00-0034115,J.Wilson,RB,MIA,2022,26.79,17,0,0,0.0,0,0.0,186,883.0,6,41,23,198.0,1,169.1,1081.0,1995-11-16
00-0034115,J.Wilson,RB,MIA,2023,27.79,10,0,0,0.0,0,0.0,41,188.0,0,19,15,91.0,0,42.9,279.0,1995-11-16
00-0034115,J.Wilson,RB,MIA,2024,28.79,7,0,0,0.0,0,0.0,16,57.0,0,3,3,19.0,0,10.599999,76.0,1995-11-16
00-0039874,J.Wright,RB,MIA,2024,21.42,13,0,0,0.0,0,0.0,68,249.0,0,6,3,8.0,0,26.7,257.0,2003-04-01
00-0034799,K.Ballage,RB,MIA,2019,23.69,12,0,0,0.0,0,0.0,74,135.0,3,24,14,63.0,0,51.8,198.0,1995-12-22
00-0034799,K.Ballage,RB,LAC,2020,24.69,11,0,0,0.0,0,0.0,91,303.0,3,37,29,166.0,0,93.9,469.0,1995-12-22
00-0034799,K.Ballage,RB,PIT,2021,25.69,9,0,0,0.0,0,0.0,16,49.0,0,7,2,8.0,0,7.7,57.0,1995-12-22
00-0030465,K.Barner,RB,ATL,2019,30.34,8,1,1,3.0,0,0.0,4,28.0,0,8,6,22.0,0,17.119999,50.0,1989-04-28
00-0030465,K.Barner,RB,TB,2020,31.34,1,0,0,0.0,0,0.0,0,0.0,0,1,0,0.0,0,0.0,0.0,1989-04-28
00-0030465,K.Barner,RB,TB,2021,32.34,1,0,0,0.0,0,0.0,4,0.0,0,0,0,0.0,0,0.0,0.0,1989-04-28
00-0033118,K.Drake,RB,ARI,2019,25.6,14,0,0,0.0,0,0.0,168,785.0,8,68,50,345.0,0,217.0,1130.0,1994-01-26
00-0033118,K.Drake,RB,ARI,2020,26.6,15,0,0,0.0,0,0.0,239,955.0,10,31,25,137.0,0,192.2,1092.0,1994-01-26
00-0033118,K.Drake,RB,LV,2021,27.6,12,0,0,0.0,0,0.0,63,254.0,2,40,30,291.0,1,102.5,545.0,1994-01-26
00-0033118,K.Drake,RB,BAL,2022,28.6,12,0,0,0.0,0,0.0,109,482.0,4,26,17,89.0,1,104.1,571.0,1994-01-26
00-0033118,K.Drake,RB,BAL,2023,29.6,2,0,0,0.0,0,0.0,2,0.0,0,3,2,31.0,0,3.1,31.0,1994-01-26
00-0036919,K.Gainwell,RB,PHI,2021,22.47,17,0,0,0.0,0,0.0,69,297.0,5,55,38,302.0,2,139.9,599.0,1999-03-14
00-0036919,K.Gainwell,RB,PHI,2022,23.47,20,0,0,0.0,0,0.0,86,421.0,5,38,30,224.0,0,124.5,645.0,1999-03-14
00-0036919,K.Gainwell,RB,PHI,2023,24.47,17,1,1,17.0,0,0.0,88,367.0,2,39,32,193.0,0,100.68,560.0,1999-03-14
00-0036919,K.Gainwell,RB,PHI,2024,25.47,20,0,0,0.0,0,0.0,88,332.0,1,25,19,142.0,0,72.4,474.0,1999-03-14
00-0037286,K.Harris,RB,NE,2022,21.79,5,0,0,0.0,0,0.0,18,52.0,1,0,0,0.0,0,11.2,52.0,2000-11-17
00-0037286,K.Harris,RB,NE,2023,22.79,4,0,0,0.0,0,0.0,16,65.0,1,3,3,58.0,0,21.3,123.0,2000-11-17
00-0036906,K.Herbert,RB,CHI,2021,23.36,14,0,0,0.0,0,0.0,103,433.0,2,16,14,96.0,0,78.9,529.0,1998-04-21
00-0036906,K.Herbert,RB,CHI,2022,24.36,13,0,0,0.0,0,0.0,129,731.0,4,12,9,57.0,1,117.8,788.0,1998-04-21
00-0036906,K.Herbert,RB,CHI,2023,25.36,12,0,0,0.0,0,0.0,132,611.0,2,31,20,134.0,1,112.5,745.0,1998-04-21
00-0036906,K.Herbert,RB,CIN,2024,26.36,8,0,0,0.0,0,0.0,36,130.0,1,11,10,25.0,0,31.5,155.0,1998-04-21
00-0036669,K.Hill,RB,GB,2021,23.04,4,0,0,0.0,0,0.0,10,24.0,0,2,1,5.0,0,3.9,29.0,1998-08-18
00-0036669,K.Hill,RB,GB,2022,24.04,1,0,0,0.0,0,0.0,1,7.0,0,0,0,0.0,0,0.7,7.0,1998-08-18
00-0033923,K.Hunt,RB,CLE,2019,24.07,8,0,0,0.0,0,0.0,43,179.0,2,44,37,285.0,1,101.4,464.0,1995-08-06
00-0033923,K.Hunt,RB,CLE,2020,25.07,18,0,0,0.0,0,0.0,212,921.0,9,53,40,319.0,5,248.0,1240.0,1995-08-06
00-0033923,K.Hunt,RB,CLE,2021,26.07,8,0,0,0.0,0,0.0,78,386.0,5,27,22,174.0,0,110.0,560.0,1995-08-06
00-0033923,K.Hunt,RB,CLE,2022,27.07,17,0,0,0.0,0,0.0,123,468.0,3,44,35,210.0,1,126.8,678.0,1995-08-06
00-0033923,K.Hunt,RB,CLE,2023,28.07,16,0,0,0.0,0,0.0,143,437.0,10,27,20,93.0,1,139.0,530.0,1995-08-06
00-0033923,K.Hunt,RB,KC,2024,29.07,16,0,0,0.0,0,0.0,228,845.0,9,35,26,189.0,0,183.4,1034.0,1995-08-06
00-0037299,K.Ingram,RB,ARI,2022,22.85,10,0,0,0.0,0,0.0,27,60.0,1,5,4,21.0,0,18.099998,81.0,1999-10-26
00-0037299,K.Ingram,RB,ARI,2023,23.85,7,0,0,0.0,0,0.0,35,74.0,0,4,4,26.0,0,14.0,100.0,1999-10-26
00-0034349,K.Johnson,RB,DET,2019,22.17,8,0,0,0.0,0,0.0,113,403.0,3,15,10,127.0,1,85.0,530.0,1997-06-30
00-0034349,K.Johnson,RB,DET,2020,23.17,14,0,0,0.0,0,0.0,52,181.0,2,26,19,187.0,1,71.8,368.0,1997-06-30
00-0038636,K.McIntosh,RB,SEA,2024,24.5,7,0,0,0.0,0,0.0,31,172.0,0,4,3,22.0,0,22.4,194.0,2000-03-03
00-0038551,K.Miller,RB,NO,2023,21.22,7,0,0,0.0,0,0.0,41,156.0,1,11,10,117.0,0,43.3,273.0,2002-06-11
00-0038551,K.Miller,RB,NO,2024,22.22,6,0,0,0.0,0,0.0,39,148.0,1,8,5,33.0,0,29.099998,181.0,2002-06-11
00-0038454,K.Mitchell,RB,BAL,2023,21.62,7,0,0,0.0,0,0.0,47,396.0,2,11,9,93.0,0,69.9,489.0,2002-01-17
00-0038454,K.Mitchell,RB,BAL,2024,22.62,2,0,0,0.0,0,0.0,15,30.0,0,1,1,28.0,0,6.8,58.0,2002-01-17
00-0036842,K.Nwangwu,RB,MIN,2021,23.56,6,0,0,0.0,0,0.0,13,61.0,0,5,4,9.0,0,23.0,70.0,1998-02-09
00-0036842,K.Nwangwu,RB,MIN,2022,24.56,3,0,0,0.0,0,0.0,9,14.0,0,2,2,21.0,0,11.5,35.0,1998-02-09
00-0036842,K.Nwangwu,RB,MIN,2023,25.56,3,0,0,0.0,0,0.0,5,13.0,0,0,0,0.0,0,1.3,13.0,1998-02-09
00-0036842,K.Nwangwu,RB,NYJ,2024,26.56,1,0,0,0.0,0,0.0,0,0.0,0,0,0,0.0,0,6.0,0.0,1998-02-09
00-0036450,K.Vaughn,RB,TB,2020,23.33,7,0,0,0.0,0,0.0,31,130.0,0,11,5,34.0,1,23.4,164.0,1997-05-04
00-0036450,K.Vaughn,RB,TB,2021,24.33,7,0,0,0.0,0,0.0,53,233.0,3,10,6,35.0,0,50.8,268.0,1997-05-04
00-0036450,K.Vaughn,RB,TB,2022,25.33,5,0,0,0.0,0,0.0,17,53.0,0,4,3,19.0,0,10.200001,72.0,1997-05-04
00-0036450,K.Vaughn,RB,TB,2023,26.33,5,0,0,0.0,0,0.0,24,42.0,0,5,2,2.0,0,6.4,44.0,1997-05-04
00-0036450,K.Vaughn,RB,SF,2024,27.33,1,0,0,0.0,0,0.0,2,4.0,0,0,0,0.0,0,0.4,4.0,1997-05-04
00-0039391,K.Vidal,RB,LAC,2024,23.01,9,0,0,0.0,0,0.0,43,155.0,0,9,5,62.0,1,32.7,217.0,2001-08-28
00-0038134,K.Walker,RB,SEA,2022,21.87,16,0,0,0.0,0,0.0,243,1113.0,10,36,28,168.0,0,216.09999,1281.0,2000-10-20
00-0038134,K.Walker,RB,SEA,2023,22.87,15,0,0,0.0,0,0.0,219,905.0,8,37,29,259.0,1,199.40001,1164.0,2000-10-20
00-0038134,K.Walker,RB,SEA,2024,23.87,11,0,0,0.0,0,0.0,153,573.0,7,53,46,299.0,1,181.2,872.0,2000-10-20
00-0035596,K.Whyte,RB,PIT,2019,22.84,6,0,0,0.0,0,0.0,24,122.0,0,1,1,9.0,0,14.1,131.0,1996-10-31
00-0037840,K.Williams,RB,LA,2022,22.02,8,0,0,0.0,0,0.0,35,139.0,0,12,9,76.0,0,30.5,215.0,2000-08-26
00-0037840,K.Williams,RB,LA,2023,23.02,13,0,0,0.0,0,0.0,241,1205.0,12,49,33,215.0,3,263.0,1420.0,2000-08-26
00-0037840,K.Williams,RB,LA,2024,24.02,18,0,0,0.0,0,0.0,351,1481.0,14,45,38,197.0,3,299.8,1678.0,2000-08-26
00-0030496,L.Bell,RB,NYJ,2019,27.54,15,0,0,0.0,0,0.0,245,789.0,3,78,66,461.0,1,215.0,1250.0,1992-02-18
00-0030496,L.Bell,RB,KC,2020,28.54,12,0,0,0.0,0,0.0,84,334.0,2,23,16,138.0,0,75.200005,472.0,1992-02-18
00-0030496,L.Bell,RB,BAL,2021,29.54,8,0,0,0.0,0,0.0,39,101.0,2,7,5,30.0,1,38.1,131.0,1992-02-18
00-0035912,L.Bellamy,RB,DEN,2020,23.76,2,0,0,0.0,0,0.0,4,11.0,0,1,1,5.0,0,2.6,16.0,1996-11-28
00-0033856,L.Fournette,RB,JAX,2019,24.62,15,0,0,0.0,0,0.0,265,1152.0,3,100,76,522.0,0,259.4,1674.0,1995-01-18
00-0033856,L.Fournette,RB,TB,2020,25.62,16,0,0,0.0,0,0.0,161,667.0,9,68,54,381.0,1,218.8,1048.0,1995-01-18
00-0033856,L.Fournette,RB,TB,2021,26.62,15,0,1,0.0,0,0.0,193,863.0,10,93,78,510.0,2,287.3,1373.0,1995-01-18
00-0033856,L.Fournette,RB,TB,2022,27.62,17,0,1,0.0,0,1.0,194,679.0,3,84,74,529.0,3,228.8,1208.0,1995-01-18
00-0033856,L.Fournette,RB,BUF,2023,28.62,2,0,0,0.0,0,0.0,12,40.0,0,0,0,0.0,0,4.0,40.0,1995-01-18
00-0027029,L.McCoy,RB,KC,2019,31.14,13,0,0,0.0,0,0.0,101,465.0,4,34,28,181.0,1,118.6,646.0,1988-07-12
00-0027029,L.McCoy,RB,TB,2020,32.14,8,0,0,0.0,0,0.0,10,31.0,0,19,15,101.0,0,28.2,132.0,1988-07-12
00-0029615,L.Miller,RB,CHI,2020,29.35,1,0,0,0.0,0,0.0,0,0.0,0,2,2,6.0,0,2.6,6.0,1991-04-25
00-0030513,L.Murray,RB,NO,2019,29.62,17,0,0,0.0,0,0.0,151,658.0,5,45,35,239.0,1,160.7,897.0,1990-01-18
00-0030513,L.Murray,RB,NO,2020,30.62,16,0,0,0.0,0,0.0,150,665.0,4,28,25,187.0,2,146.2,852.0,1990-01-18
00-0030513,L.Murray,RB,BAL,2021,31.62,14,0,0,0.0,0,0.0,119,501.0,6,13,10,75.0,0,103.6,576.0,1990-01-18
00-0030513,L.Murray,RB,DEN,2022,32.62,13,0,0,0.0,0,0.0,171,760.0,6,35,27,132.0,0,154.2,892.0,1990-01-18
00-0030513,L.Murray,RB,BUF,2023,33.62,17,0,0,0.0,0,0.0,79,300.0,4,28,22,159.0,0,91.9,459.0,1990-01-18
00-0036269,L.Perine,RB,NYJ,2020,22.59,9,0,0,0.0,0,0.0,64,232.0,2,15,11,63.0,0,52.5,295.0,1998-01-30
00-0036269,L.Perine,RB,NYJ,2021,23.59,2,0,0,0.0,0,0.0,8,31.0,0,0,0,0.0,0,3.1,31.0,1998-01-30
00-0036269,L.Perine,RB,KC,2023,25.59,2,0,0,0.0,0,0.0,22,77.0,0,5,3,33.0,0,14.0,110.0,1998-01-30
00-0036650,L.Rountree,RB,LAC,2021,22.55,8,0,0,0.0,0,0.0,36,87.0,1,2,1,-1.0,0,15.6,86.0,1999-02-13
00-0036650,L.Rountree,RB,LAC,2022,23.55,2,0,0,0.0,0,0.0,13,19.0,0,2,2,14.0,0,5.3,33.0,1999-02-13
00-0034208,M.Boone,RB,MIN,2019,24.09,5,0,0,0.0,0,0.0,49,273.0,3,4,3,17.0,0,50.0,290.0,1995-07-30
00-0034208,M.Boone,RB,MIN,2020,25.09,5,0,0,0.0,0,0.0,11,59.0,1,2,2,10.0,0,14.9,69.0,1995-07-30
00-0034208,M.Boone,RB,DEN,2021,26.09,2,0,0,0.0,0,0.0,4,35.0,0,2,2,22.0,0,7.7,57.0,1995-07-30
00-0034208,M.Boone,RB,DEN,2022,27.09,8,0,0,0.0,0,0.0,24,102.0,0,15,9,96.0,0,28.8,198.0,1995-07-30
00-0034208,M.Boone,RB,HOU,2023,28.09,7,0,0,0.0,0,0.0,5,23.0,0,9,7,40.0,0,13.3,63.0,1995-07-30
00-0034208,M.Boone,RB,CAR,2024,29.09,5,0,0,0.0,0,0.0,13,51.0,0,3,1,-2.0,0,5.9,49.0,1995-07-30
00-0033308,M.Breida,RB,SF,2019,24.51,14,0,0,0.0,0,0.0,132,642.0,1,22,19,120.0,1,103.2,762.0,1995-02-28
00-0033308,M.Breida,RB,MIA,2020,25.51,10,0,0,0.0,0,0.0,59,254.0,0,10,9,96.0,0,42.0,350.0,1995-02-28
00-0033308,M.Breida,RB,BUF,2021,26.51,7,0,0,0.0,0,0.0,26,125.0,1,9,7,72.0,2,42.7,197.0,1995-02-28
00-0033308,M.Breida,RB,NYG,2022,27.51,19,0,0,0.0,0,0.0,61,251.0,2,26,21,137.0,0,71.8,388.0,1995-02-28
00-0033308,M.Breida,RB,NYG,2023,28.51,15,0,0,0.0,0,0.0,55,151.0,1,21,17,88.0,0,46.9,239.0,1995-02-28
00-0031806,M.Brown,RB,LA,2019,26.3,13,0,0,0.0,0,0.0,69,255.0,5,6,2,16.0,0,59.1,271.0,1993-05-15
00-0031806,M.Brown,RB,LA,2020,27.3,18,0,0,0.0,0,0.0,110,449.0,5,35,25,175.0,0,115.4,624.0,1993-05-15
00-0031806,M.Brown,RB,MIA,2021,28.3,6,0,0,0.0,0,0.0,33,125.0,1,5,3,10.0,0,22.5,135.0,1993-05-15
00-0031806,M.Brown,RB,LA,2022,29.3,7,0,0,0.0,0,0.0,18,81.0,1,6,5,37.0,0,22.8,118.0,1993-05-15
00-0036924,M.Carter,RB,NYJ,2021,22.32,14,0,0,0.0,0,0.0,147,639.0,4,55,36,325.0,0,154.4,964.0,1999-05-07
00-0036924,M.Carter,RB,NYJ,2022,23.32,16,0,0,0.0,0,0.0,114,402.0,3,54,41,288.0,0,126.0,690.0,1999-05-07
00-0036924,M.Carter,RB,NYJ,2023,24.32,15,0,0,0.0,0,0.0,30,187.0,0,31,24,101.0,1,58.8,288.0,1999-05-07
00-0036924,M.Carter,RB,ARI,2024,25.32,3,0,0,0.0,0,0.0,35,131.0,1,11,11,57.0,0,35.8,188.0,1999-05-07
00-0032063,M.Davis,RB,CHI,2019,26.54,5,0,0,0.0,0,0.0,13,27.0,0,8,7,22.0,0,11.900001,49.0,1993-02-19
00-0032063,M.Davis,RB,CAR,2020,27.54,14,0,0,0.0,0,0.0,165,642.0,6,70,59,373.0,2,206.5,1015.0,1993-02-19
00-0032063,M.Davis,RB,ATL,2021,28.54,17,0,0,0.0,0,0.0,138,503.0,3,58,44,259.0,1,138.2,762.0,1993-02-19
00-0032063,M.Davis,RB,BAL,2022,29.54,5,0,0,0.0,0,0.0,8,18.0,0,2,2,4.0,0,4.2000003,22.0,1993-02-19
00-0037563,M.Davis,RB,DAL,2022,23.77,6,0,0,0.0,0,0.0,38,161.0,1,7,6,63.0,0,34.399998,224.0,1998-11-26
00-0035311,M.Gaskin,RB,MIA,2019,22.55,7,0,0,0.0,0,0.0,36,133.0,1,12,7,51.0,0,31.4,184.0,1997-02-15
00-0035311,M.Gaskin,RB,MIA,2020,23.55,10,0,0,0.0,0,0.0,142,584.0,3,47,41,388.0,2,164.20001,972.0,1997-02-15
00-0035311,M.Gaskin,RB,MIA,2021,24.55,17,0,0,0.0,0,0.0,173,612.0,3,63,49,234.0,4,173.6,846.0,1997-02-15
00-0035311,M.Gaskin,RB,MIA,2022,25.55,2,0,0,0.0,0,0.0,10,26.0,0,6,4,28.0,0,9.4,54.0,1997-02-15
00-0035311,M.Gaskin,RB,MIN,2024,27.55,2,0,0,0.0,0,0.0,3,-1.0,0,1,1,11.0,0,2.0,10.0,1997-02-15
00-0032144,M.Gordon,RB,LAC,2019,26.39,12,0,0,0.0,0,0.0,162,612.0,8,55,42,296.0,1,180.8,908.0,1993-04-13
00-0032144,M.Gordon,RB,DEN,2020,27.39,15,0,0,0.0,0,0.0,215,986.0,9,44,32,158.0,1,198.4,1144.0,1993-04-13
00-0032144,M.Gordon,RB,DEN,2021,28.39,16,0,0,0.0,0,0.0,203,918.0,8,38,28,213.0,2,195.1,1131.0,1993-04-13
00-0032144,M.Gordon,RB,DEN,2022,29.39,10,0,0,0.0,0,0.0,90,318.0,2,32,25,223.0,0,87.1,541.0,1993-04-13
00-0032144,M.Gordon,RB,BAL,2023,30.39,4,0,0,0.0,0,0.0,26,81.0,1,3,3,46.0,0,19.7,127.0,1993-04-13
00-0027966,M.Ingram,RB,BAL,2019,29.7,16,0,0,0.0,0,0.0,208,1040.0,10,31,27,256.0,5,246.6,1296.0,1989-12-21
00-0027966,M.Ingram,RB,BAL,2020,30.7,10,0,0,0.0,0,0.0,72,299.0,2,8,6,50.0,0,52.899998,349.0,1989-12-21
00-0027966,M.Ingram,RB,HOU,2021,31.7,14,0,0,0.0,0,0.0,160,554.0,2,35,27,162.0,0,108.6,716.0,1989-12-21
00-0027966,M.Ingram,RB,NO,2022,32.7,10,0,0,0.0,0,0.0,62,233.0,1,18,16,68.0,0,50.1,301.0,1989-12-21
00-0039811,M.Lloyd,RB,GB,2024,23.66,1,0,0,0.0,0,0.0,6,15.0,0,1,1,3.0,0,2.8,18.0,2001-01-05
00-0025399,M.Lynch,RB,SEA,2019,33.36,3,0,0,0.0,0,0.0,30,67.0,4,3,2,25.0,0,35.2,92.0,1986-04-22
00-0033951,M.Mack,RB,IND,2019,23.49,14,0,0,0.0,0,0.0,247,1091.0,8,17,14,82.0,0,181.3,1173.0,1996-03-07
00-0033951,M.Mack,RB,IND,2020,24.49,1,0,0,0.0,0,0.0,4,26.0,0,3,3,30.0,0,8.6,56.0,1996-03-07
00-0033951,M.Mack,RB,IND,2021,25.49,5,0,0,0.0,0,0.0,28,101.0,0,5,2,8.0,0,12.9,109.0,1996-03-07
00-0033951,M.Mack,RB,DEN,2022,26.49,5,0,0,0.0,0,0.0,16,84.0,1,10,8,99.0,1,38.3,183.0,1996-03-07
00-0036245,M.Perry,RB,MIA,2020,23.37,8,0,0,0.0,0,0.0,3,5.0,0,13,9,92.0,1,24.7,97.0,1997-04-19
00-0035243,M.Sanders,RB,PHI,2019,22.33,17,0,0,0.0,0,0.0,193,887.0,3,68,53,517.0,3,229.4,1404.0,1997-05-01
00-0035243,M.Sanders,RB,PHI,2020,23.33,12,0,0,0.0,0,0.0,164,867.0,6,52,28,197.0,0,170.4,1064.0,1997-05-01
00-0035243,M.Sanders,RB,PHI,2021,24.33,13,0,0,0.0,0,0.0,144,770.0,0,37,29,170.0,0,123.0,940.0,1997-05-01
00-0035243,M.Sanders,RB,PHI,2022,25.33,20,0,0,0.0,0,0.0,294,1417.0,13,28,21,81.0,0,244.8,1498.0,1997-05-01
00-0035243,M.Sanders,RB,CAR,2023,26.33,16,0,0,0.0,0,0.0,129,432.0,1,41,27,154.0,0,87.6,586.0,1997-05-01
00-0035243,M.Sanders,RB,CAR,2024,27.33,11,0,0,0.0,0,0.0,55,205.0,2,30,24,148.0,1,77.3,353.0,1997-05-01
00-0036698,M.Sargent,RB,TEN,2021,23.9,4,0,0,0.0,0,0.0,5,11.0,0,1,0,0.0,0,1.1,11.0,1997-10-08
00-0034791,N.Chubb,RB,CLE,2019,23.68,16,0,0,0.0,0,0.0,299,1513.0,8,49,36,278.0,0,257.1,1791.0,1995-12-27
00-0034791,N.Chubb,RB,CLE,2020,24.68,14,0,0,0.0,0,0.0,221,1212.0,12,27,22,223.0,1,241.5,1435.0,1995-12-27
00-0034791,N.Chubb,RB,CLE,2021,25.68,14,0,0,0.0,0,0.0,228,1259.0,8,25,20,174.0,1,215.3,1433.0,1995-12-27
00-0034791,N.Chubb,RB,CLE,2022,26.68,17,0,0,0.0,0,0.0,302,1525.0,12,37,27,239.0,1,281.4,1764.0,1995-12-27
00-0034791,N.Chubb,RB,CLE,2023,27.68,2,0,0,0.0,0,0.0,28,170.0,0,4,4,21.0,0,23.1,191.0,1995-12-27
00-0034791,N.Chubb,RB,CLE,2024,28.68,8,0,0,0.0,0,0.0,102,332.0,3,11,5,31.0,1,63.3,363.0,1995-12-27
00-0035835,N.Cottrell,RB,JAX,2021,25.08,1,0,0,0.0,0,0.0,1,3.0,0,0,0,0.0,0,0.3,3.0,1996-08-02
00-0036893,N.Harris,RB,PIT,2021,23.48,18,0,0,0.0,0,0.0,319,1229.0,7,96,76,466.0,3,303.5,1695.0,1998-03-09
00-0036893,N.Harris,RB,PIT,2022,24.48,17,1,1,4.0,0,0.0,272,1034.0,7,53,41,229.0,3,223.45999,1263.0,1998-03-09
00-0036893,N.Harris,RB,PIT,2023,25.48,18,0,0,0.0,0,0.0,267,1072.0,8,41,31,185.0,0,202.7,1257.0,1998-03-09
00-0036893,N.Harris,RB,PIT,2024,26.48,18,0,0,0.0,0,0.0,269,1060.0,6,51,39,324.0,0,213.40001,1384.0,1998-03-09
00-0034367,N.Hines,RB,IND,2021,24.8,17,0,0,0.0,0,0.0,56,276.0,2,57,40,310.0,1,116.6,586.0,1996-11-12
00-0034367,N.Hines,RB,BUF,2022,25.8,18,0,0,0.0,0,0.0,24,33.0,1,40,32,252.0,1,84.5,285.0,1996-11-12
00-0036582,N.McCrary,RB,BAL,2021,22.4,1,0,0,0.0,0,0.0,1,-1.0,0,0,0,0.0,0,-0.1,-1.0,1999-04-09
00-0034367,N.Miller-Hines,RB,IND,2019,22.8,16,0,0,0.0,0,0.0,52,199.0,2,58,44,320.0,0,117.9,519.0,1996-11-12
00-0034367,N.Miller-Hines,RB,IND,2020,23.8,17,0,0,0.0,0,0.0,95,455.0,3,79,64,490.0,4,202.5,945.0,1996-11-12
00-0032741,P.Barber,RB,TB,2019,25.51,16,0,0,0.0,0,0.0,154,470.0,6,24,16,115.0,1,116.5,585.0,1994-02-27
00-0032741,P.Barber,RB,WAS,2020,26.51,14,0,0,0.0,0,0.0,94,258.0,4,7,4,12.0,0,55.0,270.0,1994-02-27
00-0032741,P.Barber,RB,LV,2021,27.51,9,0,0,0.0,0,0.0,55,212.0,2,13,10,67.0,0,49.9,279.0,1994-02-27
00-0035342,P.Laird,RB,MIA,2019,24.04,8,0,0,0.0,0,0.0,62,168.0,1,30,23,204.0,0,68.2,372.0,1995-08-17
00-0035342,P.Laird,RB,MIA,2020,25.04,9,0,0,0.0,0,0.0,13,72.0,0,12,10,68.0,0,22.0,140.0,1995-08-17
00-0035342,P.Laird,RB,MIA,2021,26.04,3,0,0,0.0,0,0.0,1,4.0,0,3,3,17.0,0,5.1,21.0,1995-08-17
00-0034109,P.Lindsay,RB,DEN,2019,25.11,16,0,0,0.0,0,0.0,224,1011.0,7,48,35,196.0,0,197.7,1207.0,1994-07-24
00-0034109,P.Lindsay,RB,DEN,2020,26.11,11,0,0,0.0,0,0.0,118,502.0,1,14,7,28.0,0,66.0,530.0,1994-07-24
00-0034109,P.Lindsay,RB,HOU,2021,27.11,14,0,0,0.0,0,0.0,88,249.0,1,5,4,45.0,1,45.399998,294.0,1994-07-24
00-0034109,P.Lindsay,RB,IND,2022,28.11,3,0,0,0.0,0,0.0,15,49.0,0,8,6,19.0,0,14.799999,68.0,1994-07-24
00-0032417,P.Perkins,RB,DET,2019,24.79,3,0,0,0.0,0,0.0,12,29.0,0,1,1,9.0,0,4.8,38.0,1994-11-16
00-0038098,P.Strong,RB,NE,2022,23.73,4,0,0,0.0,0,0.0,10,100.0,1,7,7,42.0,0,27.2,142.0,1998-12-10
00-0038098,P.Strong,RB,CLE,2023,24.73,13,0,0,0.0,0,0.0,63,291.0,1,8,5,47.0,0,42.8,338.0,1998-12-10
00-0038098,P.Strong,RB,CLE,2024,25.73,11,0,0,0.0,0,0.0,26,108.0,0,22,14,104.0,0,35.2,212.0,1998-12-10
00-0035973,P.Taylor,RB,GB,2021,23.34,4,0,0,0.0,0,0.0,23,89.0,1,2,2,3.0,0,17.2,92.0,1998-04-29
00-0035973,P.Taylor,RB,GB,2022,24.34,4,0,0,0.0,0,0.0,10,31.0,0,1,1,17.0,0,5.8,48.0,1998-04-29
00-0035973,P.Taylor,RB,GB,2023,25.34,11,0,0,0.0,0,0.0,35,147.0,0,17,11,49.0,0,30.6,196.0,1998-04-29
00-0035973,P.Taylor,RB,SF,2024,26.34,5,0,0,0.0,0,0.0,39,183.0,1,11,3,25.0,0,29.8,208.0,1998-04-29
00-0035273,Q.Ollison,RB,ATL,2019,22.98,6,0,0,0.0,0,0.0,22,50.0,4,2,1,7.0,0,30.7,57.0,1996-09-08
00-0035273,Q.Ollison,RB,ATL,2020,23.98,1,0,0,0.0,0,0.0,1,3.0,0,0,0,0.0,0,0.3,3.0,1996-09-08
00-0035273,Q.Ollison,RB,ATL,2021,24.98,6,0,0,0.0,0,0.0,21,105.0,1,6,4,12.0,0,19.7,117.0,1996-09-08
00-0039796,R.Ali,RB,BAL,2024,23.54,4,0,0,0.0,0,0.0,10,31.0,0,2,0,0.0,0,3.1,31.0,2001-02-16
00-0035268,R.Armstead,RB,JAX,2019,22.84,14,0,0,0.0,0,0.0,35,108.0,0,24,14,144.0,2,51.199997,252.0,1996-10-30
00-0035268,R.Armstead,RB,JAX,2021,24.84,2,0,0,0.0,0,0.0,15,80.0,0,4,3,16.0,0,12.6,96.0,1996-10-30
00-0037429,R.Blackshear,RB,CAR,2022,24.24,10,0,0,0.0,0,0.0,23,77.0,3,12,10,93.0,0,45.0,170.0,1998-06-05
00-0037429,R.Blackshear,RB,CAR,2023,25.24,8,0,0,0.0,0,0.0,14,46.0,0,7,6,45.0,0,17.1,91.0,1998-06-05
00-0037429,R.Blackshear,RB,CAR,2024,26.24,3,0,0,0.0,0,0.0,15,80.0,0,0,0,0.0,0,8.0,80.0,1998-06-05
00-0034578,R.Bonnafon,RB,CAR,2019,23.66,8,0,0,0.0,0,0.0,16,116.0,1,9,6,57.0,0,29.3,173.0,1996-01-04
00-0034578,R.Bonnafon,RB,CAR,2020,24.66,2,0,0,0.0,0,0.0,12,69.0,0,2,2,18.0,1,16.7,87.0,1996-01-04
00-0034578,R.Bonnafon,RB,CAR,2021,25.66,1,0,0,0.0,0,0.0,1,4.0,0,2,2,12.0,0,3.6,16.0,1996-01-04
00-0034578,R.Bonnafon,RB,WAS,2022,26.66,1,0,0,0.0,0,0.0,3,8.0,0,0,0,0.0,0,0.8,8.0,1996-01-04
00-0030288,R.Burkhead,RB,NE,2019,29.17,14,0,0,0.0,0,0.0,68,306.0,3,41,30,311.0,0,107.7,617.0,1990-07-02
00-0030288,R.Burkhead,RB,NE,2020,30.17,10,0,0,0.0,0,0.0,67,274.0,3,33,25,192.0,3,107.6,466.0,1990-07-02
00-0030288,R.Burkhead,RB,HOU,2021,31.17,14,0,1,0.0,0,0.0,122,427.0,3,32,25,186.0,0,104.3,613.0,1990-07-02
00-0030288,R.Burkhead,RB,HOU,2022,32.17,15,0,1,0.0,0,0.0,26,80.0,0,51,37,204.0,1,71.4,284.0,1990-07-02
00-0039875,R.Davis,RB,BUF,2024,24.78,19,0,0,0.0,0,0.0,120,478.0,4,19,17,189.0,3,125.7,667.0,1999-11-20
00-0036139,R.Dowdle,RB,DAL,2020,22.22,2,0,0,0.0,0,0.0,7,24.0,0,0,0,0.0,0,2.4,24.0,1998-06-14
00-0036139,R.Dowdle,RB,DAL,2023,25.22,17,0,0,0.0,0,0.0,91,372.0,2,25,19,158.0,2,98.0,530.0,1998-06-14
00-0036139,R.Dowdle,RB,DAL,2024,26.22,16,0,0,0.0,0,0.0,235,1079.0,2,49,39,249.0,3,197.8,1328.0,1998-06-14
00-0034838,R.Freeman,RB,DEN,2019,23.52,16,0,0,0.0,0,0.0,132,496.0,3,50,43,256.0,1,142.2,752.0,1996-02-24
00-0034838,R.Freeman,RB,DEN,2020,24.52,11,0,0,0.0,0,0.0,35,170.0,0,13,12,81.0,0,37.1,251.0,1996-02-24
00-0034838,R.Freeman,RB,CAR,2021,25.52,11,0,0,0.0,0,0.0,56,169.0,0,16,10,77.0,0,34.600002,246.0,1996-02-24
00-0034838,R.Freeman,RB,HOU,2022,26.52,4,0,0,0.0,0,0.0,41,117.0,0,8,6,33.0,0,19.0,150.0,1996-02-24
00-0034838,R.Freeman,RB,LA,2023,27.52,9,0,0,0.0,0,0.0,77,319.0,2,2,1,13.0,0,46.2,332.0,1996-02-24
00-0039021,R.Johnson,RB,CHI,2023,22.59,15,0,0,0.0,0,0.0,81,352.0,2,40,34,209.0,0,102.1,561.0,2001-01-31
00-0039021,R.Johnson,RB,CHI,2024,23.59,12,0,0,0.0,0,0.0,55,150.0,6,20,16,104.0,0,77.4,254.0,2001-01-31
00-0034816,R.Jones,RB,TB,2019,22.08,16,0,0,0.0,0,0.0,172,724.0,6,40,31,309.0,0,166.3,1033.0,1997-08-03
00-0034816,R.Jones,RB,TB,2020,23.08,17,0,0,0.0,0,0.0,227,1117.0,7,44,28,165.0,1,200.2,1282.0,1997-08-03
00-0034816,R.Jones,RB,TB,2021,24.08,15,0,0,0.0,0,0.0,101,428.0,4,13,10,64.0,0,79.2,492.0,1997-08-03
00-0034816,R.Jones,RB,KC,2022,25.08,6,0,0,0.0,0,0.0,18,70.0,1,1,1,22.0,0,16.2,92.0,1997-08-03
00-0031687,R.Mostert,RB,SF,2019,27.4,18,0,0,0.0,0,0.0,190,1108.0,13,25,17,188.0,2,234.59999,1296.0,1992-04-09
00-0031687,R.Mostert,RB,SF,2020,28.4,8,0,0,0.0,0,0.0,104,521.0,2,19,16,156.0,1,99.700005,677.0,1992-04-09
00-0031687,R.Mostert,RB,SF,2021,29.4,1,0,0,0.0,0,0.0,2,20.0,0,0,0,0.0,0,2.0,20.0,1992-04-09
00-0031687,R.Mostert,RB,MIA,2022,30.4,16,0,0,0.0,0,0.0,181,891.0,3,42,31,202.0,2,168.3,1093.0,1992-04-09
00-0031687,R.Mostert,RB,MIA,2023,31.4,16,0,0,0.0,0,0.0,217,1045.0,18,34,26,172.0,3,271.7,1217.0,1992-04-09
00-0031687,R.Mostert,RB,MIA,2024,32.4,12,0,0,0.0,0,0.0,85,278.0,2,23,19,161.0,0,70.9,439.0,1992-04-09
00-0034597,R.Nall,RB,CHI,2019,23.68,1,0,0,0.0,0,0.0,2,8.0,0,0,0,0.0,0,0.8,8.0,1995-12-27
00-0034597,R.Nall,RB,CHI,2020,24.68,7,0,0,0.0,0,0.0,4,0.0,0,9,8,67.0,1,20.699999,67.0,1995-12-27
00-0034597,R.Nall,RB,CHI,2021,25.68,2,0,0,0.0,0,0.0,1,4.0,0,1,1,4.0,0,1.8,8.0,1995-12-27
00-0034750,R.Penny,RB,SEA,2019,23.58,9,0,0,0.0,0,0.0,65,370.0,3,11,8,83.0,1,75.3,453.0,1996-02-02
00-0034750,R.Penny,RB,SEA,2020,24.58,3,0,0,0.0,0,0.0,11,34.0,0,0,0,0.0,0,3.4,34.0,1996-02-02
00-0034750,R.Penny,RB,SEA,2021,25.58,10,0,0,0.0,0,0.0,119,749.0,6,8,6,48.0,0,121.7,797.0,1996-02-02
00-0034750,R.Penny,RB,SEA,2022,26.58,5,0,0,0.0,0,0.0,57,346.0,2,5,4,16.0,0,52.2,362.0,1996-02-02
00-0034750,R.Penny,RB,PHI,2023,27.58,3,0,0,0.0,0,0.0,11,33.0,0,1,1,5.0,0,4.8,38.0,1996-02-02
00-0037557,R.Rivers,RB,LA,2022,23.59,2,0,0,0.0,0,0.0,9,21.0,0,5,5,29.0,0,10.0,50.0,1999-01-31
00-0037557,R.Rivers,RB,LA,2023,24.59,8,0,0,0.0,0,0.0,35,138.0,0,8,8,57.0,0,27.5,195.0,1999-01-31
00-0037557,R.Rivers,RB,LA,2024,25.59,6,0,0,0.0,0,0.0,25,107.0,0,6,5,34.0,0,19.1,141.0,1999-01-31
00-0035957,R.Smith,RB,CAR,2020,24.51,7,0,0,0.0,0,0.0,41,156.0,1,11,9,59.0,0,36.5,215.0,1996-02-28
00-0035957,R.Smith,RB,CAR,2021,25.51,1,0,0,0.0,0,0.0,0,0.0,0,5,5,48.0,0,9.8,48.0,1996-02-28
00-0036875,R.Stevenson,RB,NE,2021,23.52,13,0,0,0.0,0,0.0,141,633.0,5,22,18,156.0,0,124.9,789.0,1998-02-23
00-0036875,R.Stevenson,RB,NE,2022,24.52,17,0,0,0.0,0,0.0,210,1040.0,5,88,69,421.0,1,249.09999,1461.0,1998-02-23
00-0036875,R.Stevenson,RB,NE,2023,25.52,12,0,0,0.0,0,0.0,156,619.0,4,51,38,238.0,0,145.7,857.0,1998-02-23
00-0036875,R.Stevenson,RB,NE,2024,26.52,15,0,0,0.0,0,0.0,207,801.0,7,41,33,168.0,1,175.9,969.0,1998-02-23
00-0037256,R.White,RB,TB,2022,23.64,17,0,0,0.0,0,0.0,136,522.0,1,64,54,326.0,2,152.8,848.0,1999-01-12
00-0037256,R.White,RB,TB,2023,24.64,19,0,0,0.0,0,0.0,299,1117.0,6,78,69,588.0,4,295.5,1705.0,1999-01-12
00-0037256,R.White,RB,TB,2024,25.64,16,0,0,0.0,0,0.0,145,614.0,3,59,53,407.0,6,203.1,1021.0,1999-01-12
00-0036020,S.Ahmed,RB,MIA,2020,21.67,6,0,0,0.0,0,0.0,75,319.0,3,14,11,61.0,0,69.0,380.0,1998-12-29
00-0036020,S.Ahmed,RB,MIA,2021,22.67,11,0,0,0.0,0,0.0,54,149.0,0,19,12,117.0,0,38.6,266.0,1998-12-29
00-0036020,S.Ahmed,RB,MIA,2022,23.67,7,0,0,0.0,0,0.0,17,67.0,1,6,4,53.0,0,22.0,120.0,1998-12-29
00-0036020,S.Ahmed,RB,MIA,2023,24.67,7,0,0,0.0,0,0.0,22,61.0,1,23,16,88.0,1,42.9,149.0,1998-12-29
00-0034844,S.Barkley,RB,NYG,2019,22.56,13,0,0,0.0,0,0.0,217,1003.0,6,73,52,438.0,2,244.1,1441.0,1997-02-09
00-0034844,S.Barkley,RB,NYG,2020,23.56,2,0,0,0.0,0,0.0,19,34.0,0,9,6,60.0,0,15.400001,94.0,1997-02-09
00-0034844,S.Barkley,RB,NYG,2021,24.56,13,0,0,0.0,0,0.0,162,593.0,2,57,41,263.0,2,148.6,856.0,1997-02-09
00-0034844,S.Barkley,RB,NYG,2022,25.56,18,0,0,0.0,0,0.0,313,1426.0,12,85,64,415.0,0,322.1,1841.0,1997-02-09
00-0034844,S.Barkley,RB,NYG,2023,26.56,14,0,0,0.0,0,0.0,247,962.0,6,60,41,280.0,4,223.2,1242.0,1997-02-09
00-0034844,S.Barkley,RB,PHI,2024,27.56,20,0,0,0.0,0,0.0,436,2504.0,18,58,46,353.0,2,455.7,2857.0,1997-02-09
00-0036543,S.Brown,RB,CAR,2022,23.8,2,0,0,0.0,0,0.0,9,43.0,0,4,2,10.0,0,7.3,53.0,1998-11-13
00-0037265,S.Conner,RB,JAX,2022,22.08,5,0,0,0.0,0,0.0,12,42.0,1,0,0,0.0,0,10.2,42.0,2000-08-01
00-0037509,S.McCormick,RB,LV,2024,23.98,4,0,0,0.0,0,0.0,39,183.0,0,7,6,29.0,0,27.2,212.0,2000-09-10
00-0034845,S.Michel,RB,NE,2019,24.54,17,0,0,0.0,0,0.0,261,973.0,7,22,14,103.0,0,161.6,1076.0,1995-02-17
00-0034845,S.Michel,RB,NE,2020,25.54,8,0,0,0.0,0,0.0,79,449.0,1,9,7,114.0,1,75.3,563.0,1995-02-17
00-0034845,S.Michel,RB,LA,2021,26.54,21,0,0,0.0,0,0.0,234,925.0,4,37,24,120.0,1,156.5,1045.0,1995-02-17
00-0034845,S.Michel,RB,LAC,2022,27.54,10,0,0,0.0,0,0.0,36,106.0,0,13,9,53.0,0,24.9,159.0,1995-02-17
00-0033526,S.Perine,RB,MIA,2019,23.96,1,0,0,0.0,0,0.0,5,16.0,0,0,0,0.0,0,1.6,16.0,1995-09-16
00-0033526,S.Perine,RB,CIN,2020,24.96,11,0,0,0.0,0,0.0,63,301.0,3,12,11,66.0,0,65.7,367.0,1995-09-16
00-0033526,S.Perine,RB,CIN,2021,25.96,19,0,0,0.0,0,0.0,58,248.0,1,38,31,243.0,2,98.1,491.0,1995-09-16
00-0033526,S.Perine,RB,CIN,2022,26.96,19,0,0,0.0,0,0.0,109,452.0,3,61,46,322.0,4,165.4,774.0,1995-09-16
00-0033526,S.Perine,RB,DEN,2023,27.96,17,0,0,0.0,0,0.0,53,238.0,1,56,50,455.0,0,121.3,693.0,1995-09-16
00-0033526,S.Perine,RB,KC,2024,28.96,20,0,0,0.0,0,0.0,21,100.0,1,38,29,339.0,1,84.9,439.0,1995-09-16
00-0031209,S.Perry,RB,BUF,2019,27.95,1,0,0,0.0,0,0.0,3,3.0,0,1,1,1.0,0,1.4,4.0,1991-09-19
00-0031209,S.Perry,RB,TEN,2020,28.95,1,0,0,0.0,0,0.0,2,9.0,0,0,0,0.0,0,0.9,9.0,1991-09-19
00-0036069,S.Phillips,RB,HOU,2020,22.9,1,0,0,0.0,0,0.0,2,9.0,0,1,1,7.0,0,2.6,16.0,1997-10-06
00-0036069,S.Phillips,RB,HOU,2021,23.9,2,0,0,0.0,0,0.0,6,13.0,0,3,2,9.0,0,4.2,22.0,1997-10-06
00-0038951,S.Tucker,RB,TB,2023,21.85,3,0,0,0.0,0,0.0,15,23.0,0,2,2,9.0,0,5.2000003,32.0,2001-10-25
00-0038951,S.Tucker,RB,TB,2024,22.85,11,0,0,0.0,0,0.0,50,308.0,2,12,9,109.0,1,68.7,417.0,2001-10-25
00-0039364,S.Vaki,RB,DET,2024,23.09,4,0,0,0.0,0,0.0,6,14.0,0,3,3,37.0,0,8.1,51.0,2001-07-30
00-0030414,S.Ware,RB,KC,2019,27.77,3,0,0,0.0,0,0.0,17,51.0,0,7,5,22.0,0,12.299999,73.0,1991-11-23
00-0037263,T.Allgeier,RB,ATL,2022,22.38,16,0,0,0.0,0,0.0,210,1035.0,3,17,16,139.0,1,159.4,1174.0,2000-04-15
00-0037263,T.Allgeier,RB,ATL,2023,23.38,17,0,0,0.0,0,0.0,186,683.0,4,23,18,193.0,1,137.6,876.0,2000-04-15
00-0037263,T.Allgeier,RB,ATL,2024,24.38,17,0,0,0.0,0,0.0,137,644.0,3,13,13,88.0,0,106.2,732.0,2000-04-15
00-0037085,T.Badie,RB,DEN,2022,23.57,1,0,0,0.0,0,0.0,1,0.0,0,1,1,24.0,1,9.4,24.0,1999-02-07
00-0037085,T.Badie,RB,DEN,2024,25.57,4,0,0,0.0,0,0.0,13,94.0,0,3,3,-2.0,0,10.2,92.0,1999-02-07
00-0039921,T.Benson,RB,ARI,2024,22.11,12,0,0,0.0,0,0.0,63,291.0,1,6,6,59.0,0,47.0,350.0,2002-07-23
00-0038555,T.Bigsby,RB,JAX,2023,22.01,13,0,0,0.0,0,0.0,50,132.0,2,4,1,6.0,0,24.8,138.0,2001-08-30
00-0038555,T.Bigsby,RB,JAX,2023,21.01,13,0,0,0.0,0,0.0,50,132.0,2,4,1,6.0,0,24.8,138.0,2002-08-30
00-0038555,T.Bigsby,RB,JAX,2024,23.01,15,0,0,0.0,0,0.0,168,766.0,7,12,7,54.0,0,129.0,820.0,2001-08-30
00-0038555,T.Bigsby,RB,JAX,2024,22.01,15,0,0,0.0,0,0.0,168,766.0,7,12,7,54.0,0,129.0,820.0,2002-08-30
00-0035551,T.Brooks-James,RB,PIT,2019,24.74,3,0,0,0.0,0,0.0,8,7.0,0,0,0,0.0,0,0.70000005,7.0,1994-12-06
00-0035551,T.Brooks-James,RB,ATL,2020,25.74,1,0,0,0.0,0,0.0,3,4.0,0,0,0,0.0,0,0.4,4.0,1994-12-06
00-0034164,T.Cannon,RB,CAR,2020,26.11,5,0,0,0.0,0,0.0,10,33.0,0,3,3,16.0,0,7.9,49.0,1994-07-23
00-0034164,T.Cannon,RB,BAL,2021,27.11,2,0,0,0.0,0,0.0,3,4.0,0,0,0,0.0,0,0.4,4.0,1994-07-23
00-0032540,T.Carson,RB,DET,2019,26.86,2,0,0,0.0,0,0.0,18,48.0,0,4,4,18.0,0,10.6,66.0,1992-10-24
00-0037276,T.Chandler,RB,MIN,2022,24.3,1,0,0,0.0,0,0.0,6,20.0,0,0,0,0.0,0,2.0,20.0,1998-05-12
00-0037276,T.Chandler,RB,MIN,2023,25.3,13,0,0,0.0,0,0.0,102,461.0,3,25,21,159.0,0,101.0,620.0,1998-05-12
00-0037276,T.Chandler,RB,MIN,2024,26.3,10,0,0,0.0,0,0.0,56,182.0,0,6,6,42.0,0,28.4,224.0,1998-05-12
00-0033556,T.Cohen,RB,CHI,2019,24.1,16,0,0,0.0,0,0.0,64,213.0,0,104,79,456.0,3,163.9,669.0,1995-07-26
00-0033556,T.Cohen,RB,CHI,2020,25.1,3,0,0,0.0,0,0.0,14,74.0,0,9,6,41.0,0,17.5,115.0,1995-07-26
00-0032058,T.Coleman,RB,SF,2019,26.38,17,0,0,0.0,0,0.0,170,698.0,8,31,22,183.0,1,164.09999,881.0,1993-04-16
00-0032058,T.Coleman,RB,SF,2020,27.38,6,0,0,0.0,0,0.0,28,53.0,0,5,4,34.0,0,12.7,87.0,1993-04-16
00-0032058,T.Coleman,RB,NYJ,2021,28.38,11,0,0,0.0,0,0.0,84,356.0,0,16,11,49.0,0,51.5,405.0,1993-04-16
00-0032058,T.Coleman,RB,SF,2022,29.38,2,0,0,0.0,0,0.0,12,26.0,1,3,3,44.0,1,22.0,70.0,1993-04-16
00-0037827,T.Davis-Price,RB,SF,2022,21.86,5,0,0,0.0,0,0.0,34,99.0,0,2,0,0.0,0,9.9,99.0,2000-10-23
00-0037827,T.Davis-Price,RB,SF,2023,22.86,1,0,0,0.0,0,0.0,6,21.0,0,0,0,0.0,0,2.1,21.0,2000-10-23
00-0037827,T.Davis-Price,RB,PHI,2024,23.86,1,0,0,0.0,0,0.0,3,7.0,0,0,0,0.0,0,0.7,7.0,2000-10-23
00-0037087,T.Ebner,RB,CHI,2022,23.67,7,0,0,0.0,0,0.0,24,54.0,0,8,2,8.0,0,8.200001,62.0,1999-01-02
00-0037087,T.Ebner,RB,CHI,2022,,7,0,0,0.0,0,0.0,24,54.0,0,8,2,8.0,0,8.200001,62.0,
00-0033838,T.Edmunds,RB,PIT,2019,24.67,6,0,0,0.0,0,0.0,22,92.0,0,7,6,48.0,0,20.0,140.0,1994-12-30
00-0032404,T.Ervin,RB,GB,2019,25.9,4,0,0,0.0,0,0.0,3,35.0,0,5,3,18.0,0,8.3,53.0,1993-10-07
00-0032404,T.Ervin,RB,GB,2020,26.9,7,0,0,0.0,0,0.0,13,67.0,0,15,11,84.0,0,26.099998,151.0,1993-10-07
00-0036973,T.Etienne,RB,JAX,2022,23.6,19,0,0,0.0,0,0.0,250,1296.0,6,49,39,346.0,0,233.2,1642.0,1999-01-26
00-0036973,T.Etienne,RB,JAX,2023,24.6,17,0,0,0.0,0,0.0,267,1008.0,11,73,58,476.0,1,282.4,1484.0,1999-01-26
00-0036973,T.Etienne,RB,JAX,2024,25.6,15,0,0,0.0,0,0.0,150,558.0,2,52,39,254.0,0,130.2,812.0,1999-01-26
00-0037120,T.Goodson,RB,IND,2023,22.81,6,0,0,0.0,0,0.0,13,87.0,0,9,6,34.0,0,18.099998,121.0,2000-11-10
00-0037120,T.Goodson,RB,IND,2024,23.81,9,0,0,0.0,0,0.0,32,153.0,1,15,11,61.0,1,44.4,214.0,2000-11-10
00-0032241,T.Gurley,RB,LA,2019,25.08,15,0,0,0.0,0,0.0,223,857.0,12,49,31,207.0,2,219.4,1064.0,1994-08-03
00-0032241,T.Gurley,RB,ATL,2020,26.08,15,0,0,0.0,0,0.0,195,678.0,9,35,25,164.0,0,163.2,842.0,1994-08-03
00-0035594,T.Homer,RB,SEA,2019,21.07,6,0,0,0.0,0,0.0,32,139.0,0,17,14,88.0,0,36.7,227.0,1998-08-07
00-0035594,T.Homer,RB,SEA,2020,22.07,9,0,0,0.0,0,0.0,25,88.0,0,10,9,90.0,1,32.8,178.0,1998-08-07
00-0035594,T.Homer,RB,SEA,2021,23.07,12,0,0,0.0,0,0.0,21,177.0,1,20,16,161.0,0,61.8,338.0,1998-08-07
00-0035594,T.Homer,RB,SEA,2022,24.07,8,0,0,0.0,0,0.0,19,74.0,0,18,16,157.0,1,43.1,231.0,1998-08-07
00-0035594,T.Homer,RB,CHI,2023,25.07,1,0,0,0.0,0,0.0,0,0.0,0,1,0,0.0,0,0.0,0.0,1998-08-07
00-0035594,T.Homer,RB,CHI,2024,26.07,4,0,0,0.0,0,0.0,6,23.0,0,3,3,11.0,0,6.3999996,34.0,1998-08-07
00-0039757,T.Jennings,RB,NE,2024,23.66,2,0,0,0.0,0,0.0,13,33.0,0,1,0,0.0,0,3.3,33.0,2001-01-03
00-0035537,T.Johnson,RB,DET,2019,21.96,15,0,0,0.0,0,0.0,63,273.0,0,31,24,109.0,0,60.2,382.0,1997-09-17
00-0035537,T.Johnson,RB,NYJ,2020,22.96,10,0,0,0.0,0,0.0,54,254.0,1,21,16,99.0,1,63.300003,353.0,1997-09-17
00-0035537,T.Johnson,RB,NYJ,2021,23.96,15,0,0,0.0,0,0.0,61,238.0,2,55,34,372.0,2,117.0,610.0,1997-09-17
00-0035537,T.Johnson,RB,NYJ,2022,24.96,10,0,0,0.0,0,0.0,30,160.0,1,24,12,88.0,0,42.8,248.0,1997-09-17
00-0035537,T.Johnson,RB,BUF,2023,25.96,9,0,0,0.0,0,0.0,45,198.0,0,10,8,76.0,1,41.4,274.0,1997-09-17
00-0035537,T.Johnson,RB,BUF,2024,26.96,20,0,0,0.0,0,0.0,61,307.0,1,29,22,318.0,4,114.5,625.0,1997-09-17
00-0028063,T.Jones,RB,HOU,2019,31.1,3,0,0,0.0,0,0.0,9,40.0,0,3,3,57.0,0,12.700001,97.0,1988-07-26
00-0028063,T.Jones,RB,BUF,2020,32.1,2,0,0,0.0,0,0.0,0,0.0,0,2,0,0.0,0,0.0,0.0,1988-07-26
00-0035860,T.Jones,RB,NO,2020,22.77,1,0,0,0.0,0,0.0,3,13.0,0,0,0,0.0,0,1.3,13.0,1997-11-24
00-0035860,T.Jones,RB,NO,2021,23.77,10,0,0,0.0,0,0.0,54,142.0,0,8,5,29.0,0,22.1,171.0,1997-11-24
00-0035860,T.Jones,RB,SEA,2022,24.77,3,0,0,0.0,0,0.0,10,24.0,0,8,5,30.0,0,10.4,54.0,1997-11-24
00-0035860,T.Jones,RB,ARI,2023,25.77,6,0,0,0.0,0,0.0,26,95.0,2,10,7,37.0,0,32.2,132.0,1997-11-24
00-0035860,T.Jones,RB,ARI,2024,26.77,1,0,0,0.0,0,0.0,4,55.0,1,0,0,0.0,0,11.5,55.0,1997-11-24
00-0033789,T.Logan,RB,TB,2019,25.0,5,0,0,0.0,0,0.0,3,10.0,0,3,2,13.0,0,4.3,23.0,1994-09-03
00-0037450,T.McAllister,RB,LV,2024,26.4,1,0,0,0.0,0,0.0,2,11.0,0,0,0,0.0,0,1.1,11.0,1998-04-07
00-0035261,T.Pollard,RB,DAL,2019,22.34,14,0,0,0.0,0,0.0,86,455.0,2,20,15,107.0,1,89.2,562.0,1997-04-30
00-0035261,T.Pollard,RB,DAL,2020,23.34,16,0,0,0.0,0,0.0,101,435.0,4,40,28,193.0,1,120.8,628.0,1997-04-30
00-0035261,T.Pollard,RB,DAL,2021,24.34,16,0,0,0.0,0,0.0,134,733.0,2,48,41,349.0,0,167.2,1082.0,1997-04-30
00-0035261,T.Pollard,RB,DAL,2022,25.34,18,0,0,0.0,0,0.0,214,1106.0,9,61,44,394.0,3,266.0,1500.0,1997-04-30
00-0035261,T.Pollard,RB,DAL,2023,26.34,18,0,0,0.0,0,0.0,267,1061.0,7,76,62,340.0,0,244.1,1401.0,1997-04-30
00-0035261,T.Pollard,RB,TEN,2024,27.34,16,0,0,0.0,0,0.0,260,1079.0,5,57,41,238.0,0,200.7,1317.0,1997-04-30
00-0033164,T.Pope,RB,LAC,2019,25.76,2,0,0,0.0,0,0.0,10,20.0,0,3,2,14.0,1,11.4,34.0,1993-11-29
00-0033164,T.Pope,RB,LAC,2020,26.76,4,0,0,0.0,0,0.0,15,76.0,0,10,8,42.0,0,19.800001,118.0,1993-11-29
00-0036523,T.Ragas,RB,LV,2021,24.82,1,0,0,0.0,0,0.0,1,9.0,0,2,2,6.0,0,3.5,15.0,1996-11-07
00-0030107,T.Riddick,RB,LV,2020,29.33,4,0,0,0.0,0,0.0,6,14.0,0,6,5,43.0,0,10.7,57.0,1991-05-04
00-0036984,T.Sermon,RB,SF,2021,22.59,5,0,0,0.0,0,0.0,41,167.0,1,4,3,26.0,0,28.3,193.0,1999-01-30
00-0036984,T.Sermon,RB,PHI,2022,23.59,1,0,0,0.0,0,0.0,2,19.0,0,0,0,0.0,0,1.9,19.0,1999-01-30
00-0036984,T.Sermon,RB,IND,2023,24.59,8,0,0,0.0,0,0.0,35,160.0,0,6,3,13.0,0,20.300001,173.0,1999-01-30
00-0036984,T.Sermon,RB,IND,2024,25.59,14,0,0,0.0,0,0.0,56,159.0,2,19,16,99.0,0,53.8,258.0,1999-01-30
00-0039032,T.Spears,RB,TEN,2023,22.21,17,0,0,0.0,0,0.0,100,453.0,2,70,52,385.0,1,153.8,838.0,2001-06-15
00-0039032,T.Spears,RB,TEN,2024,23.21,12,0,0,0.0,0,0.0,84,312.0,4,35,30,224.0,1,113.6,536.0,2001-06-15
00-0039384,T.Tracy,RB,NYG,2024,24.77,17,0,0,0.0,0,0.0,192,839.0,5,53,38,284.0,1,182.3,1123.0,1999-11-23
00-0035291,T.Williams,RB,CIN,2020,22.87,6,0,0,0.0,0,0.0,26,157.0,0,5,5,30.0,0,21.7,187.0,1997-10-18
00-0035291,T.Williams,RB,CIN,2021,23.87,2,0,0,0.0,0,0.0,15,51.0,0,2,1,4.0,0,6.5,55.0,1997-10-18
00-0036457,T.Williams,RB,BAL,2021,24.99,7,0,0,0.0,0,0.0,35,185.0,1,12,9,84.0,0,41.9,269.0,1996-09-04
00-0036457,T.Williams,RB,BAL,2021,,7,0,0,0.0,0,0.0,35,185.0,1,12,9,84.0,0,41.9,269.0,
00-0035291,T.Williams,RB,CIN,2022,24.87,4,0,0,0.0,0,0.0,6,30.0,0,3,2,30.0,0,7.9999995,60.0,1997-10-18
00-0036457,T.Williams,RB,ARI,2022,25.99,1,0,0,0.0,0,0.0,0,0.0,0,1,1,5.0,0,1.5,5.0,1996-09-04
00-0036457,T.Williams,RB,ARI,2022,,1,0,0,0.0,0,0.0,0,0.0,0,1,1,5.0,0,1.5,5.0,
00-0035291,T.Williams,RB,CIN,2023,25.87,14,0,0,0.0,0,0.0,15,69.0,0,9,7,10.0,0,14.9,79.0,1997-10-18
00-0032209,T.Yeldon,RB,BUF,2019,25.92,4,0,0,0.0,0,0.0,17,63.0,0,15,13,124.0,0,29.7,187.0,1993-10-02
00-0032209,T.Yeldon,RB,BUF,2020,26.92,5,0,0,0.0,0,0.0,15,89.0,0,9,5,63.0,1,26.2,152.0,1993-10-02
00-0037745,V.Jones,RB,CHI,2023,26.31,10,0,0,0.0,0,0.0,8,51.0,0,7,4,20.0,0,11.099999,71.0,1997-05-11
00-0037745,V.Jones,RB,CAR,2024,27.31,2,0,0,0.0,0,0.0,3,11.0,0,1,1,8.0,0,2.9,19.0,1997-05-11
00-0033950,W.Gallman,RB,NYG,2019,24.92,9,0,0,0.0,0,0.0,29,110.0,2,15,11,102.0,1,48.2,212.0,1994-10-01
00-0033950,W.Gallman,RB,NYG,2020,25.92,14,0,0,0.0,0,0.0,147,682.0,6,27,21,114.0,0,136.6,796.0,1994-10-01
00-0033950,W.Gallman,RB,ATL,2021,26.92,6,0,0,0.0,0,0.0,28,104.0,0,3,1,21.0,0,13.5,125.0,1994-10-01
00-0035489,W.Hills,RB,DET,2019,24.24,1,0,0,0.0,0,0.0,10,21.0,2,2,2,1.0,0,16.2,22.0,1995-06-05
00-0039746,W.Shipley,RB,PHI,2024,22.01,6,0,0,0.0,0,0.0,34,159.0,1,4,4,35.0,0,29.4,194.0,2002-08-29
00-0032782,W.Smallwood,RB,WAS,2019,25.62,11,0,0,0.0,0,0.0,22,81.0,0,13,9,64.0,0,23.5,145.0,1994-01-20
00-0032782,W.Smallwood,RB,WAS,2021,27.62,2,0,0,0.0,0,0.0,5,25.0,0,5,4,22.0,0,8.7,47.0,1994-01-20
00-0039165,Z.Charbonnet,RB,SEA,2023,22.65,16,0,0,0.0,0,0.0,108,462.0,1,40,33,209.0,0,106.1,671.0,2001-01-08
00-0039165,Z.Charbonnet,RB,SEA,2024,23.65,17,0,0,0.0,0,0.0,135,569.0,8,52,42,308.0,1,183.7,877.0,2001-01-08
00-0039136,Z.Evans,RB,LA,2023,22.26,4,0,0,0.0,0,0.0,9,19.0,0,0,0,0.0,0,1.9000001,19.0,2001-05-30
00-0037331,Z.Horvath,RB,LAC,2022,23.73,8,0,0,0.0,0,0.0,4,8.0,0,8,5,8.0,2,18.6,16.0,1998-12-10
00-0037157,Z.Knight,RB,NYJ,2022,21.39,7,0,0,0.0,0,0.0,85,300.0,1,14,13,100.0,0,59.0,400.0,2001-04-11
00-0037157,Z.Knight,RB,DET,2023,22.39,2,0,0,0.0,0,0.0,3,13.0,0,1,1,8.0,0,3.1,21.0,2001-04-11
00-0036251,Z.Moss,RB,BUF,2020,22.71,14,0,0,0.0,0,0.0,119,502.0,4,22,18,121.0,1,110.3,623.0,1997-12-15
00-0036251,Z.Moss,RB,BUF,2021,23.71,14,0,0,0.0,0,0.0,97,345.0,4,32,23,197.0,1,105.2,542.0,1997-12-15
00-0036251,Z.Moss,RB,IND,2022,24.71,13,0,0,0.0,0,0.0,93,456.0,1,13,11,39.0,0,64.5,495.0,1997-12-15
00-0036251,Z.Moss,RB,IND,2023,25.71,14,0,0,0.0,0,0.0,183,794.0,5,37,27,192.0,2,169.6,986.0,1997-12-15
00-0036251,Z.Moss,RB,CIN,2024,26.71,8,0,0,0.0,0,0.0,74,242.0,2,27,23,187.0,1,81.9,429.0,1997-12-15
00-0038040,Z.White,RB,LV,2022,22.95,11,0,0,0.0,0,0.0,17,70.0,0,0,0,0.0,0,7.0,70.0,1999-09-18
00-0038040,Z.White,RB,LV,2023,23.95,13,0,0,0.0,0,0.0,104,451.0,1,19,15,98.0,0,73.9,549.0,1999-09-18
00-0038040,Z.White,RB,LV,2024,24.95,8,0,0,0.0,0,0.0,65,183.0,1,8,6,30.0,0,29.3,213.0,1999-09-18
00-0031665,Z.Zenner,RB,ARI,2019,27.97,3,0,0,0.0,0,0.0,3,-2.0,0,3,2,19.0,0,3.7,17.0,1991-09-13
00-0033421,A.Auclair,TE,TB,2019,26.26,2,0,0,0.0,0,0.0,0,0.0,0,3,1,11.0,0,2.1,11.0,1993-05-28
00-0033421,A.Auclair,TE,TB,2020,27.26,1,0,0,0.0,0,0.0,0,0.0,0,1,0,0.0,0,0.0,0.0,1993-05-28
00-0033421,A.Auclair,TE,HOU,2021,28.26,4,0,0,0.0,0,0.0,0,0.0,0,5,5,47.0,1,15.700001,47.0,1993-05-28
00-0039793,A.Barner,TE,SEA,2024,22.33,14,0,0,0.0,0,0.0,0,0.0,0,38,30,245.0,4,78.5,245.0,2002-05-03
00-0033455,A.Firkser,TE,TEN,2019,24.54,12,0,0,0.0,0,0.0,0,0.0,0,29,17,249.0,3,59.9,249.0,1995-02-19
00-0033455,A.Firkser,TE,TEN,2020,25.54,16,0,0,0.0,0,0.0,0,0.0,0,55,41,431.0,1,90.1,431.0,1995-02-19
00-0033455,A.Firkser,TE,TEN,2021,26.54,16,0,0,0.0,0,0.0,0,0.0,0,44,34,291.0,2,73.1,291.0,1995-02-19
00-0033455,A.Firkser,TE,ATL,2022,27.54,8,0,0,0.0,0,0.0,0,0.0,0,13,9,100.0,0,19.0,100.0,1995-02-19
00-0033455,A.Firkser,TE,DET,2023,28.54,1,0,0,0.0,0,0.0,0,0.0,0,1,1,8.0,0,1.8,8.0,1995-02-19
00-0032392,A.Hooper,TE,ATL,2019,24.84,13,0,0,0.0,0,0.0,0,0.0,0,97,75,787.0,6,191.7,787.0,1994-10-29
00-0032392,A.Hooper,TE,CLE,2020,25.84,15,0,0,0.0,0,0.0,0,0.0,0,84,55,497.0,5,134.7,497.0,1994-10-29
00-0032392,A.Hooper,TE,CLE,2021,26.84,15,0,0,0.0,0,0.0,0,0.0,0,61,38,345.0,3,92.5,345.0,1994-10-29
00-0032392,A.Hooper,TE,TEN,2022,27.84,17,0,0,0.0,0,0.0,0,0.0,0,60,41,444.0,2,97.4,444.0,1994-10-29
00-0032392,A.Hooper,TE,LV,2023,28.84,16,0,0,0.0,0,0.0,0,0.0,0,31,25,234.0,0,48.4,234.0,1994-10-29
00-0032392,A.Hooper,TE,NE,2024,29.84,17,0,0,0.0,0,0.0,0,0.0,0,59,45,476.0,3,108.6,476.0,1994-10-29
00-0037292,A.Ogletree,TE,IND,2023,25.09,10,0,0,0.0,0,0.0,0,0.0,0,21,9,147.0,2,35.7,147.0,1998-07-28
00-0037292,A.Ogletree,TE,IND,2024,26.09,11,0,0,0.0,0,0.0,0,0.0,0,14,9,109.0,1,25.9,109.0,1998-07-28
00-0036423,A.Okwuegbunam,TE,DEN,2020,22.35,4,0,0,0.0,0,0.0,0,0.0,0,15,11,121.0,1,29.1,121.0,1998-04-25
00-0036423,A.Okwuegbunam,TE,DEN,2021,23.35,13,0,0,0.0,0,0.0,0,0.0,0,40,33,330.0,2,76.0,330.0,1998-04-25
00-0036423,A.Okwuegbunam,TE,DEN,2022,24.35,6,0,0,0.0,0,0.0,0,0.0,0,18,10,95.0,1,25.5,95.0,1998-04-25
00-0036423,A.Okwuegbunam,TE,PHI,2023,25.35,1,0,0,0.0,0,0.0,0,0.0,0,1,0,0.0,0,0.0,0.0,1998-04-25
00-0037168,A.Rogers,TE,WAS,2022,24.74,5,0,0,0.0,0,0.0,2,26.0,0,6,5,64.0,0,14.0,90.0,1997-12-04
00-0033896,A.Shaheen,TE,CHI,2019,24.86,7,0,0,0.0,0,0.0,0,0.0,0,13,9,74.0,0,18.4,74.0,1994-10-24
00-0033896,A.Shaheen,TE,MIA,2020,25.86,13,0,0,0.0,0,0.0,0,0.0,0,22,12,150.0,3,45.0,150.0,1994-10-24
00-0033896,A.Shaheen,TE,MIA,2021,26.86,7,0,0,0.0,0,0.0,0,0.0,0,16,12,110.0,0,23.0,110.0,1994-10-24
00-0036422,A.Trautman,TE,NO,2020,23.57,11,0,0,0.0,0,0.0,0,0.0,0,19,16,175.0,1,39.5,175.0,1997-02-05
00-0036422,A.Trautman,TE,NO,2021,24.57,11,0,0,0.0,0,0.0,0,0.0,0,43,27,263.0,2,63.3,263.0,1997-02-05
00-0036422,A.Trautman,TE,NO,2022,25.57,12,0,0,0.0,0,0.0,0,0.0,0,22,18,207.0,1,44.7,207.0,1997-02-05
00-0036422,A.Trautman,TE,DEN,2023,26.57,16,0,0,0.0,0,0.0,0,0.0,0,35,22,204.0,3,60.4,204.0,1997-02-05
00-0036422,A.Trautman,TE,DEN,2024,27.57,14,0,0,0.0,0,0.0,0,0.0,0,23,14,190.0,2,45.0,190.0,1997-02-05
00-0039458,B.Bates,TE,CLE,2024,24.88,1,0,0,0.0,0,0.0,0,0.0,0,1,0,0.0,0,0.0,0.0,1999-10-16
00-0032062,B.Bell,TE,KC,2019,28.07,13,0,0,0.0,0,0.0,0,0.0,0,18,11,91.0,1,26.1,91.0,1991-08-07
00-0032062,B.Bell,TE,DAL,2020,29.07,11,0,0,0.0,0,0.0,1,2.0,0,15,11,110.0,0,22.2,112.0,1991-08-07
00-0032062,B.Bell,TE,KC,2021,30.07,12,0,0,0.0,0,0.0,4,10.0,0,14,10,90.0,0,20.0,100.0,1991-08-07
00-0032062,B.Bell,TE,KC,2022,31.07,3,0,0,0.0,0,0.0,0,0.0,0,4,3,24.0,1,11.4,24.0,1991-08-07
00-0032062,B.Bell,TE,KC,2023,32.07,6,0,0,0.0,0,0.0,0,0.0,0,9,5,26.0,1,11.599999,26.0,1991-08-07
00-0039338,B.Bowers,TE,LV,2024,21.72,17,0,0,0.0,0,0.0,5,13.0,0,153,112,1194.0,5,262.7,1207.0,2002-12-13
00-0032661,B.Braunecker,TE,CHI,2019,25.57,4,0,0,0.0,0,0.0,0,0.0,0,11,6,59.0,1,17.9,59.0,1994-02-07
00-0039316,B.Cupp,TE,KC,2024,24.31,1,0,0,0.0,0,0.0,0,0.0,0,1,0,0.0,0,0.0,0.0,2000-05-10
00-0035102,B.Dillon,TE,MIN,2020,23.34,1,0,0,0.0,0,0.0,0,0.0,0,1,1,6.0,0,1.6,6.0,1997-04-30
00-0035823,B.Ellefson,TE,JAX,2020,24.0,3,0,0,0.0,0,0.0,0,0.0,0,4,1,10.0,0,4.0,10.0,1996-09-01
00-0035823,B.Ellefson,TE,MIN,2021,25.0,1,0,0,0.0,0,0.0,0,0.0,0,1,0,0.0,0,0.0,0.0,1996-09-01
00-0035823,B.Ellefson,TE,MIN,2022,26.0,2,0,0,0.0,0,0.0,0,0.0,0,3,3,26.0,0,5.6000004,26.0,1996-09-01
00-0036424,B.Hopkins,TE,LA,2021,24.43,2,0,0,0.0,0,0.0,0,0.0,0,5,5,56.0,0,10.599999,56.0,1997-03-27
00-0036424,B.Hopkins,TE,LA,2022,25.43,7,0,0,0.0,0,0.0,0,0.0,0,11,7,109.0,0,17.9,109.0,1997-03-27
00-0036424,B.Hopkins,TE,LA,2023,26.43,4,0,0,0.0,0,0.0,0,0.0,0,7,5,78.0,0,12.799999,78.0,1997-03-27
00-0033658,B.Jarwin,TE,DAL,2019,25.13,15,0,0,0.0,0,0.0,0,0.0,0,41,31,365.0,3,85.5,365.0,1994-07-16
00-0033658,B.Jarwin,TE,DAL,2020,26.13,1,0,0,0.0,0,0.0,0,0.0,0,1,1,12.0,0,2.2,12.0,1994-07-16
00-0033658,B.Jarwin,TE,DAL,2021,27.13,8,0,0,0.0,0,0.0,0,0.0,0,18,11,96.0,2,32.6,96.0,1994-07-16
00-0036556,B.Jordan,TE,HOU,2021,21.13,8,0,0,0.0,0,0.0,0,0.0,0,28,20,178.0,3,55.800003,178.0,2000-07-16
00-0036556,B.Jordan,TE,HOU,2022,22.13,9,0,0,0.0,0,0.0,0,0.0,0,28,14,128.0,0,26.8,128.0,2000-07-16
00-0036556,B.Jordan,TE,HOU,2023,23.13,11,0,0,0.0,0,0.0,0,0.0,0,23,18,295.0,3,65.5,295.0,2000-07-16
00-0036556,B.Jordan,TE,HOU,2024,24.13,2,0,0,0.0,0,0.0,0,0.0,0,3,2,7.0,0,2.6999998,7.0,2000-07-16
00-0032139,B.Koyack,TE,JAX,2019,26.4,3,0,0,0.0,0,0.0,0,0.0,0,3,1,9.0,0,1.9,9.0,1993-04-09
00-0038809,B.Sims,TE,GB,2023,23.29,7,0,0,0.0,0,0.0,0,0.0,0,7,5,25.0,1,13.5,25.0,2000-05-16
00-0038809,B.Sims,TE,GB,2024,24.29,4,0,0,0.0,0,0.0,0,0.0,0,5,4,42.0,0,8.200001,42.0,2000-05-16
00-0039912,B.Sinnott,TE,WAS,2024,22.22,5,0,0,0.0,0,0.0,0,0.0,0,6,6,51.0,1,17.1,51.0,2002-06-14
00-0039530,B.Spann-Ford,TE,DAL,2024,24.68,6,0,0,0.0,0,0.0,0,0.0,0,14,9,88.0,0,17.8,88.0,1999-12-27
00-0038935,B.Strange,TE,JAX,2023,22.68,5,0,0,0.0,0,0.0,0,0.0,0,9,5,35.0,1,14.5,35.0,2000-12-27
00-0038935,B.Strange,TE,JAX,2024,23.68,14,0,0,0.0,0,0.0,0,0.0,0,53,40,411.0,2,91.1,411.0,2000-12-27
00-0022943,B.Watson,TE,NE,2019,38.7,10,0,0,0.0,0,0.0,0,0.0,0,28,20,211.0,0,41.1,211.0,1980-12-18
00-0038710,B.Whiteheart,TE,CLE,2024,24.44,7,0,0,0.0,0,0.0,0,0.0,0,9,6,51.0,1,17.1,51.0,2000-03-22
00-0038643,B.Willis,TE,SF,2024,24.81,1,0,0,0.0,0,0.0,0,0.0,0,2,0,0.0,0,0.0,0.0,1999-11-11
00-0036754,B.Wright,TE,DET,2021,22.76,7,0,0,0.0,0,0.0,0,0.0,0,17,12,117.0,2,35.7,117.0,1998-11-27
00-0036754,B.Wright,TE,DET,2022,23.76,13,0,0,0.0,0,0.0,0,0.0,0,24,18,216.0,4,63.6,216.0,1998-11-27
00-0036754,B.Wright,TE,DET,2023,24.76,9,0,0,0.0,0,0.0,0,0.0,0,15,14,120.0,1,32.0,120.0,1998-11-27
00-0036754,B.Wright,TE,DET,2024,25.76,10,0,0,0.0,0,0.0,0,0.0,0,16,13,100.0,2,35.0,100.0,1998-11-27
00-0031273,C.Brate,TE,TB,2019,28.16,14,0,0,0.0,0,0.0,0,0.0,0,55,36,311.0,4,91.1,311.0,1991-07-03
00-0031273,C.Brate,TE,TB,2020,29.16,17,0,0,0.0,0,0.0,0,0.0,0,53,42,457.0,3,105.7,457.0,1991-07-03
00-0031273,C.Brate,TE,TB,2021,30.16,18,0,0,0.0,0,0.0,0,0.0,0,63,34,283.0,4,86.3,283.0,1991-07-03
00-0031273,C.Brate,TE,TB,2022,31.16,10,0,0,0.0,0,0.0,0,0.0,0,41,21,182.0,1,45.2,182.0,1991-07-03
00-0033338,C.Carter,TE,CIN,2019,23.99,2,0,0,0.0,0,0.0,0,0.0,0,3,2,13.0,1,9.3,13.0,1995-09-05
00-0033338,C.Carter,TE,CIN,2020,24.99,6,0,0,0.0,0,0.0,0,0.0,0,7,5,53.0,0,10.3,53.0,1995-09-05
00-0033338,C.Carter,TE,MIA,2021,25.99,2,0,0,0.0,0,0.0,0,0.0,0,2,2,16.0,0,3.6,16.0,1995-09-05
00-0028112,C.Clay,TE,ARI,2019,30.55,15,0,0,0.0,0,0.0,0,0.0,0,24,18,237.0,1,47.7,237.0,1989-02-13
00-0037506,C.Fotheringham,TE,LV,2023,25.89,1,0,0,0.0,0,0.0,0,0.0,0,1,1,6.0,0,1.6,6.0,1997-10-11
00-0039631,C.Grandy,TE,CIN,2024,24.79,4,0,0,0.0,0,0.0,0,0.0,0,5,5,28.0,0,7.8,28.0,1999-11-19
00-0034766,C.Herndon,TE,NYJ,2019,23.52,1,0,0,0.0,0,0.0,0,0.0,0,2,1,7.0,0,1.7,7.0,1996-02-23
00-0034766,C.Herndon,TE,NYJ,2020,24.52,11,0,0,0.0,0,0.0,0,0.0,0,45,31,287.0,3,73.7,287.0,1996-02-23
00-0034766,C.Herndon,TE,MIN,2021,25.52,5,0,0,0.0,0,0.0,0,0.0,0,7,4,40.0,1,14.0,40.0,1996-02-23
00-0037304,C.Heyward,TE,PIT,2022,23.61,8,0,0,0.0,0,0.0,2,27.0,0,17,12,151.0,1,35.8,178.0,1999-01-22
00-0037304,C.Heyward,TE,PIT,2023,24.61,12,0,1,0.0,0,0.0,1,0.0,0,35,24,172.0,0,41.2,172.0,1999-01-22
00-0037304,C.Heyward,TE,PIT,2024,25.61,5,0,0,0.0,0,0.0,0,0.0,0,8,6,40.0,1,16.0,40.0,1999-01-22
00-0035553,C.Jones,TE,JAX,2019,23.07,1,0,0,0.0,0,0.0,0,0.0,0,1,1,5.0,0,1.5,5.0,1996-08-05
00-0036290,C.Kmet,TE,CHI,2020,21.48,14,0,0,0.0,0,0.0,1,-3.0,0,48,31,259.0,2,66.6,256.0,1999-03-10
00-0036290,C.Kmet,TE,CHI,2021,22.48,17,0,0,0.0,0,0.0,1,0.0,0,93,60,612.0,0,121.2,612.0,1999-03-10
00-0036290,C.Kmet,TE,CHI,2022,23.48,17,0,0,0.0,0,0.0,2,9.0,0,69,50,544.0,7,147.3,553.0,1999-03-10
00-0036290,C.Kmet,TE,CHI,2023,24.48,15,0,0,0.0,0,0.0,3,2.0,0,90,73,719.0,6,181.1,721.0,1999-03-10
00-0036290,C.Kmet,TE,CHI,2024,25.48,14,0,0,0.0,0,0.0,0,0.0,0,55,47,474.0,4,120.4,474.0,1999-03-10
00-0038046,C.Kolar,TE,BAL,2022,23.56,1,0,0,0.0,0,0.0,0,0.0,0,6,4,49.0,0,8.9,49.0,1999-02-10
00-0038046,C.Kolar,TE,BAL,2023,24.56,7,0,0,0.0,0,0.0,0,0.0,0,10,8,91.0,1,23.1,91.0,1999-02-10
00-0038046,C.Kolar,TE,BAL,2024,25.56,7,0,0,0.0,0,0.0,1,2.0,0,11,9,131.0,1,28.3,133.0,1999-02-10
00-0031484,C.Manhertz,TE,CAR,2019,27.39,1,0,0,0.0,0,0.0,0,0.0,0,1,1,11.0,0,2.1,11.0,1992-04-10
00-0031484,C.Manhertz,TE,CAR,2020,28.39,7,0,0,0.0,0,0.0,0,0.0,0,8,6,52.0,0,11.2,52.0,1992-04-10
00-0031484,C.Manhertz,TE,JAX,2021,29.39,8,0,0,0.0,0,0.0,0,0.0,0,9,6,71.0,1,19.099998,71.0,1992-04-10
00-0031484,C.Manhertz,TE,JAX,2022,30.39,6,0,0,0.0,0,0.0,0,0.0,0,8,6,42.0,0,10.2,42.0,1992-04-10
00-0031484,C.Manhertz,TE,DEN,2023,31.39,4,0,0,0.0,0,0.0,0,0.0,0,4,2,16.0,0,3.6,16.0,1992-04-10
00-0031484,C.Manhertz,TE,NYG,2024,32.39,4,0,0,0.0,0,0.0,0,0.0,0,4,3,30.0,1,12.0,30.0,1992-04-10
00-0034735,C.McElroy,TE,TB,2019,26.72,1,0,0,0.0,0,0.0,0,0.0,0,1,1,30.0,0,4.0,30.0,1992-12-13
00-0034735,C.McElroy,TE,TB,2021,28.72,1,0,0,0.0,0,0.0,0,0.0,0,1,0,0.0,0,0.0,0.0,1992-12-13
00-0035345,C.Myarick,TE,NYG,2021,25.9,4,0,0,0.0,0,0.0,0,0.0,0,6,3,17.0,1,10.700001,17.0,1995-10-06
00-0035345,C.Myarick,TE,NYG,2022,26.9,7,0,0,0.0,0,0.0,0,0.0,0,8,7,65.0,1,19.5,65.0,1995-10-06
00-0037809,C.Okonkwo,TE,TEN,2022,22.98,15,0,0,0.0,0,0.0,3,2.0,0,46,32,450.0,3,97.2,452.0,1999-09-08
00-0037809,C.Okonkwo,TE,TEN,2023,23.98,17,0,0,0.0,0,0.0,2,6.0,0,77,54,528.0,1,113.4,534.0,1999-09-08
00-0037809,C.Okonkwo,TE,TEN,2024,24.98,16,0,0,0.0,0,0.0,1,17.0,0,70,52,479.0,2,113.6,496.0,1999-09-08
00-0038129,C.Otton,TE,TB,2022,23.38,15,0,0,0.0,0,0.0,0,0.0,0,72,46,449.0,2,102.9,449.0,1999-04-15
00-0038129,C.Otton,TE,TB,2023,24.38,18,0,0,0.0,0,0.0,0,0.0,0,86,60,609.0,5,150.9,609.0,1999-04-15
00-0038129,C.Otton,TE,TB,2024,25.38,15,0,0,0.0,0,0.0,1,-4.0,0,89,61,632.0,4,145.8,628.0,1999-04-15
00-0036244,C.Parkinson,TE,SEA,2020,21.65,1,0,0,0.0,0,0.0,0,0.0,0,2,2,16.0,0,3.6,16.0,1999-01-07
00-0036244,C.Parkinson,TE,SEA,2021,22.65,5,0,0,0.0,0,0.0,0,0.0,0,8,5,33.0,0,8.3,33.0,1999-01-07
00-0036244,C.Parkinson,TE,SEA,2022,23.65,15,0,0,0.0,0,0.0,0,0.0,0,40,28,336.0,2,73.6,336.0,1999-01-07
00-0036244,C.Parkinson,TE,SEA,2023,24.65,14,0,0,0.0,0,0.0,0,0.0,0,34,25,247.0,2,61.7,247.0,1999-01-07
00-0036244,C.Parkinson,TE,LA,2024,25.65,17,0,0,0.0,0,0.0,0,0.0,0,53,34,316.0,2,77.6,316.0,1999-01-07
00-0039359,C.Stover,TE,HOU,2024,24.22,14,0,0,0.0,0,0.0,0,0.0,0,26,19,161.0,1,41.1,161.0,2000-06-12
00-0033720,C.Thompson,TE,CAR,2020,26.71,2,0,0,0.0,0,0.0,0,0.0,0,2,1,7.0,1,7.7,7.0,1993-12-15
00-0033720,C.Thompson,TE,CAR,2021,27.71,1,0,0,0.0,0,0.0,0,0.0,0,1,0,0.0,0,0.0,0.0,1993-12-15
00-0037078,C.Turner,TE,WAS,2022,22.46,5,0,0,0.0,0,0.0,0,0.0,0,9,2,23.0,0,4.3,23.0,2000-03-16
00-0037078,C.Turner,TE,WAS,2023,23.46,7,0,0,0.0,0,0.0,0,0.0,0,15,11,120.0,0,23.0,120.0,2000-03-16
00-0032134,C.Uzomah,TE,CIN,2019,26.63,13,0,0,0.0,0,0.0,0,0.0,0,40,27,242.0,2,63.2,242.0,1993-01-14
00-0032134,C.Uzomah,TE,CIN,2020,27.63,2,0,0,0.0,0,0.0,0,0.0,0,11,8,87.0,1,22.7,87.0,1993-01-14
00-0032134,C.Uzomah,TE,CIN,2021,28.63,20,0,0,0.0,0,0.0,0,0.0,0,81,64,639.0,6,163.9,639.0,1993-01-14
00-0032134,C.Uzomah,TE,NYJ,2022,29.63,12,0,0,0.0,0,0.0,0,0.0,0,27,21,232.0,2,56.2,232.0,1993-01-14
00-0032134,C.Uzomah,TE,NYJ,2023,30.63,7,0,0,0.0,0,0.0,0,0.0,0,12,8,58.0,1,19.8,58.0,1993-01-14
00-0032256,C.Walford,TE,MIA,2019,27.92,4,0,0,0.0,0,0.0,0,0.0,0,8,4,57.0,0,9.700001,57.0,1991-10-01
00-0036429,C.Woerner,TE,SF,2020,22.88,3,0,0,0.0,0,0.0,0,0.0,0,4,3,36.0,0,6.6000004,36.0,1997-10-16
00-0036429,C.Woerner,TE,SF,2021,23.88,5,0,0,0.0,0,0.0,0,0.0,0,7,5,52.0,0,10.2,52.0,1997-10-16
00-0036429,C.Woerner,TE,SF,2022,24.88,2,0,0,0.0,0,0.0,0,0.0,0,2,0,0.0,0,0.0,0.0,1997-10-16
00-0036429,C.Woerner,TE,SF,2023,25.88,3,0,0,0.0,0,0.0,0,0.0,0,3,3,32.0,0,6.2,32.0,1997-10-16
00-0036429,C.Woerner,TE,ATL,2024,26.88,8,0,0,0.0,0,0.0,0,0.0,0,12,7,46.0,0,11.6,46.0,1997-10-16
00-0039074,D.Allen,TE,LA,2023,22.58,5,0,0,0.0,0,0.0,0,0.0,0,13,12,123.0,1,30.300001,123.0,2001-02-03
00-0039074,D.Allen,TE,LA,2024,23.58,7,0,0,0.0,0,0.0,0,0.0,0,15,7,52.0,1,18.2,52.0,2001-02-03
00-0034011,D.Arnold,TE,ARI,2019,24.46,5,0,0,0.0,0,0.0,0,0.0,0,14,8,127.0,2,32.7,127.0,1995-03-15
00-0034011,D.Arnold,TE,ARI,2020,25.46,14,0,0,0.0,0,0.0,0,0.0,0,45,31,438.0,4,96.8,438.0,1995-03-15
00-0034011,D.Arnold,TE,JAX,2021,26.46,10,0,0,0.0,0,0.0,0,0.0,0,52,35,408.0,0,75.8,408.0,1995-03-15
00-0034011,D.Arnold,TE,JAX,2022,27.46,10,0,0,0.0,0,0.0,0,0.0,0,13,9,135.0,0,22.5,135.0,1995-03-15
00-0036194,D.Asiasi,TE,NE,2020,23.05,4,0,0,0.0,0,0.0,0,0.0,0,7,2,39.0,1,11.9,39.0,1997-08-14
00-0036194,D.Asiasi,TE,CIN,2022,25.05,3,0,0,0.0,0,0.0,0,0.0,0,4,2,5.0,0,2.5,5.0,1997-08-14
00-0038115,D.Bellinger,TE,NYG,2022,21.94,13,0,0,0.0,0,0.0,1,2.0,1,40,33,289.0,3,86.1,291.0,2000-09-22
00-0038115,D.Bellinger,TE,NYG,2023,22.94,13,0,0,0.0,0,0.0,0,0.0,0,28,25,255.0,0,50.5,255.0,2000-09-22
00-0038115,D.Bellinger,TE,NYG,2024,23.94,7,0,0,0.0,0,0.0,0,0.0,0,17,14,125.0,0,26.5,125.0,2000-09-22
00-0032098,D.Brown,TE,NYJ,2019,27.27,6,0,0,0.0,0,0.0,0,0.0,0,11,7,72.0,1,20.2,72.0,1992-05-26
00-0032098,D.Brown,TE,NYJ,2020,28.27,2,0,0,0.0,0,0.0,0,0.0,0,2,2,31.0,0,5.1,31.0,1992-05-26
00-0032098,D.Brown,TE,NYJ,2021,29.27,1,0,0,0.0,0,0.0,0,0.0,0,2,2,29.0,0,4.9,29.0,1992-05-26
00-0029119,D.Carrier,TE,LV,2019,29.1,9,0,0,0.0,0,0.0,1,27.0,0,19,13,108.0,1,32.5,135.0,1990-07-25
00-0029119,D.Carrier,TE,LV,2020,30.1,1,0,0,0.0,0,0.0,0,0.0,0,1,1,14.0,0,2.4,14.0,1990-07-25
00-0029119,D.Carrier,TE,LV,2021,31.1,1,0,0,0.0,0,0.0,0,0.0,0,2,2,13.0,0,3.3,13.0,1990-07-25
00-0039754,D.Culp,TE,TB,2024,24.58,2,0,0,0.0,0,0.0,0,0.0,0,6,5,88.0,0,13.799999,88.0,2000-02-02
00-0036456,D.Dafney,TE,GB,2020,23.25,2,0,0,0.0,0,0.0,0,0.0,0,2,2,26.0,1,10.6,26.0,1997-06-03
00-0036456,D.Dafney,TE,GB,2021,24.25,5,0,0,0.0,0,0.0,0,0.0,0,6,2,34.0,0,5.3999996,34.0,1997-06-03
00-0033258,D.Daniels,TE,ARI,2019,24.78,3,0,0,0.0,0,0.0,0,0.0,0,3,1,4.0,0,1.4,4.0,1994-11-22
00-0033258,D.Daniels,TE,ARI,2020,25.78,8,0,0,0.0,0,0.0,0,0.0,0,11,8,92.0,1,23.2,92.0,1994-11-22
00-0033258,D.Daniels,TE,ARI,2021,26.78,4,0,0,0.0,0,0.0,0,0.0,0,7,3,2.0,0,3.2,2.0,1994-11-22
00-0029738,D.Fells,TE,HOU,2019,33.36,17,0,0,0.0,0,0.0,0,0.0,0,60,41,400.0,8,129.0,400.0,1986-04-22
00-0029738,D.Fells,TE,HOU,2020,34.36,12,0,0,0.0,0,0.0,0,0.0,0,28,21,312.0,4,76.2,312.0,1986-04-22
00-0029738,D.Fells,TE,DET,2021,35.36,3,0,0,0.0,0,0.0,0,0.0,0,5,4,43.0,0,8.3,43.0,1986-04-22
00-0032055,D.Funchess,TE,IND,2019,25.28,1,0,0,0.0,0,0.0,0,0.0,0,5,3,32.0,0,6.2,32.0,1994-05-21
00-0034351,D.Goedert,TE,PHI,2019,24.66,16,0,0,0.0,0,0.0,0,0.0,0,95,65,680.0,5,159.0,680.0,1995-01-03
00-0034351,D.Goedert,TE,PHI,2020,25.66,11,0,0,0.0,0,0.0,0,0.0,0,65,46,524.0,3,116.4,524.0,1995-01-03
00-0034351,D.Goedert,TE,PHI,2021,26.66,16,0,0,0.0,0,0.0,0,0.0,0,88,62,922.0,4,180.2,922.0,1995-01-03
00-0034351,D.Goedert,TE,PHI,2022,27.66,15,0,0,0.0,0,0.0,0,0.0,0,87,71,843.0,4,177.3,843.0,1995-01-03
00-0034351,D.Goedert,TE,PHI,2023,28.66,15,0,0,0.0,0,0.0,1,1.0,0,89,63,613.0,4,148.40001,614.0,1995-01-03
00-0034351,D.Goedert,TE,PHI,2024,29.66,14,0,0,0.0,0,0.0,2,13.0,0,72,59,711.0,3,149.4,724.0,1995-01-03
00-0030155,D.Harris,TE,CLE,2019,28.09,13,0,0,0.0,0,0.0,0,0.0,0,27,15,149.0,3,49.9,149.0,1991-07-29
00-0030155,D.Harris,TE,CHI,2020,29.09,7,0,0,0.0,0,0.0,0,0.0,0,14,7,45.0,0,11.5,45.0,1991-07-29
00-0030155,D.Harris,TE,ARI,2021,30.09,3,0,0,0.0,0,0.0,0,0.0,0,6,3,10.0,0,4.0,10.0,1991-07-29
00-0035428,D.Helm,TE,LV,2021,26.37,2,0,0,0.0,0,0.0,0,0.0,0,2,1,-1.0,0,0.9,-1.0,1995-04-20
00-0039613,D.Holker,TE,NO,2024,24.4,2,0,0,0.0,0,0.0,0,0.0,0,4,3,21.0,0,5.1,21.0,2000-04-07
00-0036225,D.Keene,TE,NE,2020,21.38,3,0,0,0.0,0,0.0,0,0.0,0,5,3,16.0,0,4.6,16.0,1999-04-14
00-0038933,D.Kincaid,TE,BUF,2023,23.87,18,0,0,0.0,0,0.0,0,0.0,0,102,81,777.0,3,174.7,777.0,1999-10-18
00-0038933,D.Kincaid,TE,BUF,2024,24.87,16,0,0,0.0,0,0.0,0,0.0,0,84,50,519.0,2,113.9,519.0,1999-10-18
00-0035689,D.Knox,TE,BUF,2019,22.8,16,0,0,0.0,0,0.0,1,9.0,0,52,29,402.0,2,82.1,411.0,1996-11-14
00-0035689,D.Knox,TE,BUF,2020,23.8,14,0,0,0.0,0,0.0,0,0.0,0,57,34,353.0,5,95.3,353.0,1996-11-14
00-0035689,D.Knox,TE,BUF,2021,24.8,17,0,0,0.0,0,0.0,0,0.0,0,80,56,685.0,11,192.5,685.0,1996-11-14
00-0035689,D.Knox,TE,BUF,2022,25.8,17,0,0,0.0,0,0.0,0,0.0,0,77,56,602.0,7,158.2,602.0,1996-11-14
00-0035689,D.Knox,TE,BUF,2023,26.8,12,0,0,0.0,0,0.0,0,0.0,0,39,24,199.0,3,63.899998,199.0,1996-11-14
00-0035689,D.Knox,TE,BUF,2024,27.8,17,0,0,0.0,0,0.0,0,0.0,0,39,26,356.0,1,67.6,356.0,1996-11-14
00-0039648,D.Martin-Robinson,TE,TEN,2024,24.68,2,0,0,0.0,0,0.0,0,0.0,0,2,1,6.0,0,1.6,6.0,1999-12-26
00-0033885,D.Njoku,TE,CLE,2019,23.14,3,0,0,0.0,0,0.0,0,0.0,0,10,5,41.0,1,15.099999,41.0,1996-07-10
00-0033885,D.Njoku,TE,CLE,2020,24.14,13,0,0,0.0,0,0.0,0,0.0,0,35,24,279.0,2,63.9,279.0,1996-07-10
00-0033885,D.Njoku,TE,CLE,2021,25.14,15,0,0,0.0,0,0.0,1,1.0,0,53,36,475.0,4,107.6,476.0,1996-07-10
00-0033885,D.Njoku,TE,CLE,2022,26.14,14,0,0,0.0,0,0.0,2,-8.0,0,80,58,628.0,4,142.0,620.0,1996-07-10
00-0033885,D.Njoku,TE,CLE,2023,27.14,17,0,0,0.0,0,0.0,0,0.0,0,134,88,975.0,6,217.5,975.0,1996-07-10
00-0033885,D.Njoku,TE,CLE,2024,28.14,11,0,0,0.0,0,0.0,0,0.0,0,97,64,505.0,5,148.5,505.0,1996-07-10
00-0035329,D.Parham,TE,LAC,2020,23.04,10,0,0,0.0,0,0.0,0,0.0,0,20,10,159.0,3,43.899998,159.0,1997-08-16
00-0035329,D.Parham,TE,LAC,2021,24.04,12,0,0,0.0,0,0.0,0,0.0,0,27,20,190.0,3,59.0,190.0,1997-08-16
00-0035329,D.Parham,TE,LAC,2022,25.04,7,0,0,0.0,0,0.0,0,0.0,0,17,14,153.0,1,35.3,153.0,1997-08-16
00-0035329,D.Parham,TE,LAC,2023,26.04,13,0,0,0.0,0,0.0,0,0.0,0,41,27,285.0,4,79.5,285.0,1997-08-16
00-0035631,D.Sample,TE,CIN,2019,23.38,4,0,0,0.0,0,0.0,0,0.0,0,6,5,30.0,0,8.0,30.0,1996-04-16
00-0035631,D.Sample,TE,CIN,2020,24.38,16,0,0,0.0,0,0.0,0,0.0,0,53,40,349.0,1,78.9,349.0,1996-04-16
00-0035631,D.Sample,TE,CIN,2021,25.38,9,0,0,0.0,0,0.0,0,0.0,0,17,12,85.0,0,20.5,85.0,1996-04-16
00-0035631,D.Sample,TE,CIN,2022,26.38,2,0,0,0.0,0,0.0,0,0.0,0,2,2,-2.0,0,1.8000001,-2.0,1996-04-16
00-0035631,D.Sample,TE,CIN,2023,27.38,14,0,0,0.0,0,0.0,0,0.0,0,27,22,163.0,2,50.3,163.0,1996-04-16
00-0035631,D.Sample,TE,CIN,2024,28.38,11,0,0,0.0,0,0.0,1,-4.0,0,22,20,109.0,1,36.5,105.0,1996-04-16
00-0034383,D.Schultz,TE,DAL,2019,23.14,2,0,0,0.0,0,0.0,0,0.0,0,2,1,6.0,0,1.6,6.0,1996-07-11
00-0034383,D.Schultz,TE,DAL,2020,24.14,16,0,0,0.0,0,0.0,0,0.0,0,89,63,615.0,4,146.5,615.0,1996-07-11
00-0034383,D.Schultz,TE,DAL,2021,25.14,18,0,0,0.0,0,0.0,0,0.0,0,112,85,897.0,8,224.7,897.0,1996-07-11
00-0034383,D.Schultz,TE,DAL,2022,26.14,17,0,0,0.0,0,0.0,0,0.0,0,107,69,699.0,8,184.9,699.0,1996-07-11
00-0034383,D.Schultz,TE,HOU,2023,27.14,17,0,0,0.0,0,0.0,0,0.0,0,97,65,715.0,6,170.5,715.0,1996-07-11
00-0034383,D.Schultz,TE,HOU,2024,28.14,19,0,0,0.0,0,0.0,0,0.0,0,93,59,618.0,2,132.8,618.0,1996-07-11
00-0034798,D.Smythe,TE,MIA,2019,24.06,8,0,0,0.0,0,0.0,0,0.0,0,14,7,65.0,0,13.5,65.0,1995-08-09
00-0034798,D.Smythe,TE,MIA,2020,25.06,13,0,0,0.0,0,0.0,0,0.0,0,29,26,208.0,2,58.8,208.0,1995-08-09
00-0034798,D.Smythe,TE,MIA,2021,26.06,15,0,0,0.0,0,0.0,2,3.0,0,41,34,357.0,0,70.0,360.0,1995-08-09
00-0034798,D.Smythe,TE,MIA,2022,27.06,13,0,0,0.0,0,0.0,2,1.0,1,21,16,149.0,1,43.0,150.0,1995-08-09
00-0034798,D.Smythe,TE,MIA,2023,28.06,14,0,0,0.0,0,0.0,0,0.0,0,47,38,378.0,0,75.8,378.0,1995-08-09
00-0034798,D.Smythe,TE,MIA,2024,29.06,13,0,0,0.0,0,0.0,0,0.0,0,17,9,53.0,0,14.299999,53.0,1995-08-09
00-0031610,D.Waller,TE,LV,2019,26.97,16,0,0,0.0,0,0.0,2,5.0,0,117,90,1145.0,3,221.0,1150.0,1992-09-13
00-0031610,D.Waller,TE,LV,2020,27.97,16,0,0,0.0,0,0.0,0,0.0,0,145,107,1196.0,9,278.6,1196.0,1992-09-13
00-0031610,D.Waller,TE,LV,2021,28.97,12,0,0,0.0,0,0.0,0,0.0,0,105,62,741.0,2,148.1,741.0,1992-09-13
00-0031610,D.Waller,TE,LV,2022,29.97,8,0,0,0.0,0,0.0,0,0.0,0,43,28,388.0,3,84.8,388.0,1992-09-13
00-0031610,D.Waller,TE,NYG,2023,30.97,12,0,0,0.0,0,0.0,0,0.0,0,74,52,552.0,1,113.2,552.0,1992-09-13
00-0038558,D.Washington,TE,PIT,2023,22.04,9,0,0,0.0,0,0.0,0,0.0,0,11,7,61.0,0,13.1,61.0,2001-08-17
00-0038558,D.Washington,TE,PIT,2024,23.04,14,0,0,0.0,0,0.0,0,0.0,0,28,20,209.0,1,46.9,209.0,2001-08-17
00-0034575,D.Wells,TE,TB,2023,28.33,1,0,0,0.0,0,0.0,0,0.0,0,2,2,-10.0,0,1.0,-10.0,1995-05-02
00-0034319,D.Yelder,TE,KC,2019,24.49,4,0,0,0.0,0,0.0,0,0.0,0,5,4,61.0,0,10.1,61.0,1995-03-06
00-0034319,D.Yelder,TE,KC,2020,25.49,6,0,0,0.0,0,0.0,0,0.0,0,11,7,36.0,0,10.6,36.0,1995-03-06
00-0034319,D.Yelder,TE,TB,2021,26.49,1,0,0,0.0,0,0.0,0,0.0,0,1,1,0.0,0,1.0,0.0,1995-03-06
00-0024389,De.Walker,TE,TEN,2019,35.05,6,0,0,0.0,0,0.0,0,0.0,0,31,21,215.0,2,54.5,215.0,1984-08-12
00-0039814,E.All,TE,CIN,2024,23.97,8,0,0,0.0,0,0.0,0,0.0,0,22,20,158.0,0,35.8,158.0,2000-09-13
00-0031387,E.Ebron,TE,IND,2019,26.39,11,0,0,0.0,0,0.0,0,0.0,0,52,31,375.0,3,86.5,375.0,1993-04-10
00-0031387,E.Ebron,TE,PIT,2020,27.39,16,0,0,0.0,0,0.0,0,0.0,0,102,63,620.0,6,161.0,620.0,1993-04-10
00-0031387,E.Ebron,TE,PIT,2021,28.39,8,0,0,0.0,0,0.0,1,1.0,1,18,12,84.0,1,32.5,85.0,1993-04-10
00-0033881,E.Engram,TE,NYG,2019,25.0,8,0,0,0.0,0,0.0,3,7.0,0,68,44,467.0,3,109.4,474.0,1994-09-02
00-0033881,E.Engram,TE,NYG,2020,26.0,16,0,0,0.0,0,0.0,6,26.0,1,109,63,654.0,1,141.0,680.0,1994-09-02
00-0033881,E.Engram,TE,NYG,2021,27.0,15,0,0,0.0,0,0.0,1,-3.0,0,73,46,408.0,3,102.5,405.0,1994-09-02
00-0033881,E.Engram,TE,JAX,2022,28.0,19,0,0,0.0,0,0.0,2,13.0,0,115,85,890.0,5,207.3,903.0,1994-09-02
00-0033881,E.Engram,TE,JAX,2023,29.0,17,0,0,0.0,0,0.0,0,0.0,0,143,114,963.0,4,230.3,963.0,1994-09-02
00-0033881,E.Engram,TE,JAX,2024,30.0,9,0,0,0.0,0,0.0,0,0.0,0,64,47,365.0,1,89.5,365.0,1994-09-02
00-0039041,E.Higgins,TE,ARI,2023,22.85,9,0,0,0.0,0,0.0,0,0.0,0,19,14,163.0,1,36.3,163.0,2000-10-27
00-0039041,E.Higgins,TE,ARI,2024,23.85,14,0,0,0.0,0,0.0,0,0.0,0,24,20,172.0,2,49.2,172.0,2000-10-27
00-0038498,E.Jenkins,TE,PHI,2024,25.83,2,0,0,0.0,0,0.0,0,0.0,0,2,1,7.0,1,7.7,7.0,1998-11-03
00-0033576,E.Saubert,TE,CHI,2019,25.31,2,0,0,0.0,0,0.0,0,0.0,0,3,2,21.0,0,4.1,21.0,1994-05-09
00-0033576,E.Saubert,TE,JAX,2020,26.31,4,0,0,0.0,0,0.0,0,0.0,0,4,3,16.0,0,4.6,16.0,1994-05-09
00-0033576,E.Saubert,TE,DEN,2021,27.31,7,0,0,0.0,0,0.0,0,0.0,0,12,8,47.0,1,18.7,47.0,1994-05-09
00-0033576,E.Saubert,TE,DEN,2022,28.31,11,0,0,0.0,0,0.0,0,0.0,0,24,15,148.0,1,35.8,148.0,1994-05-09
00-0033576,E.Saubert,TE,HOU,2023,29.31,3,0,0,0.0,0,0.0,0,0.0,0,3,3,12.0,0,4.2,12.0,1994-05-09
00-0033576,E.Saubert,TE,SF,2024,30.31,8,0,0,0.0,0,0.0,0,0.0,0,14,11,97.0,1,26.699999,97.0,1994-05-09
00-0031690,E.Tomlinson,TE,NE,2019,27.36,1,0,0,0.0,0,0.0,0,0.0,0,1,1,1.0,0,1.1,1.0,1992-04-22
00-0031690,E.Tomlinson,TE,BAL,2020,28.36,1,0,0,0.0,0,0.0,0,0.0,0,1,0,0.0,0,0.0,0.0,1992-04-22
00-0031690,E.Tomlinson,TE,BAL,2021,29.36,1,0,0,0.0,0,0.0,0,0.0,0,1,1,7.0,0,1.7,7.0,1992-04-22
00-0031690,E.Tomlinson,TE,DEN,2022,30.36,8,0,0,0.0,0,0.0,0,0.0,0,13,9,79.0,2,28.900002,79.0,1992-04-22
00-0031690,E.Tomlinson,TE,LAC,2024,32.36,4,0,0,0.0,0,0.0,0,0.0,0,4,2,9.0,0,2.9,9.0,1992-04-22
00-0034672,E.Wolf,TE,NO,2021,25.82,1,0,0,0.0,0,0.0,0,0.0,0,2,2,8.0,0,2.8,8.0,1995-11-07
00-0036825,F.Franks,TE,ATL,2021,23.69,3,0,1,0.0,0,1.0,3,6.0,0,0,0,0.0,0,-1.4,6.0,1997-12-22
00-0036825,F.Franks,TE,ATL,2022,24.69,2,0,0,0.0,0,0.0,1,0.0,0,2,0,0.0,0,0.0,0.0,1997-12-22
00-0036825,F.Franks,TE,CAR,2024,26.69,3,0,0,0.0,0,0.0,0,0.0,0,3,1,12.0,0,2.2,12.0,1997-12-22
00-0034981,F.Moreau,TE,LV,2019,22.32,11,0,0,0.0,0,0.0,0,0.0,0,25,21,174.0,5,68.4,174.0,1997-05-06
00-0034981,F.Moreau,TE,LV,2020,23.32,7,0,0,0.0,0,0.0,0,0.0,0,9,7,140.0,2,33.0,140.0,1997-05-06
00-0034981,F.Moreau,TE,LV,2021,24.32,13,0,0,0.0,0,0.0,0,0.0,0,47,30,373.0,3,85.299995,373.0,1997-05-06
00-0034981,F.Moreau,TE,LV,2022,25.32,14,0,0,0.0,0,0.0,0,0.0,0,54,33,420.0,2,87.0,420.0,1997-05-06
00-0034981,F.Moreau,TE,NO,2023,26.32,11,0,0,0.0,0,0.0,0,0.0,0,25,21,193.0,1,46.3,193.0,1997-05-06
00-0034981,F.Moreau,TE,NO,2024,27.32,15,0,0,0.0,0,0.0,0,0.0,0,43,32,413.0,5,103.3,413.0,1997-05-06
00-0037086,G.Calcaterra,TE,PHI,2022,23.74,5,0,0,0.0,0,0.0,0,0.0,0,9,5,81.0,0,13.1,81.0,1998-12-04
00-0037086,G.Calcaterra,TE,PHI,2023,24.74,2,0,0,0.0,0,0.0,0,0.0,0,4,4,39.0,0,7.8999996,39.0,1998-12-04
00-0037086,G.Calcaterra,TE,PHI,2024,25.74,14,0,0,0.0,0,0.0,0,0.0,0,31,25,302.0,1,61.2,302.0,1998-12-04
00-0037252,G.Dulcich,TE,DEN,2022,22.43,10,0,0,0.0,0,0.0,0,0.0,0,55,33,411.0,2,86.1,411.0,2000-03-26
00-0037252,G.Dulcich,TE,DEN,2023,23.43,2,0,0,0.0,0,0.0,0,0.0,0,4,3,25.0,0,5.5,25.0,2000-03-26
00-0037252,G.Dulcich,TE,DEN,2024,24.43,3,0,0,0.0,0,0.0,0,0.0,0,12,5,28.0,0,7.7999997,28.0,2000-03-26
00-0033895,G.Everett,TE,LA,2019,25.19,12,0,0,0.0,0,0.0,1,0.0,0,60,37,408.0,2,89.8,408.0,1994-06-25
00-0033895,G.Everett,TE,LA,2020,26.19,17,0,0,0.0,0,0.0,1,2.0,1,64,41,417.0,1,92.899994,419.0,1994-06-25
00-0033895,G.Everett,TE,SEA,2021,27.19,15,0,0,0.0,0,0.0,3,20.0,0,63,48,478.0,4,117.799995,498.0,1994-06-25
00-0033895,G.Everett,TE,LAC,2022,28.19,16,0,0,0.0,0,0.0,1,0.0,0,95,64,664.0,5,162.4,664.0,1994-06-25
00-0033895,G.Everett,TE,LAC,2023,29.19,15,0,0,0.0,0,0.0,3,10.0,0,70,51,411.0,3,111.1,421.0,1994-06-25
00-0033895,G.Everett,TE,CHI,2024,30.19,9,0,0,0.0,0,0.0,0,0.0,0,13,8,36.0,0,11.599999,36.0,1994-06-25
00-0033095,G.Griffin,TE,NO,2021,27.49,2,0,0,0.0,0,0.0,0,0.0,0,4,4,39.0,0,7.9,39.0,1994-03-04
00-0033288,G.Kittle,TE,SF,2019,25.9,17,0,0,0.0,0,0.0,5,22.0,0,120,93,1124.0,5,237.59999,1146.0,1993-10-09
00-0033288,G.Kittle,TE,SF,2020,26.9,8,0,0,0.0,0,0.0,2,17.0,0,63,48,634.0,2,125.1,651.0,1993-10-09
00-0033288,G.Kittle,TE,SF,2021,27.9,17,0,0,0.0,0,0.0,3,20.0,0,108,78,1018.0,7,221.8,1038.0,1993-10-09
00-0033288,G.Kittle,TE,SF,2022,28.9,18,0,0,0.0,0,0.0,1,4.0,0,97,70,929.0,11,229.3,933.0,1993-10-09
00-0033288,G.Kittle,TE,SF,2023,29.9,19,0,0,0.0,0,0.0,1,2.0,0,103,73,1132.0,7,228.4,1134.0,1993-10-09
00-0033288,G.Kittle,TE,SF,2024,30.9,15,0,0,0.0,0,0.0,0,0.0,0,94,78,1106.0,8,236.6,1106.0,1993-10-09
00-0025418,G.Olsen,TE,CAR,2019,34.47,14,0,0,0.0,0,0.0,0,0.0,0,82,52,597.0,2,123.7,597.0,1985-03-11
00-0025418,G.Olsen,TE,SEA,2020,35.47,11,0,0,0.0,0,0.0,0,0.0,0,37,24,239.0,1,53.9,239.0,1985-03-11
00-0035956,G.Ricci,TE,CAR,2021,24.88,2,0,0,0.0,0,0.0,0,0.0,0,2,0,0.0,0,0.0,0.0,1996-10-16
00-0035956,G.Ricci,TE,CAR,2022,25.88,6,0,0,0.0,0,0.0,0,0.0,0,9,8,100.0,0,18.0,100.0,1996-10-16
00-0035956,G.Ricci,TE,CAR,2023,26.88,1,0,0,0.0,0,0.0,0,0.0,0,1,1,2.0,0,1.2,2.0,1996-10-16
00-0032141,G.Swaim,TE,JAX,2019,25.96,6,0,0,0.0,0,0.0,0,0.0,0,17,13,65.0,0,19.5,65.0,1993-09-16
00-0032141,G.Swaim,TE,TEN,2020,26.96,7,0,0,0.0,0,0.0,0,0.0,0,13,10,88.0,1,24.8,88.0,1993-09-16
00-0032141,G.Swaim,TE,TEN,2021,27.96,16,0,0,0.0,0,0.0,0,0.0,0,40,31,210.0,3,70.0,210.0,1993-09-16
00-0032141,G.Swaim,TE,TEN,2022,28.96,11,0,0,0.0,0,0.0,0,0.0,0,16,12,58.0,1,23.8,58.0,1993-09-16
00-0032141,G.Swaim,TE,ARI,2023,29.96,7,0,0,0.0,0,0.0,0,0.0,0,11,10,94.0,0,19.4,94.0,1993-09-16
00-0032141,G.Swaim,TE,CLE,2024,30.96,1,0,0,0.0,0,0.0,0,0.0,0,1,1,7.0,0,1.7,7.0,1993-09-16
00-0036008,H.Bryant,TE,DET,2020,22.03,2,0,0,0.0,0,0.0,0,0.0,0,3,1,44.0,0,5.4,44.0,1998-08-20
00-0036232,H.Bryant,TE,CLE,2020,22.36,13,0,0,0.0,0,0.0,0,0.0,0,39,24,238.0,3,61.8,238.0,1998-04-23
00-0036232,H.Bryant,TE,CLE,2021,23.36,13,0,0,0.0,0,0.0,0,0.0,0,28,21,233.0,3,62.3,233.0,1998-04-23
00-0036232,H.Bryant,TE,CLE,2022,24.36,14,0,0,0.0,0,0.0,1,8.0,0,42,31,239.0,1,61.7,247.0,1998-04-23
00-0036232,H.Bryant,TE,CLE,2023,25.36,14,0,0,0.0,0,0.0,5,8.0,0,26,17,146.0,3,48.4,154.0,1998-04-23
00-0036232,H.Bryant,TE,LV,2024,26.36,5,0,0,0.0,0,0.0,0,0.0,0,12,9,86.0,0,17.6,86.0,1998-04-23
00-0033090,H.Henry,TE,LAC,2019,24.74,12,0,0,0.0,0,0.0,0,0.0,0,76,55,652.0,5,150.2,652.0,1994-12-07
00-0033090,H.Henry,TE,LAC,2020,25.74,14,0,0,0.0,0,0.0,0,0.0,0,93,60,613.0,4,145.3,613.0,1994-12-07
00-0033090,H.Henry,TE,NE,2021,26.74,17,0,0,0.0,0,0.0,0,0.0,0,79,51,633.0,9,168.3,633.0,1994-12-07
00-0033090,H.Henry,TE,NE,2022,27.74,16,0,0,0.0,0,0.0,0,0.0,0,59,41,509.0,2,103.9,509.0,1994-12-07
00-0033090,H.Henry,TE,NE,2023,28.74,13,0,0,0.0,0,0.0,0,0.0,0,61,42,419.0,6,119.9,419.0,1994-12-07
00-0033090,H.Henry,TE,NE,2024,29.74,16,0,0,0.0,0,0.0,0,0.0,0,97,66,674.0,2,145.4,674.0,1994-12-07
00-0035025,H.Hentges,TE,WAS,2019,23.04,5,0,0,0.0,0,0.0,0,0.0,0,14,8,103.0,1,24.3,103.0,1996-08-19
00-0034830,H.Hurst,TE,BAL,2019,26.02,17,0,0,0.0,0,0.0,0,0.0,0,45,34,402.0,3,92.2,402.0,1993-08-24
00-0034830,H.Hurst,TE,ATL,2020,27.02,16,0,0,0.0,0,0.0,0,0.0,0,88,56,571.0,6,149.1,571.0,1993-08-24
00-0034830,H.Hurst,TE,ATL,2021,28.02,12,0,0,0.0,0,0.0,0,0.0,0,31,26,221.0,3,64.1,221.0,1993-08-24
00-0034830,H.Hurst,TE,CIN,2022,29.02,16,0,0,0.0,0,0.0,0,0.0,0,85,65,555.0,3,136.5,555.0,1993-08-24
00-0034830,H.Hurst,TE,CAR,2023,30.02,9,0,0,0.0,0,0.0,0,0.0,0,32,18,184.0,1,42.4,184.0,1993-08-24
00-0034830,H.Hurst,TE,LAC,2024,31.02,7,0,0,0.0,0,0.0,0,0.0,0,13,8,73.0,0,15.3,73.0,1993-08-24
00-0037004,H.Long,TE,MIA,2021,23.04,3,0,0,0.0,0,0.0,0,0.0,0,3,1,8.0,0,1.8,8.0,1998-08-19
00-0037004,H.Long,TE,MIA,2022,24.04,1,0,0,0.0,0,0.0,0,0.0,0,1,0,0.0,0,0.0,0.0,1998-08-19
00-0037004,H.Long,TE,LA,2024,26.04,8,0,0,0.0,0,0.0,0,0.0,0,11,8,73.0,0,21.3,73.0,1998-08-19
00-0037838,I.Likely,TE,BAL,2022,22.37,14,0,0,0.0,0,0.0,0,0.0,0,60,36,373.0,3,91.3,373.0,2000-04-18
00-0037838,I.Likely,TE,BAL,2023,23.37,15,0,0,0.0,0,0.0,0,0.0,0,46,34,461.0,6,116.1,461.0,2000-04-18
00-0037838,I.Likely,TE,BAL,2024,24.37,17,0,0,0.0,0,0.0,0,0.0,0,67,49,603.0,7,149.3,603.0,2000-04-18
00-0035539,I.Nauta,TE,DET,2019,22.28,2,0,0,0.0,0,0.0,0,0.0,0,3,2,13.0,0,3.3,13.0,1997-05-21
00-0035539,I.Nauta,TE,DET,2020,23.28,2,0,0,0.0,0,0.0,0,0.0,0,2,1,3.0,0,1.3,3.0,1997-05-21
00-0034970,I.Smith,TE,MIN,2019,21.06,15,0,0,0.0,0,0.0,0,0.0,0,50,39,350.0,2,86.0,350.0,1998-08-09
00-0034970,I.Smith,TE,MIN,2020,22.06,12,0,0,0.0,0,0.0,0,0.0,0,43,30,365.0,5,98.5,365.0,1998-08-09
00-0034970,I.Smith,TE,MIN,2022,24.06,9,0,0,0.0,0,0.0,0,0.0,0,38,26,185.0,3,62.5,185.0,1998-08-09
00-0034970,I.Smith,TE,CIN,2023,25.06,9,0,0,0.0,0,0.0,0,0.0,0,26,18,115.0,1,33.5,115.0,1998-08-09
00-0034970,I.Smith,TE,HOU,2024,26.06,1,0,0,0.0,0,0.0,0,0.0,0,1,1,2.0,0,1.2,2.0,1998-08-09
00-0034365,I.Thomas,TE,CAR,2019,23.24,9,0,0,0.0,0,0.0,0,0.0,0,30,16,136.0,1,35.6,136.0,1996-06-06
00-0034365,I.Thomas,TE,CAR,2020,24.24,13,0,0,0.0,0,0.0,0,0.0,0,31,20,145.0,1,40.5,145.0,1996-06-06
00-0034365,I.Thomas,TE,CAR,2021,25.24,14,0,0,0.0,0,0.0,0,0.0,0,30,18,188.0,0,36.8,188.0,1996-06-06
00-0034365,I.Thomas,TE,CAR,2022,26.24,13,0,0,0.0,0,0.0,0,0.0,0,30,21,197.0,0,40.7,197.0,1996-06-06
00-0034365,I.Thomas,TE,CAR,2023,27.24,7,0,0,0.0,0,0.0,0,0.0,0,9,5,56.0,0,10.6,56.0,1996-06-06
00-0034365,I.Thomas,TE,CAR,2024,28.24,3,0,0,0.0,0,0.0,0,0.0,0,6,3,7.0,0,3.7,7.0,1996-06-06
00-0034364,J.Akins,TE,HOU,2019,27.37,16,0,0,0.0,0,0.0,0,0.0,0,55,36,418.0,2,89.8,418.0,1992-04-19
00-0034364,J.Akins,TE,HOU,2020,28.37,13,0,0,0.0,0,0.0,1,4.0,0,49,37,403.0,1,83.7,407.0,1992-04-19
00-0034364,J.Akins,TE,HOU,2021,29.37,12,0,0,0.0,0,0.0,1,3.0,0,33,24,214.0,0,41.7,217.0,1992-04-19
00-0034364,J.Akins,TE,HOU,2022,30.37,15,0,0,0.0,0,0.0,0,0.0,0,54,37,495.0,5,116.5,495.0,1992-04-19
00-0034364,J.Akins,TE,CLE,2023,31.37,13,0,0,0.0,0,0.0,0,0.0,0,23,15,132.0,0,28.2,132.0,1992-04-19
00-0034364,J.Akins,TE,CLE,2024,32.37,16,0,0,0.0,0,0.0,0,0.0,0,58,40,390.0,2,91.0,390.0,1992-04-19
00-0036628,J.Bates,TE,WAS,2021,23.82,11,0,0,0.0,0,0.0,0,0.0,0,25,20,249.0,1,50.9,249.0,1997-11-06
00-0036628,J.Bates,TE,WAS,2022,24.82,9,0,0,0.0,0,0.0,0,0.0,0,22,14,108.0,1,30.8,108.0,1997-11-06
00-0036628,J.Bates,TE,WAS,2023,25.82,14,0,0,0.0,0,0.0,0,0.0,0,28,19,151.0,0,34.100002,151.0,1997-11-06
00-0036628,J.Bates,TE,WAS,2024,26.82,13,0,0,0.0,0,0.0,0,0.0,0,18,11,115.0,0,20.5,115.0,1997-11-06
00-0039420,J.Bell,TE,NE,2024,23.22,3,0,0,0.0,0,0.0,0,0.0,0,3,2,20.0,0,4.0,20.0,2001-06-14
00-0033564,J.Butt,TE,DEN,2020,25.14,3,0,0,0.0,0,0.0,0,0.0,0,4,2,5.0,0,2.5,5.0,1995-07-11
00-0027061,J.Cook,TE,NO,2019,32.4,15,0,0,0.0,0,0.0,0,0.0,0,70,48,759.0,9,177.9,759.0,1987-04-07
00-0027061,J.Cook,TE,NO,2020,33.4,17,0,0,0.0,0,0.0,0,0.0,0,74,46,572.0,7,141.2,572.0,1987-04-07
00-0027061,J.Cook,TE,LAC,2021,34.4,16,0,0,0.0,0,0.0,0,0.0,0,83,48,564.0,4,132.4,564.0,1987-04-07
00-0033627,J.Croom,TE,PHI,2020,26.51,1,0,0,0.0,0,0.0,0,0.0,0,1,1,3.0,1,7.3,3.0,1994-02-28
00-0036332,J.Deguara,TE,GB,2020,23.55,1,0,0,0.0,0,0.0,0,0.0,0,2,1,12.0,0,2.2,12.0,1997-02-14
00-0036332,J.Deguara,TE,GB,2021,24.55,13,0,0,0.0,0,0.0,0,0.0,0,34,25,245.0,2,61.5,245.0,1997-02-14
00-0036332,J.Deguara,TE,GB,2022,25.55,9,0,0,0.0,0,0.0,0,0.0,0,15,13,114.0,0,24.4,114.0,1997-02-14
00-0036332,J.Deguara,TE,GB,2023,26.55,4,0,0,0.0,0,0.0,0,0.0,0,8,8,65.0,0,14.5,65.0,1997-02-14
00-0036332,J.Deguara,TE,JAX,2024,27.55,3,0,0,0.0,0,0.0,0,0.0,0,3,3,14.0,0,4.4,14.0,1997-02-14
00-0030181,J.Doyle,TE,IND,2019,29.32,15,0,0,0.0,0,0.0,0,0.0,0,72,43,448.0,4,111.8,448.0,1990-05-05
00-0030181,J.Doyle,TE,IND,2020,30.32,14,0,0,0.0,0,0.0,0,0.0,0,42,30,321.0,4,86.1,321.0,1990-05-05
00-0030181,J.Doyle,TE,IND,2021,31.32,15,0,0,0.0,0,0.0,0,0.0,0,43,29,302.0,3,79.2,302.0,1990-05-05
00-0038041,J.Ferguson,TE,DAL,2022,23.62,12,0,0,0.0,0,0.0,0,0.0,0,23,20,208.0,2,52.8,208.0,1999-01-18
00-0038041,J.Ferguson,TE,DAL,2023,24.62,18,0,0,0.0,0,0.0,0,0.0,0,114,81,854.0,8,214.4,854.0,1999-01-18
00-0038041,J.Ferguson,TE,DAL,2024,25.62,14,0,0,0.0,0,0.0,0,0.0,0,86,59,494.0,0,104.4,494.0,1999-01-18
00-0037306,J.FitzPatrick,TE,ATL,2023,23.48,1,0,0,0.0,0,0.0,0,0.0,0,1,1,12.0,0,2.2,12.0,2000-03-09
00-0037306,J.FitzPatrick,TE,GB,2024,24.48,1,0,0,0.0,0,0.0,0,0.0,0,1,1,2.0,0,1.2,2.0,2000-03-09
00-0035547,J.Fortson,TE,KC,2021,25.74,4,0,0,0.0,0,0.0,0,0.0,0,5,5,47.0,2,21.7,47.0,1995-12-07
00-0035547,J.Fortson,TE,KC,2022,26.74,10,0,0,0.0,0,0.0,0,0.0,0,14,9,108.0,2,31.800001,108.0,1995-12-07
00-0035547,J.Fortson,TE,KC,2024,28.74,3,0,0,0.0,0,0.0,0,0.0,0,3,1,5.0,0,1.5,5.0,1995-12-07
00-0027696,J.Graham,TE,GB,2019,32.77,18,0,0,0.0,0,0.0,0,0.0,0,69,45,555.0,3,118.5,555.0,1986-11-24
00-0034788,J.Graham,TE,ATL,2019,23.89,5,0,0,0.0,0,0.0,0,0.0,0,10,9,149.0,1,29.900002,149.0,1995-10-10
00-0027696,J.Graham,TE,CHI,2020,33.77,17,0,0,0.0,0,0.0,0,0.0,0,78,52,481.0,9,154.1,481.0,1986-11-24
00-0034788,J.Graham,TE,ATL,2020,24.89,4,0,0,0.0,0,0.0,0,0.0,0,5,3,25.0,0,5.5,25.0,1995-10-10
00-0027696,J.Graham,TE,CHI,2021,34.77,11,0,0,0.0,0,0.0,0,0.0,0,23,14,167.0,3,50.7,167.0,1986-11-24
00-0027696,J.Graham,TE,NO,2023,36.77,5,0,0,0.0,0,0.0,0,0.0,0,7,6,39.0,4,33.9,39.0,1986-11-24
00-0032227,J.Heuerman,TE,DEN,2019,26.77,8,0,0,0.0,0,0.0,0,0.0,0,20,14,114.0,1,31.4,114.0,1992-11-24
00-0030216,J.Hill,TE,NO,2019,29.28,14,0,0,0.0,0,0.0,0,0.0,0,38,27,229.0,3,67.9,229.0,1990-05-21
00-0030216,J.Hill,TE,NO,2020,30.28,9,0,0,0.0,0,0.0,0,0.0,0,11,9,43.0,1,19.3,43.0,1990-05-21
00-0038720,J.Hill,TE,MIA,2023,23.15,6,0,0,0.0,0,0.0,0,0.0,0,9,6,48.0,0,8.8,48.0,2000-07-09
00-0038720,J.Hill,TE,MIA,2024,24.15,11,0,0,0.0,0,0.0,0,0.0,0,19,12,100.0,0,22.0,100.0,2000-07-09
00-0033387,J.Hollister,TE,SEA,2019,25.79,12,0,0,0.0,0,0.0,0,0.0,0,69,48,412.0,3,107.2,412.0,1993-11-18
00-0033387,J.Hollister,TE,SEA,2020,26.79,14,0,0,0.0,0,0.0,0,0.0,0,45,25,209.0,3,65.9,209.0,1993-11-18
00-0033387,J.Hollister,TE,JAX,2021,27.79,6,0,0,0.0,0,0.0,0,0.0,0,14,9,55.0,1,20.5,55.0,1993-11-18
00-0032986,J.Holtz,TE,CHI,2019,26.01,5,0,0,0.0,0,0.0,0,0.0,0,8,7,91.0,0,16.1,91.0,1993-08-28
00-0032986,J.Holtz,TE,CHI,2020,27.01,1,0,0,0.0,0,0.0,0,0.0,0,1,0,0.0,0,0.0,0.0,1993-08-28
00-0035562,J.Horsted,TE,CHI,2019,22.51,5,0,0,0.0,0,0.0,0,0.0,0,10,8,87.0,1,22.7,87.0,1997-02-27
00-0035562,J.Horsted,TE,CHI,2021,24.51,3,0,0,0.0,0,0.0,0,0.0,0,3,2,21.0,2,16.099998,21.0,1997-02-27
00-0035562,J.Horsted,TE,LV,2022,25.51,2,0,0,0.0,0,0.0,0,0.0,0,4,3,19.0,0,4.9,19.0,1997-02-27
00-0035562,J.Horsted,TE,LV,2023,26.51,1,0,0,0.0,0,0.0,0,0.0,0,1,1,4.0,0,1.4,4.0,1997-02-27
00-0032135,J.James,TE,DET,2019,25.24,13,0,0,0.0,0,0.0,0,0.0,0,27,16,142.0,0,30.2,142.0,1994-06-04
00-0032135,J.James,TE,DET,2020,26.24,12,0,0,0.0,0,0.0,0,0.0,0,22,14,129.0,2,38.9,129.0,1994-06-04
00-0032135,J.James,TE,CHI,2021,27.24,4,0,0,0.0,0,0.0,0,0.0,0,8,7,62.0,1,19.2,62.0,1994-06-04
00-0036040,J.Johnson,TE,NO,2020,23.97,5,0,0,0.0,0,0.0,0,0.0,0,10,4,39.0,0,7.9,39.0,1996-09-13
00-0036040,J.Johnson,TE,NO,2021,24.97,12,0,0,0.0,0,0.0,0,0.0,0,22,13,159.0,4,52.9,159.0,1996-09-13
00-0036040,J.Johnson,TE,NO,2022,25.97,16,0,0,0.0,0,0.0,0,0.0,0,65,42,508.0,7,134.8,508.0,1996-09-13
00-0036040,J.Johnson,TE,NO,2023,26.97,13,0,0,0.0,0,0.0,0,0.0,0,59,37,368.0,4,97.8,368.0,1996-09-13
00-0036040,J.Johnson,TE,NO,2024,27.97,15,0,0,0.0,0,0.0,0,0.0,0,66,50,548.0,3,122.8,548.0,1996-09-13
00-0031299,J.Matthews,TE,PHI,2019,27.13,2,0,0,0.0,0,0.0,0,0.0,0,12,4,33.0,0,7.2999997,33.0,1992-07-16
00-0031299,J.Matthews,TE,CAR,2024,32.13,1,0,0,0.0,0,0.0,0,0.0,0,1,0,0.0,0,0.0,0.0,1992-07-16
00-0037282,J.Mitchell,TE,DET,2022,23.06,8,0,0,0.0,0,0.0,0,0.0,0,11,11,113.0,1,28.3,113.0,1999-08-11
00-0037282,J.Mitchell,TE,DET,2023,24.06,2,0,0,0.0,0,0.0,0,0.0,0,2,2,28.0,0,4.8,28.0,1999-08-11
00-0033246,J.Mundt,TE,LA,2019,24.77,5,0,0,0.0,0,0.0,0,0.0,0,7,4,26.0,0,6.6000004,26.0,1994-11-23
00-0033246,J.Mundt,TE,LA,2020,25.77,2,0,0,0.0,0,0.0,0,0.0,0,4,4,53.0,0,9.3,53.0,1994-11-23
00-0033246,J.Mundt,TE,LA,2021,26.77,1,0,0,0.0,0,0.0,0,0.0,0,1,1,9.0,0,1.9,9.0,1994-11-23
00-0033246,J.Mundt,TE,MIN,2022,27.77,14,0,0,0.0,0,0.0,0,0.0,0,22,20,152.0,1,41.2,152.0,1994-11-23
00-0033246,J.Mundt,TE,MIN,2023,28.77,9,0,0,0.0,0,0.0,0,0.0,0,23,17,172.0,1,40.2,172.0,1994-11-23
00-0033246,J.Mundt,TE,MIN,2024,29.77,14,0,0,0.0,0,0.0,0,0.0,0,30,21,170.0,2,50.0,170.0,1994-11-23
00-0031951,J.O'Shaughnessy,TE,JAX,2019,27.63,5,0,0,0.0,0,0.0,0,0.0,0,20,14,153.0,2,41.3,153.0,1992-01-14
00-0031951,J.O'Shaughnessy,TE,JAX,2020,28.63,15,0,0,0.0,0,0.0,0,0.0,0,38,28,262.0,0,54.2,262.0,1992-01-14
00-0031951,J.O'Shaughnessy,TE,JAX,2021,29.63,7,0,0,0.0,0,0.0,0,0.0,0,34,24,244.0,0,50.4,244.0,1992-01-14
00-0035249,J.Oliver,TE,JAX,2019,22.45,3,0,0,0.0,0,0.0,0,0.0,0,6,3,15.0,0,4.5,15.0,1997-03-21
00-0035249,J.Oliver,TE,BAL,2021,24.45,10,0,0,0.0,0,0.0,0,0.0,0,15,9,66.0,0,15.6,66.0,1997-03-21
00-0035249,J.Oliver,TE,BAL,2022,25.45,13,0,0,0.0,0,0.0,0,0.0,0,27,16,175.0,2,45.5,175.0,1997-03-21
00-0035249,J.Oliver,TE,MIN,2023,26.45,12,0,0,0.0,0,0.0,0,0.0,0,28,22,213.0,2,53.3,213.0,1997-03-21
00-0035249,J.Oliver,TE,MIN,2024,27.45,12,0,0,0.0,0,0.0,0,0.0,0,29,23,263.0,3,67.3,263.0,1997-03-21
00-0032599,J.Perkins,TE,PHI,2019,26.07,3,0,0,0.0,0,0.0,0,0.0,0,13,9,87.0,1,23.7,87.0,1993-08-05
00-0030472,J.Reed,TE,SF,2020,30.16,10,0,0,0.0,0,0.0,0,0.0,0,46,26,231.0,4,73.1,231.0,1990-07-03
00-0037805,J.Ruckert,TE,NYJ,2022,22.06,2,0,0,0.0,0,0.0,0,0.0,0,2,1,8.0,0,1.8,8.0,2000-08-11
00-0037805,J.Ruckert,TE,NYJ,2023,23.06,10,0,0,0.0,0,0.0,0,0.0,0,22,16,151.0,0,31.1,151.0,2000-08-11
00-0037805,J.Ruckert,TE,NYJ,2024,24.06,13,0,0,0.0,0,0.0,0,0.0,0,28,18,105.0,0,28.5,105.0,2000-08-11
00-0039356,J.Sanders,TE,CAR,2024,21.43,15,0,0,0.0,0,0.0,0,0.0,0,43,33,342.0,1,73.2,342.0,2003-03-27
00-0038920,J.Shenker,TE,LV,2024,26.0,1,0,0,0.0,0,0.0,0,0.0,0,1,1,7.0,0,1.7,7.0,1998-09-02
00-0033858,J.Smith,TE,TEN,2019,24.03,18,0,0,0.0,0,0.0,4,78.0,0,53,41,498.0,4,122.6,576.0,1995-08-22
00-0033858,J.Smith,TE,TEN,2020,25.03,15,0,0,0.0,0,0.0,2,4.0,1,68,43,457.0,8,143.1,461.0,1995-08-22
00-0033858,J.Smith,TE,NE,2021,26.03,15,0,0,0.0,0,0.0,9,40.0,0,45,28,294.0,1,67.4,334.0,1995-08-22
00-0033858,J.Smith,TE,NE,2022,27.03,12,0,0,0.0,0,0.0,1,5.0,0,38,27,245.0,0,52.0,250.0,1995-08-22
00-0033858,J.Smith,TE,ATL,2023,28.03,15,0,1,0.0,0,0.0,1,0.0,0,70,50,582.0,3,124.2,582.0,1995-08-22
00-0033858,J.Smith,TE,MIA,2024,29.03,17,0,0,0.0,0,0.0,2,-1.0,0,111,88,884.0,8,222.3,883.0,1995-08-22
00-0033528,J.Sprinkle,TE,WAS,2019,25.06,15,0,0,0.0,0,0.0,0,0.0,0,40,26,241.0,1,56.1,241.0,1994-08-10
00-0033528,J.Sprinkle,TE,WAS,2020,26.06,4,0,0,0.0,0,0.0,0,0.0,0,4,2,14.0,0,3.4,14.0,1994-08-10
00-0033528,J.Sprinkle,TE,DAL,2021,27.06,2,0,0,0.0,0,0.0,0,0.0,0,3,3,31.0,0,6.1,31.0,1994-08-10
00-0035671,J.Sternberger,TE,GB,2019,23.18,3,0,0,0.0,0,0.0,0,0.0,0,4,3,15.0,1,10.5,15.0,1996-06-26
00-0035671,J.Sternberger,TE,GB,2020,24.18,8,0,0,0.0,0,0.0,0,0.0,0,15,12,114.0,1,29.4,114.0,1996-06-26
00-0036741,J.Stoll,TE,PHI,2021,23.59,3,0,0,0.0,0,0.0,0,0.0,0,5,4,22.0,0,6.2,22.0,1998-01-28
00-0036741,J.Stoll,TE,PHI,2022,24.59,10,0,0,0.0,0,0.0,0,0.0,0,15,12,128.0,0,24.8,128.0,1998-01-28
00-0036741,J.Stoll,TE,PHI,2023,25.59,5,0,0,0.0,0,0.0,0,0.0,0,8,5,38.0,0,8.8,38.0,1998-01-28
00-0036741,J.Stoll,TE,PHI,2024,26.59,2,0,0,0.0,0,0.0,0,0.0,0,3,2,10.0,0,3.0,10.0,1998-01-28
00-0034420,J.Thomas,TE,HOU,2019,23.08,2,0,0,0.0,0,0.0,0,0.0,0,4,2,15.0,0,3.5,15.0,1996-08-02
00-0034420,J.Thomas,TE,ARI,2020,24.08,2,0,0,0.0,0,0.0,0,0.0,0,2,1,3.0,1,7.3,3.0,1996-08-02
00-0037112,J.Tonges,TE,CHI,2022,23.15,1,0,0,0.0,0,0.0,0,0.0,0,1,0,0.0,0,0.0,0.0,1999-07-08
00-0038589,J.Whyle,TE,TEN,2023,23.98,8,0,0,0.0,0,0.0,0,0.0,0,15,9,94.0,1,24.4,94.0,1999-09-08
00-0038589,J.Whyle,TE,TEN,2024,24.98,14,0,0,0.0,0,0.0,0,0.0,0,37,28,248.0,1,60.8,248.0,1999-09-08
00-0039824,J.Wiley,TE,KC,2024,23.83,1,0,0,0.0,0,0.0,0,0.0,0,1,1,7.0,0,1.7,7.0,2000-11-02
00-0022127,J.Witten,TE,DAL,2019,37.32,16,0,0,0.0,0,0.0,0,0.0,0,83,63,529.0,4,139.9,529.0,1982-05-06
00-0022127,J.Witten,TE,LV,2020,38.32,10,0,0,0.0,0,0.0,0,0.0,0,17,13,69.0,2,31.9,69.0,1982-05-06
00-0037755,J.Woods,TE,IND,2022,23.9,12,0,0,0.0,0,0.0,0,0.0,0,40,25,312.0,3,74.2,312.0,1998-10-09
00-0035603,K.Blanton,TE,LA,2021,25.81,6,0,0,0.0,0,0.0,0,0.0,0,14,11,112.0,1,28.2,112.0,1995-11-10
00-0035603,K.Blanton,TE,LA,2022,26.81,2,0,0,0.0,0,0.0,0,0.0,0,2,2,35.0,0,5.5,35.0,1995-11-10
00-0036876,K.Granson,TE,IND,2021,23.43,10,0,0,0.0,0,0.0,0,0.0,0,15,11,106.0,0,21.6,106.0,1998-03-27
00-0036876,K.Granson,TE,IND,2022,24.43,13,0,0,0.0,0,0.0,1,0.0,0,40,31,302.0,0,61.2,302.0,1998-03-27
00-0036876,K.Granson,TE,IND,2023,25.43,15,0,0,0.0,0,0.0,1,2.0,0,50,30,368.0,1,73.0,370.0,1998-03-27
00-0036876,K.Granson,TE,IND,2024,26.43,14,0,0,0.0,0,0.0,0,0.0,0,31,14,182.0,0,32.2,182.0,1998-03-27
00-0037311,K.Kieft,TE,TB,2022,24.62,9,0,0,0.0,0,0.0,0,0.0,0,11,7,80.0,1,21.0,80.0,1998-01-20
00-0037311,K.Kieft,TE,TB,2023,25.62,3,0,0,0.0,0,0.0,0,0.0,0,5,1,2.0,1,7.2,2.0,1998-01-20
00-0036970,K.Pitts,TE,ATL,2021,20.9,17,0,0,0.0,0,0.0,0,0.0,0,110,68,1026.0,1,176.6,1026.0,2000-10-06
00-0036970,K.Pitts,TE,ATL,2022,21.9,10,0,0,0.0,0,0.0,0,0.0,0,59,28,356.0,2,75.6,356.0,2000-10-06
00-0036970,K.Pitts,TE,ATL,2023,22.9,17,0,0,0.0,0,0.0,1,-4.0,0,90,53,667.0,3,137.3,663.0,2000-10-06
00-0036970,K.Pitts,TE,ATL,2024,23.9,17,0,0,0.0,0,0.0,0,0.0,0,74,47,602.0,4,131.2,602.0,2000-10-06
00-0034193,K.Rader,TE,PIT,2020,25.35,1,0,0,0.0,0,0.0,0,0.0,0,1,0,0.0,0,0.0,0.0,1995-04-26
00-0034193,K.Rader,TE,PIT,2021,26.35,2,0,0,0.0,0,0.0,0,0.0,0,3,2,8.0,0,2.8000002,8.0,1995-04-26
00-0034193,K.Rader,TE,TEN,2023,28.35,2,0,0,0.0,0,0.0,0,0.0,0,3,1,6.0,0,1.6,6.0,1995-04-26
00-0027981,K.Rudolph,TE,MIN,2019,29.81,17,0,0,0.0,0,0.0,0,0.0,0,58,45,402.0,7,129.2,402.0,1989-11-09
00-0027981,K.Rudolph,TE,MIN,2020,30.81,12,0,0,0.0,0,0.0,0,0.0,0,37,28,334.0,1,65.4,334.0,1989-11-09
00-0027981,K.Rudolph,TE,NYG,2021,31.81,15,0,0,0.0,0,0.0,0,0.0,0,39,26,257.0,1,59.7,257.0,1989-11-09
00-0027981,K.Rudolph,TE,TB,2022,32.81,5,0,0,0.0,0,0.0,0,0.0,0,5,3,28.0,1,11.8,28.0,1989-11-09
00-0034988,K.Smith,TE,NYG,2019,22.36,7,0,0,0.0,0,0.0,0,0.0,0,42,31,268.0,3,75.8,268.0,1997-04-24
00-0034988,K.Smith,TE,NYG,2020,23.36,13,0,0,0.0,0,0.0,0,0.0,0,21,18,112.0,0,29.2,112.0,1997-04-24
00-0034988,K.Smith,TE,NYG,2021,24.36,2,0,0,0.0,0,0.0,0,0.0,0,3,3,33.0,0,6.3,33.0,1997-04-24
00-0035660,K.Warring,TE,HOU,2020,23.44,4,0,0,0.0,0,0.0,0,0.0,0,7,3,35.0,0,6.5,35.0,1997-03-23
00-0036510,K.Yeboah,TE,NYJ,2021,22.84,2,0,0,0.0,0,0.0,0,0.0,0,3,2,36.0,0,5.6,36.0,1998-10-30
00-0036510,K.Yeboah,TE,NYJ,2023,24.84,2,0,0,0.0,0,0.0,0,0.0,0,4,2,28.0,0,4.8,28.0,1998-10-30
00-0036510,K.Yeboah,TE,NYJ,2024,25.84,6,0,0,0.0,0,0.0,0,0.0,0,8,5,47.0,1,15.700001,47.0,1998-10-30
00-0036145,L.Cager,TE,NYJ,2020,23.03,2,0,0,0.0,0,0.0,0,0.0,0,6,2,35.0,0,5.5,35.0,1997-08-20
00-0036145,L.Cager,TE,NYG,2022,25.03,8,0,0,0.0,0,0.0,0,0.0,0,22,15,138.0,1,34.8,138.0,1997-08-20
00-0036145,L.Cager,TE,NYG,2023,26.03,3,0,0,0.0,0,0.0,0,0.0,0,5,4,36.0,1,13.599999,36.0,1997-08-20
00-0036887,L.Farrell,TE,JAX,2021,23.88,8,0,0,0.0,0,0.0,0,0.0,0,11,7,56.0,0,12.6,56.0,1997-10-14
00-0036887,L.Farrell,TE,JAX,2022,24.88,4,0,0,0.0,0,0.0,0,0.0,0,4,4,40.0,0,8.0,40.0,1997-10-14
00-0036887,L.Farrell,TE,JAX,2023,25.88,9,0,0,0.0,0,0.0,0,0.0,0,15,13,155.0,0,28.5,155.0,1997-10-14
00-0036887,L.Farrell,TE,JAX,2024,26.88,10,0,0,0.0,0,0.0,0,0.0,0,17,12,67.0,0,18.699999,67.0,1997-10-14
00-0027985,L.Kendricks,TE,LAC,2019,31.59,4,0,0,0.0,0,0.0,0,0.0,0,7,3,50.0,0,8.0,50.0,1988-01-30
00-0037539,L.Krull,TE,DEN,2023,25.14,7,0,0,0.0,0,0.0,0,0.0,0,14,8,95.0,1,23.5,95.0,1998-07-11
00-0037539,L.Krull,TE,DEN,2024,26.14,11,0,0,0.0,0,0.0,0,0.0,0,24,20,154.0,0,35.4,154.0,1998-07-11
00-0039144,L.Musgrave,TE,GB,2023,23.0,13,0,0,0.0,0,0.0,0,0.0,0,53,40,418.0,2,93.8,418.0,2000-09-02
00-0039144,L.Musgrave,TE,GB,2024,24.0,7,0,0,0.0,0,0.0,0,0.0,0,10,7,45.0,0,11.5,45.0,2000-09-02
00-0038547,L.Schoonmaker,TE,DAL,2023,24.93,12,0,0,0.0,0,0.0,0,0.0,0,16,9,72.0,2,28.2,72.0,1998-09-28
00-0038547,L.Schoonmaker,TE,DAL,2024,25.93,10,0,0,0.0,0,0.0,0,0.0,0,36,27,241.0,1,57.100002,241.0,1998-09-28
00-0028097,L.Smith,TE,BUF,2019,31.78,6,0,0,0.0,0,0.0,0,0.0,0,6,5,39.0,1,14.900001,39.0,1987-11-21
00-0028097,L.Smith,TE,BUF,2020,32.78,5,0,0,0.0,0,0.0,0,0.0,0,6,4,35.0,2,19.5,35.0,1987-11-21
00-0028097,L.Smith,TE,ATL,2021,33.78,6,0,0,0.0,0,0.0,0,0.0,0,11,9,65.0,1,21.5,65.0,1987-11-21
00-0028042,L.Stocker,TE,ATL,2019,31.12,11,0,0,0.0,0,0.0,0,0.0,0,14,8,53.0,0,13.3,53.0,1988-07-17
00-0028042,L.Stocker,TE,ATL,2020,32.12,9,0,0,0.0,0,0.0,0,0.0,0,11,7,63.0,0,13.299999,63.0,1988-07-17
00-0028042,L.Stocker,TE,MIN,2021,33.12,2,0,0,0.0,0,0.0,0,0.0,0,2,2,12.0,0,3.2,12.0,1988-07-17
00-0031260,L.Thomas,TE,DET,2019,28.17,13,0,0,0.0,0,0.0,0,0.0,0,28,16,173.0,1,39.3,173.0,1991-07-01
00-0031260,L.Thomas,TE,WAS,2020,29.17,17,1,1,28.0,0,0.0,3,5.0,0,119,77,744.0,6,189.02,749.0,1991-07-01
00-0031260,L.Thomas,TE,WAS,2021,30.17,5,0,0,0.0,0,0.0,0,0.0,0,25,18,196.0,3,53.6,196.0,1991-07-01
00-0031260,L.Thomas,TE,WAS,2022,31.17,13,0,0,0.0,0,0.0,0,0.0,0,61,39,323.0,1,77.3,323.0,1991-07-01
00-0031260,L.Thomas,TE,WAS,2023,32.17,16,0,0,0.0,0,0.0,1,2.0,0,78,55,496.0,4,126.8,498.0,1991-07-01
00-0030443,L.Toilolo,TE,SF,2019,28.09,2,0,0,0.0,0,0.0,0,0.0,0,2,2,10.0,0,3.0,10.0,1991-07-30
00-0030443,L.Toilolo,TE,NYG,2020,29.09,5,0,0,0.0,0,0.0,0,0.0,0,6,5,46.0,0,9.6,46.0,1991-07-30
00-0030089,L.Willson,TE,SEA,2019,29.63,7,0,0,0.0,0,0.0,1,1.0,0,11,9,87.0,0,17.8,88.0,1990-01-15
00-0030089,L.Willson,TE,BAL,2020,30.63,2,0,0,0.0,0,0.0,0,0.0,0,3,1,12.0,0,2.2,12.0,1990-01-15
00-0033217,M.Alie-Cox,TE,IND,2019,25.95,9,0,0,0.0,0,0.0,0,0.0,0,11,8,93.0,0,17.3,93.0,1993-09-19
00-0033217,M.Alie-Cox,TE,IND,2020,26.95,15,0,0,0.0,0,0.0,0,0.0,0,43,35,426.0,2,87.6,426.0,1993-09-19
00-0033217,M.Alie-Cox,TE,IND,2021,27.95,17,0,0,0.0,0,0.0,0,0.0,0,45,24,316.0,4,79.6,316.0,1993-09-19
00-0033217,M.Alie-Cox,TE,IND,2022,28.95,14,0,0,0.0,0,0.0,0,0.0,0,28,19,189.0,3,53.9,189.0,1993-09-19
00-0033217,M.Alie-Cox,TE,IND,2023,29.95,13,0,0,0.0,0,0.0,0,0.0,0,22,13,161.0,3,49.1,161.0,1993-09-19
00-0033217,M.Alie-Cox,TE,IND,2024,30.95,12,0,0,0.0,0,0.0,0,0.0,0,22,12,147.0,1,32.7,147.0,1993-09-19
00-0034753,M.Andrews,TE,BAL,2019,23.99,16,0,0,0.0,0,0.0,0,0.0,0,105,68,891.0,10,215.1,891.0,1995-09-06
00-0034753,M.Andrews,TE,BAL,2020,24.99,16,0,0,0.0,0,0.0,0,0.0,0,105,66,770.0,7,185.0,770.0,1995-09-06
00-0034753,M.Andrews,TE,BAL,2021,25.99,17,0,0,0.0,0,0.0,1,0.0,0,153,107,1361.0,9,301.1,1361.0,1995-09-06
00-0034753,M.Andrews,TE,BAL,2022,26.99,16,0,0,0.0,0,0.0,4,8.0,0,123,78,920.0,5,202.8,928.0,1995-09-06
00-0034753,M.Andrews,TE,BAL,2023,27.99,11,0,0,0.0,0,0.0,1,0.0,0,63,47,559.0,6,138.9,559.0,1995-09-06
00-0034753,M.Andrews,TE,BAL,2024,28.99,19,0,0,0.0,0,0.0,8,13.0,0,79,62,761.0,11,203.4,774.0,1995-09-06
00-0034169,M.Baugh,TE,WAS,2020,25.73,1,0,0,0.0,0,0.0,0,0.0,0,1,1,2.0,0,1.2,2.0,1994-12-09
00-0036692,M.Forristall,TE,CLE,2022,24.47,1,0,0,0.0,0,0.0,0,0.0,0,1,0,0.0,0,0.0,0.0,1998-03-11
00-0034829,M.Gesicki,TE,MIA,2019,23.91,15,0,0,0.0,0,0.0,0,0.0,0,89,51,570.0,5,136.0,570.0,1995-10-03
00-0034829,M.Gesicki,TE,MIA,2020,24.91,15,0,0,0.0,0,0.0,0,0.0,0,85,53,703.0,6,159.3,703.0,1995-10-03
00-0034829,M.Gesicki,TE,MIA,2021,25.91,17,0,1,0.0,0,0.0,0,0.0,0,112,73,780.0,2,165.0,780.0,1995-10-03
00-0034829,M.Gesicki,TE,MIA,2022,26.91,18,0,0,0.0,0,0.0,0,0.0,0,58,34,377.0,6,107.7,377.0,1995-10-03
00-0034829,M.Gesicki,TE,NE,2023,27.91,15,0,0,0.0,0,0.0,0,0.0,0,45,29,244.0,2,65.4,244.0,1995-10-03
00-0034829,M.Gesicki,TE,CIN,2024,28.91,16,0,0,0.0,0,0.0,0,0.0,0,83,65,665.0,2,141.5,665.0,1995-10-03
00-0031744,M.LaCosse,TE,NE,2019,26.95,8,0,0,0.0,0,0.0,0,0.0,0,19,13,131.0,1,32.1,131.0,1992-09-21
00-0024243,M.Lewis,TE,GB,2019,35.29,13,0,0,0.0,0,0.0,0,0.0,0,21,17,170.0,1,40.0,170.0,1984-05-19
00-0024243,M.Lewis,TE,GB,2020,36.29,11,0,0,0.0,0,0.0,0,0.0,0,20,13,135.0,3,44.5,135.0,1984-05-19
00-0024243,M.Lewis,TE,GB,2021,37.29,14,0,0,0.0,0,0.0,0,0.0,0,29,24,214.0,0,43.4,214.0,1984-05-19
00-0024243,M.Lewis,TE,GB,2022,38.29,6,0,0,0.0,0,0.0,0,0.0,0,7,6,66.0,2,26.6,66.0,1984-05-19
00-0024243,M.Lewis,TE,CHI,2023,39.29,5,0,0,0.0,0,0.0,0,0.0,0,5,4,29.0,1,12.9,29.0,1984-05-19
00-0024243,M.Lewis,TE,CHI,2024,40.29,1,0,0,0.0,0,0.0,0,0.0,0,1,1,2.0,0,1.2,2.0,1984-05-19
00-0039066,M.Mayer,TE,LV,2023,22.15,12,0,0,0.0,0,0.0,0,0.0,0,40,27,304.0,2,71.4,304.0,2001-07-06
00-0039066,M.Mayer,TE,LV,2024,23.15,11,0,0,0.0,0,0.0,0,0.0,0,32,21,156.0,0,36.6,156.0,2001-07-06
00-0031585,M.Pruitt,TE,TEN,2019,27.44,9,0,0,0.0,0,0.0,0,0.0,0,12,10,118.0,1,27.8,118.0,1992-03-24
00-0031585,M.Pruitt,TE,TEN,2020,28.44,5,0,0,0.0,0,0.0,0,0.0,0,8,5,49.0,2,21.9,49.0,1992-03-24
00-0031585,M.Pruitt,TE,TEN,2021,29.44,10,0,0,0.0,0,0.0,0,0.0,0,18,14,145.0,3,48.5,145.0,1992-03-24
00-0031585,M.Pruitt,TE,ATL,2022,30.44,10,0,0,0.0,0,0.0,0,0.0,0,21,16,150.0,4,55.0,150.0,1992-03-24
00-0031585,M.Pruitt,TE,ATL,2023,31.44,9,0,0,0.0,0,0.0,0,0.0,0,12,9,110.0,1,26.0,110.0,1992-03-24
00-0031585,M.Pruitt,TE,PIT,2024,32.44,6,0,0,0.0,0,0.0,0,0.0,0,10,6,40.0,1,16.0,40.0,1992-03-24
00-0033798,M.Schreck,TE,CIN,2020,26.83,1,0,0,0.0,0,0.0,0,0.0,0,1,0,0.0,0,0.0,0.0,1993-11-04
00-0033798,M.Schreck,TE,HOU,2022,28.83,2,0,0,0.0,0,0.0,0,0.0,0,2,2,6.0,0,2.6,6.0,1993-11-04
00-0035771,M.Wilcox,TE,CIN,2021,24.82,1,0,0,0.0,0,0.0,0,0.0,0,5,3,16.0,0,4.6,16.0,1996-11-07
00-0035771,M.Wilcox,TE,CIN,2022,25.82,11,0,0,0.0,0,0.0,0,0.0,0,22,19,158.0,1,40.8,158.0,1996-11-07
00-0035771,M.Wilcox,TE,CIN,2023,26.82,9,0,0,0.0,0,0.0,0,0.0,0,12,9,56.0,0,14.6,56.0,1996-11-07
00-0031558,M.Williams,TE,ARI,2019,25.39,13,0,0,0.0,0,0.0,0,0.0,0,19,15,202.0,1,41.2,202.0,1994-04-12
00-0031558,M.Williams,TE,ARI,2020,26.39,6,0,0,0.0,0,0.0,0,0.0,0,10,8,102.0,1,24.2,102.0,1994-04-12
00-0031558,M.Williams,TE,ARI,2021,27.39,5,0,0,0.0,0,0.0,0,0.0,0,17,16,193.0,1,41.3,193.0,1994-04-12
00-0031558,M.Williams,TE,ARI,2022,28.39,2,0,0,0.0,0,0.0,0,0.0,0,3,3,18.0,0,4.8,18.0,1994-04-12
00-0038783,N.Adkins,TE,DEN,2023,24.15,4,0,0,0.0,0,0.0,0,0.0,0,5,4,22.0,0,6.2,22.0,1999-07-09
00-0038783,N.Adkins,TE,DEN,2024,25.15,12,0,0,0.0,0,0.0,0,0.0,0,15,14,115.0,3,43.5,115.0,1999-07-09
00-0031598,N.Boyle,TE,BAL,2019,26.54,16,0,0,0.0,0,0.0,0,0.0,0,45,31,321.0,2,75.1,321.0,1993-02-17
00-0031598,N.Boyle,TE,BAL,2020,27.54,9,0,0,0.0,0,0.0,0,0.0,0,17,14,113.0,2,37.3,113.0,1993-02-17
00-0031598,N.Boyle,TE,BAL,2021,28.54,2,0,0,0.0,0,0.0,0,0.0,0,2,1,2.0,0,1.2,2.0,1993-02-17
00-0035644,N.Fant,TE,DEN,2019,21.78,16,0,0,0.0,0,0.0,3,-12.0,0,66,40,562.0,3,111.0,550.0,1997-11-20
00-0035644,N.Fant,TE,DEN,2020,22.78,14,0,0,0.0,0,0.0,0,0.0,0,93,62,673.0,3,149.3,673.0,1997-11-20
00-0035644,N.Fant,TE,DEN,2021,23.78,16,0,0,0.0,0,0.0,0,0.0,0,90,68,670.0,4,159.0,670.0,1997-11-20
00-0035644,N.Fant,TE,SEA,2022,24.78,18,0,0,0.0,0,0.0,0,0.0,0,65,51,497.0,4,124.7,497.0,1997-11-20
00-0035644,N.Fant,TE,SEA,2023,25.78,14,0,0,0.0,0,0.0,0,0.0,0,43,32,414.0,0,73.4,414.0,1997-11-20
00-0035644,N.Fant,TE,SEA,2024,26.78,14,0,0,0.0,0,0.0,0,0.0,0,64,48,500.0,1,104.0,500.0,1997-11-20
00-0036637,N.Gray,TE,KC,2021,22.34,9,0,0,0.0,0,0.0,0,0.0,0,14,9,50.0,1,20.0,50.0,1999-04-30
00-0036637,N.Gray,TE,KC,2022,23.34,20,0,0,0.0,0,0.0,2,1.0,1,38,31,336.0,1,76.7,337.0,1999-04-30
00-0036637,N.Gray,TE,KC,2023,24.34,20,0,0,0.0,0,0.0,1,1.0,0,52,36,371.0,2,85.2,372.0,1999-04-30
00-0036637,N.Gray,TE,KC,2024,25.34,18,0,0,0.0,0,0.0,1,-4.0,0,53,44,452.0,5,118.8,448.0,1999-04-30
00-0035624,N.Harry,TE,NE,2019,21.71,8,0,0,0.0,0,0.0,6,56.0,0,31,14,126.0,2,44.2,182.0,1997-12-17
00-0035624,N.Harry,TE,NE,2020,22.71,13,0,0,0.0,0,0.0,2,0.0,0,57,33,309.0,2,75.9,309.0,1997-12-17
00-0034192,N.Keizer,TE,KC,2020,25.33,8,0,0,0.0,0,0.0,0,0.0,0,10,6,63.0,0,10.3,63.0,1995-05-02
00-0037317,N.Muse,TE,MIN,2023,24.77,1,0,0,0.0,0,0.0,0,0.0,0,1,1,22.0,0,3.2,22.0,1998-11-25
00-0032117,N.O'Leary,TE,MIA,2019,27.0,8,0,0,0.0,0,0.0,0,0.0,0,18,13,109.0,1,29.9,109.0,1992-08-31
00-0036005,N.Togiai,TE,IND,2020,23.15,1,0,0,0.0,0,0.0,0,0.0,0,1,0,0.0,0,0.0,0.0,1997-07-06
00-0036005,N.Togiai,TE,PHI,2022,25.15,1,0,0,0.0,0,0.0,0,0.0,0,1,0,0.0,0,0.0,0.0,1997-07-06
00-0032394,N.Vannett,TE,PIT,2019,26.49,13,0,0,0.0,0,0.0,0,0.0,0,22,17,166.0,0,33.6,166.0,1993-03-06
00-0032394,N.Vannett,TE,DEN,2020,27.49,11,0,0,0.0,0,0.0,0,0.0,0,21,14,95.0,1,29.5,95.0,1993-03-06
00-0032394,N.Vannett,TE,NO,2021,28.49,7,0,0,0.0,0,0.0,0,0.0,0,15,9,133.0,1,28.300001,133.0,1993-03-06
00-0032394,N.Vannett,TE,NYG,2022,29.49,5,0,0,0.0,0,0.0,0,0.0,0,9,6,55.0,0,11.5,55.0,1993-03-06
00-0032394,N.Vannett,TE,LAC,2023,30.49,1,0,0,0.0,0,0.0,0,0.0,0,1,1,3.0,0,1.3,3.0,1993-03-06
00-0032394,N.Vannett,TE,TEN,2024,31.49,12,0,0,0.0,0,0.0,0,0.0,0,20,17,135.0,3,48.5,135.0,1993-03-06
00-0033879,O.Howard,TE,TB,2019,24.79,12,0,0,0.0,0,0.0,0,0.0,0,53,34,459.0,1,83.9,459.0,1994-11-18
00-0033879,O.Howard,TE,TB,2020,25.79,4,0,0,0.0,0,0.0,0,0.0,0,19,11,146.0,2,37.6,146.0,1994-11-18
00-0033879,O.Howard,TE,TB,2021,26.79,11,0,0,0.0,0,0.0,0,0.0,0,23,16,145.0,1,36.5,145.0,1994-11-18
00-0033879,O.Howard,TE,HOU,2022,27.79,11,0,0,0.0,0,0.0,0,0.0,0,23,10,145.0,2,36.5,145.0,1994-11-18
00-0033439,P.Brown,TE,CLE,2019,25.33,3,0,0,0.0,0,0.0,0,0.0,0,3,2,27.0,0,4.7,27.0,1994-05-04
00-0033439,P.Brown,TE,HOU,2020,26.33,8,0,0,0.0,0,0.0,0,0.0,0,16,14,163.0,2,42.300003,163.0,1994-05-04
00-0033439,P.Brown,TE,HOU,2021,27.33,12,0,0,0.0,0,0.0,0,0.0,0,34,23,171.0,0,38.1,171.0,1994-05-04
00-0033439,P.Brown,TE,CLE,2022,28.33,7,0,0,0.0,0,0.0,0,0.0,0,20,12,117.0,0,23.699999,117.0,1994-05-04
00-0033439,P.Brown,TE,NE,2023,29.33,9,0,0,0.0,0,0.0,0,0.0,0,15,13,208.0,1,37.8,208.0,1994-05-04
00-0033439,P.Brown,TE,SEA,2024,30.33,8,0,0,0.0,0,0.0,0,0.0,0,12,8,65.0,0,12.5,65.0,1994-05-04
00-0039050,P.Durham,TE,TB,2023,23.21,7,0,0,0.0,0,0.0,0,0.0,0,8,6,76.0,0,13.6,76.0,2000-06-15
00-0039050,P.Durham,TE,TB,2024,24.21,5,0,0,0.0,0,0.0,0,0.0,0,14,11,115.0,2,34.5,115.0,2000-06-15
00-0036894,P.Freiermuth,TE,PIT,2021,22.85,17,0,0,0.0,0,0.0,0,0.0,0,84,64,522.0,7,158.2,522.0,1998-10-25
00-0036894,P.Freiermuth,TE,PIT,2022,23.85,15,0,0,0.0,0,0.0,0,0.0,0,98,63,732.0,2,148.2,732.0,1998-10-25
00-0036894,P.Freiermuth,TE,PIT,2023,24.85,12,0,0,0.0,0,0.0,0,0.0,0,55,37,384.0,2,89.4,384.0,1998-10-25
00-0036894,P.Freiermuth,TE,PIT,2024,25.85,18,0,0,0.0,0,0.0,0,0.0,0,82,68,668.0,7,172.8,668.0,1998-10-25
00-0037569,P.Hendershot,TE,DAL,2022,23.36,9,0,0,0.0,0,0.0,1,2.0,1,16,11,103.0,2,39.5,105.0,1999-04-23
00-0037569,P.Hendershot,TE,DAL,2023,24.36,7,0,0,0.0,0,0.0,1,0.0,0,7,4,38.0,0,7.8,38.0,1999-04-23
00-0037569,P.Hendershot,TE,KC,2024,25.36,4,0,0,0.0,0,0.0,0,0.0,0,5,5,51.0,0,10.1,51.0,1999-04-23
00-0035572,P.Hesse,TE,ATL,2021,26.27,4,0,0,0.0,0,0.0,0,0.0,0,6,5,43.0,0,9.3,43.0,1995-05-26
00-0035572,P.Hesse,TE,ATL,2022,27.27,9,0,0,0.0,0,0.0,0,0.0,0,11,9,89.0,0,17.9,89.0,1995-05-26
00-0036590,Q.Morris,TE,BUF,2022,23.61,8,0,0,0.0,0,0.0,0,0.0,0,14,10,102.0,1,24.199999,102.0,1999-01-21
00-0036590,Q.Morris,TE,BUF,2023,24.61,2,0,0,0.0,0,0.0,0,0.0,0,3,2,26.0,1,10.6,26.0,1999-01-21
00-0036590,Q.Morris,TE,BUF,2024,25.61,5,0,0,0.0,0,0.0,0,0.0,0,8,5,36.0,1,14.6,36.0,1999-01-21
00-0034073,R.Dwelley,TE,SF,2019,24.6,6,0,0,0.0,0,0.0,0,0.0,0,22,15,91.0,2,36.1,91.0,1995-01-26
00-0034073,R.Dwelley,TE,SF,2020,25.6,10,0,0,0.0,0,0.0,0,0.0,0,24,19,245.0,1,49.5,245.0,1995-01-26
00-0034073,R.Dwelley,TE,SF,2021,26.6,3,0,0,0.0,0,0.0,0,0.0,0,5,4,51.0,1,15.1,51.0,1995-01-26
00-0034073,R.Dwelley,TE,SF,2022,27.6,4,0,0,0.0,0,0.0,0,0.0,0,5,3,105.0,1,19.5,105.0,1995-01-26
00-0034073,R.Dwelley,TE,SF,2023,28.6,2,0,0,0.0,0,0.0,0,0.0,0,2,1,12.0,0,2.2,12.0,1995-01-26
00-0034073,R.Dwelley,TE,ATL,2024,29.6,1,0,0,0.0,0,0.0,0,0.0,0,1,1,5.0,0,1.5,5.0,1995-01-26
00-0029587,R.Ellison,TE,NYG,2019,30.91,10,0,0,0.0,0,0.0,0,0.0,0,28,18,167.0,1,40.7,167.0,1988-10-03
00-0030108,R.Griffin,TE,NYJ,2019,29.64,13,0,0,0.0,0,0.0,0,0.0,0,41,34,320.0,5,98.0,320.0,1990-01-11
00-0030108,R.Griffin,TE,NYJ,2020,30.64,5,0,0,0.0,0,0.0,0,0.0,0,12,9,86.0,0,17.6,86.0,1990-01-11
00-0030108,R.Griffin,TE,NYJ,2021,31.64,14,0,0,0.0,0,0.0,0,0.0,0,42,27,261.0,2,65.1,261.0,1990-01-11
00-0030108,R.Griffin,TE,CHI,2022,32.64,7,0,0,0.0,0,0.0,0,0.0,0,8,4,26.0,0,6.6,26.0,1990-01-11
00-0027656,R.Gronkowski,TE,TB,2020,31.3,20,0,0,0.0,0,0.0,0,0.0,0,91,53,733.0,9,180.3,733.0,1989-05-14
00-0027656,R.Gronkowski,TE,TB,2021,32.3,14,0,0,0.0,0,0.0,0,0.0,0,106,64,918.0,7,197.8,918.0,1989-05-14
00-0034439,R.Izzo,TE,NE,2019,23.7,4,0,0,0.0,0,0.0,0,0.0,0,9,6,114.0,1,23.4,114.0,1995-12-21
00-0034439,R.Izzo,TE,NE,2020,24.7,10,0,0,0.0,0,0.0,0,0.0,0,20,13,199.0,0,30.900002,199.0,1995-12-21
00-0031384,R.Rodgers,TE,PHI,2020,28.61,8,0,0,0.0,0,0.0,0,0.0,0,31,24,345.0,2,70.5,345.0,1992-01-22
00-0031384,R.Rodgers,TE,PHI,2021,29.61,1,0,0,0.0,0,0.0,0,0.0,0,2,2,11.0,0,3.1,11.0,1992-01-22
00-0031384,R.Rodgers,TE,LAC,2022,30.61,3,0,0,0.0,0,0.0,0,0.0,0,4,1,4.0,0,1.4,4.0,1992-01-22
00-0033611,R.Seals-Jones,TE,CLE,2019,24.46,9,0,0,0.0,0,0.0,0,0.0,0,22,14,229.0,4,58.9,229.0,1995-03-15
00-0033611,R.Seals-Jones,TE,KC,2020,25.46,1,0,0,0.0,0,0.0,0,0.0,0,1,0,0.0,0,0.0,0.0,1995-03-15
00-0033611,R.Seals-Jones,TE,WAS,2021,26.46,11,0,0,0.0,0,0.0,0,0.0,0,49,30,271.0,2,69.1,271.0,1995-03-15
00-0033757,R.Tonyan,TE,GB,2019,25.34,9,0,0,0.0,0,0.0,0,0.0,0,15,10,100.0,1,26.0,100.0,1994-04-30
00-0033757,R.Tonyan,TE,GB,2020,26.34,17,0,0,0.0,0,0.0,0,0.0,0,67,60,668.0,12,198.8,668.0,1994-04-30
00-0033757,R.Tonyan,TE,GB,2021,27.34,8,0,0,0.0,0,0.0,0,0.0,0,29,18,204.0,2,50.4,204.0,1994-04-30
00-0033757,R.Tonyan,TE,GB,2022,28.34,17,0,0,0.0,0,0.0,0,0.0,0,67,53,470.0,2,112.0,470.0,1994-04-30
00-0033757,R.Tonyan,TE,CHI,2023,29.34,11,0,0,0.0,0,0.0,0,0.0,0,17,11,112.0,0,22.2,112.0,1994-04-30
00-0032319,R.Travis,TE,IND,2019,26.65,3,0,0,0.0,0,0.0,0,0.0,0,6,4,51.0,0,7.1,51.0,1993-01-09
00-0037451,R.Williams,TE,PIT,2023,23.39,1,0,0,0.0,0,0.0,0,0.0,0,2,0,0.0,0,0.0,0.0,2000-04-10
00-0032725,S.Anderson,TE,LAC,2020,27.59,3,0,0,0.0,0,0.0,0,0.0,0,11,8,106.0,0,18.6,106.0,1993-01-30
00-0032725,S.Anderson,TE,LAC,2021,28.59,11,0,0,0.0,0,0.0,0,0.0,0,19,16,165.0,1,38.5,165.0,1993-01-30
00-0032725,S.Anderson,TE,ARI,2022,29.59,5,0,0,0.0,0,0.0,0,0.0,0,7,3,9.0,0,3.9,9.0,1993-01-30
00-0035039,S.Carlson,TE,CLE,2019,22.72,6,0,0,0.0,0,0.0,0,0.0,0,7,5,51.0,1,16.1,51.0,1996-12-12
00-0035039,S.Carlson,TE,CLE,2020,23.72,3,0,0,0.0,0,0.0,0,0.0,0,2,1,11.0,0,4.1,11.0,1996-12-12
00-0033696,S.Culkin,TE,LAC,2019,26.22,2,0,0,0.0,0,0.0,0,0.0,0,2,1,12.0,0,2.2,12.0,1993-06-11
00-0033080,S.DeValve,TE,JAX,2019,26.59,7,0,0,0.0,0,0.0,0,0.0,0,18,12,140.0,0,26.0,140.0,1993-01-29
00-0033080,S.DeValve,TE,ARI,2020,27.59,1,0,0,0.0,0,0.0,0,0.0,0,1,0,0.0,0,0.0,0.0,1993-01-29
00-0039065,S.LaPorta,TE,DET,2023,22.64,20,0,0,0.0,0,0.0,1,4.0,0,147,107,1065.0,11,283.9,1069.0,2001-01-12
00-0039065,S.LaPorta,TE,DET,2024,23.64,17,0,0,0.0,0,0.0,0,0.0,0,90,66,777.0,8,191.7,777.0,2001-01-12
00-0036032,S.McKeon,TE,DAL,2021,23.68,4,0,0,0.0,0,0.0,0,0.0,0,6,4,27.0,1,12.7,27.0,1997-12-28
00-0036032,S.McKeon,TE,DAL,2022,24.68,2,0,0,0.0,0,0.0,0,0.0,0,3,2,11.0,0,3.1,11.0,1997-12-28
00-0036032,S.McKeon,TE,DAL,2023,25.68,2,0,0,0.0,0,0.0,0,0.0,0,2,0,0.0,0,0.0,0.0,1997-12-28
00-0031167,S.Simonson,TE,NYG,2019,27.39,2,0,0,0.0,0,0.0,0,0.0,0,2,2,11.0,0,3.1,11.0,1992-04-13
00-0037475,S.Smartt,TE,LAC,2022,23.91,3,0,0,0.0,0,0.0,0,0.0,0,5,4,17.0,0,5.7,17.0,1998-10-04
00-0037475,S.Smartt,TE,LAC,2023,24.91,12,0,0,0.0,0,0.0,0,0.0,0,21,11,155.0,1,32.5,155.0,1998-10-04
00-0037475,S.Smartt,TE,LAC,2024,25.91,7,0,0,0.0,0,0.0,0,0.0,0,19,16,208.0,0,34.8,208.0,1998-10-04
00-0036438,S.Sullivan,TE,CAR,2021,24.76,1,0,0,0.0,0,0.0,0,0.0,0,1,0,0.0,0,0.0,0.0,1996-11-28
00-0036438,S.Sullivan,TE,CAR,2022,25.76,4,0,0,0.0,0,0.0,0,0.0,0,6,2,46.0,0,6.6000004,46.0,1996-11-28
00-0036438,S.Sullivan,TE,CAR,2023,26.76,10,0,0,0.0,0,0.0,0,0.0,0,24,12,125.0,0,24.5,125.0,1996-11-28
00-0036438,S.Sullivan,TE,CAR,2024,27.76,1,0,0,0.0,0,0.0,0,0.0,0,1,0,0.0,0,0.0,0.0,1996-11-28
00-0036534,S.Zylstra,TE,DET,2021,24.79,2,0,0,0.0,0,0.0,0,0.0,0,7,3,34.0,0,6.3999996,34.0,1996-11-16
00-0036534,S.Zylstra,TE,DET,2022,25.79,8,0,0,0.0,0,0.0,0,0.0,0,15,11,60.0,4,41.0,60.0,1996-11-16
00-0036534,S.Zylstra,TE,DET,2024,27.79,1,0,0,0.0,0,0.0,0,0.0,0,1,1,22.0,0,3.2,22.0,1996-11-16
00-0030710,T.Burton,TE,CHI,2019,27.84,8,0,0,0.0,0,0.0,0,0.0,0,24,14,84.0,0,22.4,84.0,1991-10-29
00-0030710,T.Burton,TE,IND,2020,28.84,12,0,0,0.0,0,0.0,2,3.0,2,50,31,284.0,3,89.700005,287.0,1991-10-29
00-0034270,T.Conklin,TE,MIN,2019,24.09,7,0,0,0.0,0,0.0,0,0.0,0,12,9,63.0,0,15.3,63.0,1995-07-30
00-0034270,T.Conklin,TE,MIN,2020,25.09,7,0,0,0.0,0,0.0,0,0.0,0,26,19,194.0,1,44.4,194.0,1995-07-30
00-0034270,T.Conklin,TE,MIN,2021,26.09,17,0,0,0.0,0,0.0,0,0.0,0,87,61,593.0,3,138.3,593.0,1995-07-30
00-0034270,T.Conklin,TE,NYJ,2022,27.09,17,0,0,0.0,0,0.0,2,3.0,0,87,58,552.0,3,131.5,555.0,1995-07-30
00-0034270,T.Conklin,TE,NYJ,2023,28.09,17,0,0,0.0,0,0.0,1,0.0,0,87,61,621.0,0,123.1,621.0,1995-07-30
00-0034270,T.Conklin,TE,NYJ,2024,29.09,16,0,0,0.0,0,0.0,1,0.0,0,72,51,449.0,4,121.9,449.0,1995-07-30
00-0036250,T.Davis,TE,JAX,2020,23.42,1,0,0,0.0,0,0.0,0,0.0,0,2,0,0.0,0,0.0,0.0,1997-04-02
00-0036250,T.Davis,TE,GB,2021,24.42,4,0,0,0.0,0,0.0,0,0.0,0,5,4,35.0,0,7.5,35.0,1997-04-02
00-0036250,T.Davis,TE,GB,2022,25.42,5,0,0,0.0,0,0.0,0,0.0,0,7,4,26.0,0,6.6,26.0,1997-04-02
00-0030549,T.Eifert,TE,CIN,2019,28.98,16,0,0,0.0,0,0.0,0,0.0,0,63,43,436.0,3,106.6,436.0,1990-09-08
00-0030549,T.Eifert,TE,JAX,2020,29.98,14,0,0,0.0,0,0.0,0,0.0,0,60,36,349.0,2,82.9,349.0,1990-09-08
00-0037654,T.Fisk,TE,ATL,2023,24.62,1,0,0,0.0,0,0.0,0,0.0,0,1,1,9.0,0,1.9,9.0,1999-01-19
00-0037654,T.Fisk,TE,LAC,2024,25.62,8,0,0,0.0,0,0.0,0,0.0,0,9,8,54.0,0,13.4,54.0,1999-01-19
00-0034393,T.Fumagalli,TE,DEN,2019,24.54,6,0,0,0.0,0,0.0,0,0.0,0,9,6,38.0,1,15.8,38.0,1995-02-17
00-0034393,T.Fumagalli,TE,DEN,2020,25.54,7,0,0,0.0,0,0.0,0,0.0,0,15,8,80.0,1,22.0,80.0,1995-02-17
00-0033112,T.Hemingway,TE,WAS,2020,27.09,2,0,0,0.0,0,0.0,0,0.0,0,2,1,10.0,0,2.0,10.0,1993-07-30
00-0033110,T.Higbee,TE,LA,2019,26.67,14,0,0,0.0,0,0.0,0,0.0,0,89,69,734.0,3,160.4,734.0,1993-01-01
00-0033110,T.Higbee,TE,LA,2020,27.67,17,0,0,0.0,0,0.0,1,1.0,0,65,47,530.0,5,132.1,531.0,1993-01-01
00-0033110,T.Higbee,TE,LA,2021,28.67,18,0,0,0.0,0,0.0,0,0.0,0,99,70,675.0,5,167.5,675.0,1993-01-01
00-0033110,T.Higbee,TE,LA,2022,29.67,16,0,0,0.0,0,0.0,0,0.0,0,108,72,620.0,3,152.0,620.0,1993-01-01
00-0033110,T.Higbee,TE,LA,2023,30.67,16,0,0,0.0,0,0.0,0,0.0,0,71,47,495.0,2,108.5,495.0,1993-01-01
00-0033110,T.Higbee,TE,LA,2024,31.67,5,0,0,0.0,0,0.0,0,0.0,0,27,20,178.0,3,55.8,178.0,1993-01-01
00-0033357,T.Hill,TE,NO,2019,29.02,17,4,7,105.0,0,0.0,31,206.0,1,24,21,259.0,7,119.7,465.0,1990-08-23
00-0033357,T.Hill,TE,NO,2020,30.02,17,88,121,928.0,4,2.0,91,472.0,8,14,10,103.0,1,158.62,575.0,1990-08-23
00-0033357,T.Hill,TE,NO,2023,33.02,16,6,11,83.0,1,0.0,81,401.0,4,40,33,291.0,2,143.52,692.0,1990-08-23
00-0033357,T.Hill,TE,NO,2024,34.02,8,2,4,21.0,0,1.0,39,278.0,6,31,23,187.0,0,102.34,465.0,1990-08-23
00-0035229,T.Hockenson,TE,DET,2019,22.16,12,0,0,0.0,0,0.0,0,0.0,0,59,32,367.0,2,80.7,367.0,1997-07-03
00-0035229,T.Hockenson,TE,DET,2020,23.16,16,0,0,0.0,0,0.0,1,0.0,0,101,67,723.0,6,175.3,723.0,1997-07-03
00-0035229,T.Hockenson,TE,DET,2021,24.16,12,0,0,0.0,0,0.0,0,0.0,0,84,61,583.0,4,145.3,583.0,1997-07-03
00-0035229,T.Hockenson,TE,MIN,2022,25.16,18,0,0,0.0,0,0.0,0,0.0,0,140,96,1043.0,6,238.3,1043.0,1997-07-03
00-0035229,T.Hockenson,TE,MIN,2023,26.16,15,0,0,0.0,0,0.0,0,0.0,0,127,95,960.0,5,219.0,960.0,1997-07-03
00-0035229,T.Hockenson,TE,MIN,2024,27.16,11,0,0,0.0,0,0.0,0,0.0,0,67,46,519.0,1,103.899994,519.0,1997-07-03
00-0034613,T.Hudson,TE,TB,2019,24.8,4,0,0,0.0,0,0.0,0,0.0,0,5,2,26.0,0,4.6000004,26.0,1994-11-12
00-0034613,T.Hudson,TE,TB,2020,25.8,5,0,0,0.0,0,0.0,0,0.0,0,8,3,41.0,0,7.1000004,41.0,1994-11-12
00-0036173,T.Hudson,TE,TEN,2021,24.53,4,0,0,0.0,0,0.0,0,0.0,0,6,3,31.0,0,6.1000004,31.0,1997-02-22
00-0034613,T.Hudson,TE,NYG,2022,27.8,6,0,0,0.0,0,0.0,0,0.0,0,15,10,132.0,0,23.2,132.0,1994-11-12
00-0034613,T.Hudson,TE,CIN,2023,28.8,12,0,0,0.0,0,0.0,0,0.0,0,50,39,352.0,1,80.2,352.0,1994-11-12
00-0034613,T.Hudson,TE,CIN,2024,29.8,9,0,0,0.0,0,0.0,1,1.0,0,23,19,154.0,1,38.5,155.0,1994-11-12
00-0035356,T.Jackson,TE,PHI,2021,,3,0,0,0.0,0,0.0,0,0.0,0,7,3,22.0,1,11.2,22.0,
00-0035356,T.Jackson,TE,PHI,2021,23.82,3,0,0,0.0,0,0.0,0,0.0,0,7,3,22.0,1,11.2,22.0,1997-11-07
00-0039847,T.Johnson,TE,NYG,2024,23.52,10,0,0,0.0,0,0.0,0,0.0,0,43,29,331.0,1,68.1,331.0,2001-02-26
00-0030506,T.Kelce,TE,KC,2019,29.91,19,0,0,0.0,0,0.0,2,6.0,1,158,116,1436.0,9,318.2,1442.0,1989-10-05
00-0030506,T.Kelce,TE,KC,2020,30.91,18,1,2,4.0,0,0.0,0,0.0,0,185,136,1776.0,14,397.76,1776.0,1989-10-05
00-0030506,T.Kelce,TE,KC,2021,31.91,19,1,1,2.0,1,0.0,2,3.0,1,161,115,1424.0,12,337.78,1427.0,1989-10-05
00-0030506,T.Kelce,TE,KC,2022,32.91,20,0,0,0.0,0,0.0,2,5.0,0,183,137,1595.0,16,393.0,1600.0,1989-10-05
00-0030506,T.Kelce,TE,KC,2023,33.91,19,0,0,0.0,0,0.0,1,5.0,0,158,125,1339.0,8,305.4,1344.0,1989-10-05
00-0030506,T.Kelce,TE,KC,2024,34.91,19,0,0,0.0,0,0.0,1,1.0,0,151,110,998.0,4,231.9,999.0,1989-10-05
00-0038996,T.Kraft,TE,GB,2023,22.83,12,0,0,0.0,0,0.0,0,0.0,0,49,36,379.0,3,91.899994,379.0,2000-11-03
00-0038996,T.Kraft,TE,GB,2024,23.83,18,0,0,0.0,0,0.0,5,16.0,0,75,55,733.0,7,171.9,749.0,2000-11-03
00-0032214,T.Kroft,TE,BUF,2019,26.88,9,0,0,0.0,0,0.0,0,0.0,0,16,6,71.0,1,19.099998,71.0,1992-10-15
00-0032214,T.Kroft,TE,BUF,2020,27.88,6,0,0,0.0,0,0.0,0,0.0,0,16,12,119.0,3,41.899998,119.0,1992-10-15
00-0032214,T.Kroft,TE,NYJ,2021,28.88,9,0,0,0.0,0,0.0,0,0.0,0,25,16,173.0,1,39.3,173.0,1992-10-15
00-0032214,T.Kroft,TE,SF,2022,29.88,4,0,0,0.0,0,0.0,0,0.0,0,5,4,57.0,0,9.7,57.0,1992-10-15
00-0036059,T.Mabry,TE,SEA,2022,25.78,1,0,0,0.0,0,0.0,0,0.0,0,1,1,7.0,1,7.7,7.0,1996-11-21
00-0037744,T.McBride,TE,ARI,2022,22.78,9,0,0,0.0,0,0.0,0,0.0,0,39,29,265.0,1,61.499996,265.0,1999-11-22
00-0037744,T.McBride,TE,ARI,2023,23.78,17,0,0,0.0,0,0.0,0,0.0,0,106,81,825.0,3,181.5,825.0,1999-11-22
00-0037744,T.McBride,TE,ARI,2024,24.78,16,0,0,0.0,0,0.0,1,2.0,1,147,111,1146.0,2,243.8,1148.0,1999-11-22
00-0037011,T.McKitty,TE,LAC,2021,22.64,6,0,0,0.0,0,0.0,0,0.0,0,8,6,45.0,0,10.5,45.0,1999-01-12
00-0037011,T.McKitty,TE,LAC,2022,23.64,9,0,0,0.0,0,0.0,0,0.0,0,20,12,88.0,0,20.8,88.0,1999-01-12
00-0037277,T.Quitoriano,TE,HOU,2022,22.46,7,0,0,0.0,0,0.0,0,0.0,0,14,7,113.0,2,30.3,113.0,2000-03-15
00-0037277,T.Quitoriano,TE,HOU,2023,23.46,3,0,0,0.0,0,0.0,0,0.0,0,3,2,33.0,0,5.3,33.0,2000-03-15
00-0039737,T.Reiman,TE,ARI,2024,22.96,5,0,0,0.0,0,0.0,0,0.0,0,7,6,37.0,0,9.7,37.0,2001-09-17
00-0036433,T.Stevens,TE,CAR,2020,23.71,1,0,0,0.0,0,0.0,4,24.0,0,0,0,0.0,0,2.4,24.0,1996-12-15
00-0035308,T.Sweeney,TE,BUF,2019,24.17,5,0,0,0.0,0,0.0,0,0.0,0,13,8,114.0,0,19.400002,114.0,1995-07-01
00-0035308,T.Sweeney,TE,BUF,2021,26.17,7,0,0,0.0,0,0.0,0,0.0,0,12,9,44.0,1,19.4,44.0,1995-07-01
00-0035308,T.Sweeney,TE,BUF,2022,27.17,1,0,0,0.0,0,0.0,0,0.0,0,1,1,7.0,0,1.7,7.0,1995-07-01
00-0033742,T.Swoopes,TE,SEA,2019,24.8,1,0,0,0.0,0,0.0,0,0.0,0,1,1,5.0,0,1.5,5.0,1994-11-14
00-0037005,T.Tremble,TE,CAR,2021,21.25,14,0,0,0.0,0,0.0,3,11.0,1,35,20,180.0,1,53.1,191.0,2000-06-02
00-0037005,T.Tremble,TE,CAR,2022,22.25,14,0,0,0.0,0,0.0,0,0.0,0,32,19,174.0,3,54.4,174.0,2000-06-02
00-0037005,T.Tremble,TE,CAR,2023,23.25,13,0,0,0.0,0,0.0,0,0.0,0,32,23,194.0,3,60.4,194.0,2000-06-02
00-0037005,T.Tremble,TE,CAR,2024,24.25,10,0,0,0.0,0,0.0,0,0.0,0,32,23,234.0,2,56.4,234.0,2000-06-02
00-0035259,T.Wesco,TE,NYJ,2019,23.97,3,0,0,0.0,0,0.0,1,2.0,0,3,2,47.0,0,6.8999996,49.0,1995-09-12
00-0035259,T.Wesco,TE,NYJ,2020,24.97,2,0,0,0.0,0,0.0,1,0.0,0,2,1,5.0,0,1.5,5.0,1995-09-12
00-0035259,T.Wesco,TE,NYJ,2021,25.97,4,0,0,0.0,0,0.0,0,0.0,0,5,3,35.0,0,6.5,35.0,1995-09-12
00-0035259,T.Wesco,TE,CHI,2022,26.97,4,0,0,0.0,0,0.0,0,0.0,0,4,2,26.0,0,6.6,26.0,1995-09-12
00-0035259,T.Wesco,TE,TEN,2023,27.97,3,0,0,0.0,0,0.0,0,0.0,0,3,1,21.0,0,3.1,21.0,1995-09-12
00-0024221,V.Davis,TE,WAS,2019,35.59,4,0,0,0.0,0,0.0,0,0.0,0,19,10,123.0,1,28.3,123.0,1984-01-31
00-0028142,V.Green,TE,LAC,2019,31.08,11,0,0,0.0,0,0.0,0,0.0,0,13,9,78.0,1,22.8,78.0,1988-08-03
00-0028142,V.Green,TE,LAC,2020,32.08,4,0,0,0.0,0,0.0,0,0.0,0,6,3,50.0,1,14.0,50.0,1988-08-03
00-0030470,V.McDonald,TE,PIT,2019,29.22,14,0,0,0.0,0,0.0,1,2.0,0,55,38,273.0,3,83.5,275.0,1990-06-13
00-0030470,V.McDonald,TE,PIT,2020,30.22,10,0,0,0.0,0,0.0,0,0.0,0,22,15,99.0,0,24.900002,99.0,1990-06-13
00-0034159,W.Dissly,TE,SEA,2019,23.15,6,0,0,0.0,0,0.0,1,7.0,0,27,23,262.0,4,73.9,269.0,1996-07-08
00-0034159,W.Dissly,TE,SEA,2020,24.15,15,0,0,0.0,0,0.0,0,0.0,0,31,25,252.0,2,62.2,252.0,1996-07-08
00-0034159,W.Dissly,TE,SEA,2021,25.15,12,0,0,0.0,0,0.0,0,0.0,0,26,21,231.0,1,50.1,231.0,1996-07-08
00-0034159,W.Dissly,TE,SEA,2022,26.15,15,0,0,0.0,0,0.0,0,0.0,0,38,34,349.0,3,86.9,349.0,1996-07-08
00-0034159,W.Dissly,TE,SEA,2023,27.15,12,0,0,0.0,0,0.0,0,0.0,0,22,17,172.0,1,40.2,172.0,1996-07-08
00-0034159,W.Dissly,TE,LAC,2024,28.15,16,0,0,0.0,0,0.0,0,0.0,0,69,52,497.0,2,113.7,497.0,1996-07-08
00-0038394,W.Mallory,TE,IND,2023,24.19,11,0,0,0.0,0,0.0,0,0.0,0,26,18,207.0,0,38.7,207.0,1999-06-22
00-0038394,W.Mallory,TE,IND,2024,25.19,7,0,0,0.0,0,0.0,0,0.0,0,8,4,29.0,0,6.9,29.0,1999-06-22
00-0031035,X.Grimble,TE,PIT,2019,26.94,2,0,0,0.0,0,0.0,0,0.0,0,3,1,3.0,0,1.3,3.0,1992-09-22
00-0036640,Z.Davidson,TE,BUF,2024,26.13,2,0,0,0.0,0,0.0,0,0.0,0,2,1,5.0,0,1.5,5.0,1998-07-15
00-0030061,Z.Ertz,TE,PHI,2019,28.81,16,0,0,0.0,0,0.0,0,0.0,0,139,90,960.0,6,222.0,960.0,1990-11-10
00-0030061,Z.Ertz,TE,PHI,2020,29.81,11,0,0,0.0,0,0.0,0,0.0,0,72,36,335.0,1,77.5,335.0,1990-11-10
00-0030061,Z.Ertz,TE,ARI,2021,30.81,18,0,0,0.0,0,0.0,1,4.0,0,116,77,784.0,5,185.8,788.0,1990-11-10
00-0030061,Z.Ertz,TE,ARI,2022,31.81,10,0,0,0.0,0,0.0,0,0.0,0,69,47,406.0,4,115.6,406.0,1990-11-10
00-0030061,Z.Ertz,TE,ARI,2023,32.81,7,0,0,0.0,0,0.0,0,0.0,0,43,27,187.0,1,51.7,187.0,1990-11-10
00-0030061,Z.Ertz,TE,WAS,2024,33.81,20,0,0,0.0,0,0.0,0,0.0,0,116,84,809.0,8,216.9,809.0,1990-11-10
00-0035222,Z.Gentry,TE,PIT,2019,22.98,1,0,0,0.0,0,0.0,0,0.0,0,1,1,4.0,0,1.4,4.0,1996-09-10
00-0035222,Z.Gentry,TE,PIT,2021,24.98,11,0,0,0.0,0,0.0,0,0.0,0,29,23,200.0,0,43.0,200.0,1996-09-10
00-0035222,Z.Gentry,TE,PIT,2022,25.98,14,0,0,0.0,0,0.0,0,0.0,0,23,19,132.0,0,32.2,132.0,1996-09-10
00-0035876,A.Baccellia,WR,ARI,2022,25.65,5,0,0,0.0,0,0.0,0,0.0,0,10,7,45.0,0,11.5,45.0,1997-01-07
00-0035602,A.Bachman,WR,NYG,2021,25.26,1,0,0,0.0,0,0.0,1,-3.0,0,0,0,0.0,0,-0.3,-3.0,1996-05-29
00-0035602,A.Bachman,WR,LV,2024,28.26,1,0,0,0.0,0,0.0,0,0.0,0,3,3,31.0,0,6.1,31.0,1996-05-29
00-0027793,A.Brown,WR,NE,2019,31.14,1,0,0,0.0,0,0.0,1,5.0,0,8,4,56.0,1,16.1,61.0,1988-07-10
00-0035676,A.Brown,WR,TEN,2019,22.17,19,0,0,0.0,0,0.0,4,69.0,1,94,57,1115.0,8,229.4,1184.0,1997-06-30
00-0027793,A.Brown,WR,TB,2020,32.14,11,0,0,0.0,0,0.0,3,20.0,0,74,53,564.0,6,147.4,584.0,1988-07-10
00-0035676,A.Brown,WR,TEN,2020,23.17,15,0,0,0.0,0,0.0,0,0.0,0,116,76,1158.0,12,267.8,1158.0,1997-06-30
00-0027793,A.Brown,WR,TB,2021,33.14,7,0,0,0.0,0,0.0,1,6.0,0,62,42,545.0,4,121.1,551.0,1988-07-10
00-0035676,A.Brown,WR,TEN,2021,24.17,14,0,2,0.0,0,0.0,2,10.0,0,114,68,1011.0,6,206.1,1021.0,1997-06-30
00-0035676,A.Brown,WR,PHI,2022,25.17,20,0,0,0.0,0,0.0,0,0.0,0,167,101,1642.0,12,333.2,1642.0,1997-06-30
00-0035676,A.Brown,WR,PHI,2023,26.17,17,0,0,0.0,0,0.0,0,0.0,0,158,106,1456.0,7,289.6,1456.0,1997-06-30
00-0035676,A.Brown,WR,PHI,2024,27.17,17,0,0,0.0,0,0.0,0,0.0,0,120,79,1242.0,9,257.2,1242.0,1997-06-30
00-0034772,A.Callaway,WR,CLE,2019,22.65,4,0,0,0.0,0,0.0,0,0.0,0,15,8,89.0,0,16.9,89.0,1997-01-09
00-0034772,A.Callaway,WR,MIA,2020,23.65,3,0,0,0.0,0,0.0,0,0.0,0,4,2,20.0,0,4.0,20.0,1997-01-09
00-0033382,A.Carr,WR,NO,2019,25.69,2,0,0,0.0,0,0.0,0,0.0,0,4,1,9.0,0,1.9,9.0,1993-12-25
00-0033382,A.Carr,WR,NO,2020,26.69,4,0,0,0.0,0,0.0,0,0.0,0,4,3,27.0,1,11.700001,27.0,1993-12-25
00-0031544,A.Cooper,WR,DAL,2019,25.21,16,0,0,0.0,0,0.0,1,6.0,0,119,79,1189.0,8,246.5,1195.0,1994-06-17
00-0031544,A.Cooper,WR,DAL,2020,26.21,16,0,0,0.0,0,0.0,6,14.0,0,130,92,1114.0,5,236.8,1128.0,1994-06-17
00-0031544,A.Cooper,WR,DAL,2021,27.21,16,0,0,0.0,0,0.0,0,0.0,0,114,74,929.0,9,220.9,929.0,1994-06-17
00-0031544,A.Cooper,WR,CLE,2022,28.21,17,0,1,0.0,0,1.0,0,0.0,0,132,78,1160.0,9,246.0,1160.0,1994-06-17
00-0031544,A.Cooper,WR,CLE,2023,29.21,16,0,0,0.0,0,0.0,0,0.0,0,133,76,1309.0,5,236.9,1309.0,1994-06-17
00-0031544,A.Cooper,WR,BUF,2024,30.21,16,0,0,0.0,0,0.0,0,0.0,0,93,50,588.0,4,132.8,588.0,1994-06-17
00-0035021,A.Dulin,WR,IND,2019,22.3,2,0,0,0.0,0,0.0,0,0.0,0,2,2,17.0,0,3.6999998,17.0,1997-05-15
00-0035021,A.Dulin,WR,IND,2020,23.3,7,0,0,0.0,0,0.0,2,11.0,0,6,3,53.0,0,9.4,64.0,1997-05-15
00-0035021,A.Dulin,WR,IND,2021,24.3,14,0,0,0.0,0,0.0,3,32.0,0,22,13,173.0,2,45.5,205.0,1997-05-15
00-0035021,A.Dulin,WR,IND,2022,25.3,7,0,0,0.0,0,0.0,2,8.0,0,22,15,207.0,1,42.5,215.0,1997-05-15
00-0035021,A.Dulin,WR,IND,2024,27.3,9,0,0,0.0,0,0.0,5,45.0,0,8,2,67.0,1,19.199999,112.0,1997-05-15
00-0032543,A.Erickson,WR,CIN,2019,26.82,15,1,1,26.0,0,0.0,5,33.0,0,78,43,529.0,0,100.24,562.0,1992-11-06
00-0032543,A.Erickson,WR,CIN,2020,27.82,9,0,1,0.0,0,0.0,5,7.0,0,17,12,139.0,0,24.599998,146.0,1992-11-06
00-0032543,A.Erickson,WR,CAR,2021,28.82,4,0,0,0.0,0,0.0,0,0.0,0,4,3,55.0,0,8.5,55.0,1992-11-06
00-0032543,A.Erickson,WR,LAC,2023,30.82,8,0,0,0.0,0,0.0,0,0.0,0,29,16,232.0,1,45.2,232.0,1992-11-06
00-0036340,A.Gandy-Golden,WR,WAS,2020,22.39,4,0,0,0.0,0,0.0,1,22.0,0,7,1,3.0,0,3.5,25.0,1998-04-11
00-0039816,A.Gould,WR,IND,2024,23.4,1,0,0,0.0,0,0.0,0,0.0,0,1,1,23.0,0,3.3,23.0,2001-04-06
00-0027942,A.Green,WR,CIN,2020,32.09,16,0,0,0.0,0,0.0,0,0.0,0,104,47,523.0,2,111.3,523.0,1988-07-31
00-0027942,A.Green,WR,ARI,2021,33.09,17,0,0,0.0,0,0.0,0,0.0,0,95,54,848.0,3,156.8,848.0,1988-07-31
00-0027942,A.Green,WR,ARI,2022,34.09,13,0,0,0.0,0,0.0,0,0.0,0,47,24,236.0,2,61.6,236.0,1988-07-31
00-0038627,A.Green,WR,DET,2023,23.8,2,0,0,0.0,0,0.0,0,0.0,0,2,1,2.0,0,1.2,2.0,1999-11-15
00-0035104,A.Hollins,WR,MIN,2019,22.77,3,0,0,0.0,0,0.0,0,0.0,0,5,2,46.0,0,6.6,46.0,1996-11-24
00-0032009,A.Humphries,WR,TEN,2019,26.19,13,0,0,0.0,0,0.0,1,1.0,0,52,41,399.0,2,93.0,400.0,1993-06-24
00-0032009,A.Humphries,WR,TEN,2020,27.19,7,0,0,0.0,0,0.0,0,0.0,0,35,23,228.0,2,57.8,228.0,1993-06-24
00-0032009,A.Humphries,WR,WAS,2021,28.19,17,0,0,0.0,0,0.0,0,0.0,0,62,41,383.0,0,79.3,383.0,1993-06-24
00-0030821,A.Hurns,WR,MIA,2019,27.8,14,0,0,0.0,0,0.0,0,0.0,0,47,32,416.0,2,83.6,416.0,1991-11-12
00-0038619,A.Iosivas,WR,CIN,2023,23.88,9,0,0,0.0,0,0.0,0,0.0,0,25,15,116.0,4,50.6,116.0,1999-10-15
00-0038619,A.Iosivas,WR,CIN,2024,24.88,17,0,0,0.0,0,0.0,0,0.0,0,61,36,479.0,6,119.9,479.0,1999-10-15
00-0035527,A.Isabella,WR,ARI,2019,22.79,9,0,0,0.0,0,0.0,4,15.0,0,13,9,189.0,1,35.4,204.0,1996-11-18
00-0035527,A.Isabella,WR,ARI,2020,23.79,11,0,0,0.0,0,0.0,1,-6.0,0,35,21,224.0,2,54.800003,218.0,1996-11-18
00-0035527,A.Isabella,WR,ARI,2021,24.79,1,0,0,0.0,0,0.0,0,0.0,0,1,1,13.0,0,2.3,13.0,1996-11-18
00-0035527,A.Isabella,WR,ARI,2022,25.79,3,0,0,0.0,0,0.0,1,1.0,0,5,2,21.0,0,4.2,22.0,1996-11-18
00-0035527,A.Isabella,WR,BUF,2023,26.79,1,0,0,0.0,0,0.0,0,0.0,0,1,0,0.0,0,0.0,0.0,1996-11-18
00-0029137,A.Jeffery,WR,PHI,2019,29.55,9,0,0,0.0,0,0.0,1,2.0,1,73,43,490.0,4,122.2,492.0,1990-02-14
00-0029137,A.Jeffery,WR,PHI,2020,30.55,7,0,0,0.0,0,0.0,0,0.0,0,13,6,115.0,1,23.5,115.0,1990-02-14
00-0034521,A.Lazard,WR,GB,2019,23.72,13,0,0,0.0,0,0.0,2,26.0,0,56,38,513.0,3,109.9,539.0,1995-12-11
00-0034521,A.Lazard,WR,GB,2020,24.72,12,0,0,0.0,0,0.0,2,17.0,0,60,40,609.0,4,126.6,626.0,1995-12-11
00-0034521,A.Lazard,WR,GB,2021,25.72,15,0,0,0.0,0,0.0,3,32.0,0,61,41,519.0,8,144.1,551.0,1995-12-11
00-0034521,A.Lazard,WR,GB,2022,26.72,15,0,0,0.0,0,0.0,2,0.0,0,100,60,788.0,6,174.8,788.0,1995-12-11
00-0034521,A.Lazard,WR,NYJ,2023,27.72,13,0,0,0.0,0,0.0,0,0.0,0,49,23,311.0,1,60.100002,311.0,1995-12-11
00-0034521,A.Lazard,WR,NYJ,2024,28.72,12,0,1,0.0,0,0.0,0,0.0,0,61,37,530.0,6,126.0,530.0,1995-12-11
00-0035869,A.Mack,WR,NYG,2020,23.0,5,0,0,0.0,0,0.0,0,0.0,0,11,7,91.0,0,16.1,91.0,1997-08-31
00-0034353,A.Miller,WR,CHI,2019,24.9,16,0,0,0.0,0,0.0,1,-1.0,0,85,52,656.0,2,127.5,655.0,1994-10-09
00-0034353,A.Miller,WR,CHI,2020,25.9,17,0,0,0.0,0,0.0,3,14.0,0,79,51,507.0,2,113.1,521.0,1994-10-09
00-0034353,A.Miller,WR,HOU,2021,26.9,3,0,0,0.0,0,0.0,0,0.0,0,12,6,25.0,1,14.5,25.0,1994-10-09
00-0034353,A.Miller,WR,BAL,2024,29.9,3,0,0,0.0,0,0.0,0,0.0,0,5,5,44.0,0,9.4,44.0,1994-10-09
00-0039890,A.Mitchell,WR,IND,2024,21.9,17,1,1,24.0,0,0.0,4,6.0,0,55,23,312.0,0,53.76,318.0,2002-10-08
00-0033705,A.Patton,WR,LAC,2019,25.26,7,0,0,0.0,0,0.0,0,0.0,0,17,6,56.0,0,11.599999,56.0,1994-05-28
00-0038612,A.Perry,WR,NO,2023,23.85,8,0,0,0.0,0,0.0,0,0.0,0,18,12,246.0,4,60.6,246.0,1999-10-26
00-0037664,A.Pierce,WR,IND,2022,22.33,16,0,0,0.0,0,0.0,0,0.0,0,78,41,593.0,2,112.3,593.0,2000-05-02
00-0037664,A.Pierce,WR,IND,2023,23.33,17,0,0,0.0,0,0.0,0,0.0,0,65,32,514.0,2,95.4,514.0,2000-05-02
00-0037664,A.Pierce,WR,IND,2024,24.33,16,0,0,0.0,0,0.0,0,0.0,0,69,37,824.0,7,161.4,824.0,2000-05-02
00-0027691,A.Roberts,WR,BUF,2019,31.65,5,0,0,0.0,0,0.0,1,7.0,0,7,3,20.0,0,5.7,27.0,1988-01-09
00-0027691,A.Roberts,WR,BUF,2020,32.65,3,0,0,0.0,0,0.0,1,-3.0,0,5,4,34.0,0,7.1,31.0,1988-01-09
00-0027691,A.Roberts,WR,LAC,2021,33.65,5,0,0,0.0,0,0.0,3,19.0,0,2,1,35.0,0,12.4,54.0,1988-01-09
00-0031428,A.Robinson,WR,CHI,2019,26.02,16,0,0,0.0,0,0.0,1,2.0,0,154,98,1147.0,7,254.9,1149.0,1993-08-24
00-0031428,A.Robinson,WR,CHI,2020,27.02,17,0,0,0.0,0,0.0,1,-1.0,0,158,108,1305.0,6,274.4,1304.0,1993-08-24
00-0031428,A.Robinson,WR,CHI,2021,28.02,12,0,0,0.0,0,0.0,0,0.0,0,66,38,410.0,1,87.0,410.0,1993-08-24
00-0031428,A.Robinson,WR,LA,2022,29.02,10,0,0,0.0,0,0.0,0,0.0,0,52,33,339.0,3,84.9,339.0,1993-08-24
00-0031428,A.Robinson,WR,PIT,2023,30.02,16,0,0,0.0,0,0.0,0,0.0,0,52,36,292.0,0,65.2,292.0,1993-08-24
00-0031428,A.Robinson,WR,DET,2024,31.02,6,0,0,0.0,0,0.0,0,0.0,0,7,3,30.0,0,6.0,30.0,1993-08-24
00-0036991,A.Rodgers,WR,GB,2021,21.94,4,0,0,0.0,0,0.0,1,11.0,0,8,4,45.0,0,9.6,56.0,1999-09-23
00-0036991,A.Rodgers,WR,HOU,2022,22.94,9,0,0,0.0,0,0.0,2,7.0,0,25,16,204.0,1,43.1,211.0,1999-09-23
00-0036991,A.Rodgers,WR,IND,2023,23.94,1,0,0,0.0,0,0.0,0,0.0,0,2,0,0.0,0,0.0,0.0,1999-09-23
00-0036999,A.Schwartz,WR,CLE,2021,20.99,12,0,0,0.0,0,0.0,6,39.0,0,23,10,135.0,1,33.4,174.0,2000-09-05
00-0036999,A.Schwartz,WR,CLE,2022,21.99,6,0,0,0.0,0,0.0,4,57.0,1,10,4,51.0,0,18.8,108.0,2000-09-05
00-0039747,A.Smith,WR,PHI,2024,23.25,3,0,0,0.0,0,0.0,2,6.0,0,9,7,41.0,1,17.699999,47.0,2001-05-31
00-0036963,A.St. Brown,WR,DET,2021,21.86,16,0,0,0.0,0,0.0,7,61.0,1,119,90,912.0,5,227.3,973.0,1999-10-24
00-0036963,A.St. Brown,WR,DET,2022,22.86,16,0,0,0.0,0,0.0,9,95.0,0,146,106,1161.0,6,267.6,1256.0,1999-10-24
00-0036963,A.St. Brown,WR,DET,2023,23.86,19,0,0,0.0,0,0.0,5,26.0,0,198,141,1789.0,11,386.5,1815.0,1999-10-24
00-0036963,A.St. Brown,WR,DET,2024,24.86,18,1,1,7.0,1,0.0,2,6.0,0,151,123,1400.0,12,337.88,1406.0,1999-10-24
00-0034686,A.Tate,WR,CIN,2019,22.58,12,0,0,0.0,0,0.0,0,0.0,0,80,40,575.0,1,101.5,575.0,1997-02-03
00-0034686,A.Tate,WR,CIN,2020,23.58,8,0,0,0.0,0,0.0,0,0.0,0,22,14,150.0,0,29.0,150.0,1997-02-03
00-0034686,A.Tate,WR,CIN,2021,24.58,4,0,0,0.0,0,0.0,0,0.0,0,4,3,39.0,1,12.9,39.0,1997-02-03
00-0030035,A.Thielen,WR,MIN,2019,29.03,12,0,0,0.0,0,0.0,5,9.0,1,64,42,597.0,6,142.6,606.0,1990-08-22
00-0030035,A.Thielen,WR,MIN,2020,30.03,15,0,0,0.0,0,0.0,3,15.0,0,108,74,925.0,14,254.0,940.0,1990-08-22
00-0030035,A.Thielen,WR,MIN,2021,31.03,13,0,0,0.0,0,0.0,1,2.0,0,95,67,726.0,10,199.8,728.0,1990-08-22
00-0030035,A.Thielen,WR,MIN,2022,32.03,18,0,0,0.0,0,0.0,1,4.0,0,111,73,766.0,6,188.0,770.0,1990-08-22
00-0030035,A.Thielen,WR,CAR,2023,33.03,17,0,0,0.0,0,0.0,1,6.0,0,137,103,1014.0,4,231.0,1020.0,1990-08-22
00-0030035,A.Thielen,WR,CAR,2024,34.03,10,0,0,0.0,0,0.0,0,0.0,0,62,48,615.0,5,139.5,615.0,1990-08-22
00-0036841,A.Trammell,WR,LA,2022,24.16,2,0,0,0.0,0,0.0,0,0.0,0,4,2,13.0,0,3.3,13.0,1998-07-04
00-0036841,A.Trammell,WR,LA,2023,25.16,2,0,0,0.0,0,0.0,0,0.0,0,7,4,29.0,0,6.9,29.0,1998-07-04
00-0036841,A.Trammell,WR,JAX,2024,26.16,1,0,0,0.0,0,0.0,0,0.0,0,3,2,40.0,0,6.0,40.0,1998-07-04
00-0035126,A.Wesley,WR,ARI,2021,23.86,9,0,0,0.0,0,0.0,0,0.0,0,34,19,208.0,3,59.8,208.0,1997-10-22
00-0030669,A.Wilson,WR,MIA,2019,27.14,13,1,2,20.0,0,0.0,5,45.0,0,62,43,351.0,1,89.4,396.0,1992-07-12
00-0030669,A.Wilson,WR,MIA,2021,29.14,10,0,1,0.0,0,0.0,4,17.0,0,39,25,213.0,0,48.0,230.0,1992-07-12
00-0036261,B.Aiyuk,WR,SF,2020,22.46,12,0,0,0.0,0,0.0,6,77.0,2,96,60,748.0,5,184.5,825.0,1998-03-17
00-0036261,B.Aiyuk,WR,SF,2021,23.46,19,0,0,0.0,0,0.0,5,17.0,0,99,65,961.0,5,192.8,978.0,1998-03-17
00-0036261,B.Aiyuk,WR,SF,2022,24.46,20,0,0,0.0,0,0.0,2,23.0,0,124,84,1124.0,8,244.7,1147.0,1998-03-17
00-0036261,B.Aiyuk,WR,SF,2023,25.46,19,0,0,0.0,0,0.0,0,0.0,0,125,84,1491.0,8,279.1,1491.0,1998-03-17
00-0036261,B.Aiyuk,WR,SF,2024,26.46,7,0,0,0.0,0,0.0,0,0.0,0,47,25,374.0,0,62.4,374.0,1998-03-17
00-0034419,B.Berrios,WR,NYJ,2019,23.9,6,0,0,0.0,0,0.0,0,0.0,0,13,6,115.0,0,17.5,115.0,1995-10-06
00-0034419,B.Berrios,WR,NYJ,2020,24.9,13,0,0,0.0,0,0.0,3,29.0,0,55,37,394.0,3,97.3,423.0,1995-10-06
00-0034419,B.Berrios,WR,NYJ,2021,25.9,15,0,0,0.0,0,0.0,7,40.0,2,65,46,431.0,2,121.100006,471.0,1995-10-06
00-0034419,B.Berrios,WR,NYJ,2022,26.9,15,1,1,2.0,1,0.0,9,91.0,2,32,18,145.0,0,57.68,236.0,1995-10-06
00-0034419,B.Berrios,WR,MIA,2023,27.9,14,0,0,0.0,0,0.0,1,11.0,0,34,27,238.0,1,57.9,249.0,1995-10-06
00-0034419,B.Berrios,WR,MIA,2024,28.9,3,0,0,0.0,0,0.0,0,0.0,0,4,0,0.0,0,0.0,0.0,1995-10-06
00-0031236,B.Cooks,WR,LA,2019,25.94,14,0,0,0.0,0,0.0,6,52.0,0,72,42,583.0,2,117.5,635.0,1993-09-25
00-0031236,B.Cooks,WR,HOU,2020,26.94,15,0,0,0.0,0,0.0,0,0.0,0,119,81,1150.0,6,232.0,1150.0,1993-09-25
00-0031236,B.Cooks,WR,HOU,2021,27.94,16,0,0,0.0,0,0.0,2,21.0,0,134,90,1037.0,6,231.8,1058.0,1993-09-25
00-0031236,B.Cooks,WR,HOU,2022,28.94,13,0,0,0.0,0,0.0,2,7.0,0,93,57,699.0,3,145.6,706.0,1993-09-25
00-0031236,B.Cooks,WR,DAL,2023,29.94,17,0,0,0.0,0,0.0,6,41.0,0,89,60,704.0,8,184.5,745.0,1993-09-25
00-0031236,B.Cooks,WR,DAL,2024,30.94,10,0,0,0.0,0,0.0,3,-3.0,0,54,26,259.0,3,69.6,256.0,1993-09-25
00-0037132,B.Covey,WR,PHI,2023,26.45,2,0,0,0.0,0,0.0,0,0.0,0,6,4,42.0,0,8.2,42.0,1997-03-18
00-0037132,B.Covey,WR,PHI,2024,27.45,3,0,0,0.0,0,0.0,0,0.0,0,8,7,34.0,0,10.4,34.0,1997-03-18
00-0036365,B.Edwards,WR,LV,2020,21.8,9,0,0,0.0,0,0.0,0,0.0,0,15,11,193.0,1,36.3,193.0,1998-11-13
00-0036365,B.Edwards,WR,LV,2021,22.8,17,0,0,0.0,0,0.0,1,0.0,0,65,37,612.0,3,116.2,612.0,1998-11-13
00-0036365,B.Edwards,WR,ATL,2022,23.8,4,0,0,0.0,0,0.0,0,0.0,0,5,3,15.0,0,4.5,15.0,1998-11-13
00-0038477,B.Ford-Wheaton,WR,NYG,2024,24.48,1,0,0,0.0,0,0.0,0,0.0,0,0,0,0.0,0,6.0,0.0,2000-03-09
00-0030670,B.Fowler,WR,NYG,2019,28.23,8,0,0,0.0,0,0.0,1,20.0,0,36,23,193.0,0,46.3,213.0,1991-06-10
00-0030670,B.Fowler,WR,NO,2020,29.23,1,0,0,0.0,0,0.0,0,0.0,0,6,2,11.0,0,3.1,11.0,1991-06-10
00-0037382,B.Johnson,WR,DEN,2022,24.1,4,0,0,0.0,0,0.0,0,0.0,0,14,6,42.0,1,16.2,42.0,1998-07-26
00-0037382,B.Johnson,WR,DEN,2023,25.1,10,0,0,0.0,0,0.0,0,0.0,0,30,19,284.0,4,73.4,284.0,1998-07-26
00-0037382,B.Johnson,WR,PIT,2024,26.1,1,0,0,0.0,0,0.0,0,0.0,0,1,1,9.0,0,1.9,9.0,1998-07-26
00-0039386,B.Means,WR,NO,2024,23.64,4,0,0,0.0,0,0.0,0,0.0,0,15,9,118.0,1,26.8,118.0,2001-01-10
00-0037091,B.Melton,WR,GB,2023,24.29,6,0,0,0.0,0,0.0,3,21.0,0,27,18,244.0,2,56.5,265.0,1999-05-18
00-0037091,B.Melton,WR,GB,2024,25.29,12,0,0,0.0,0,0.0,8,54.0,0,20,9,107.0,0,25.1,161.0,1999-05-18
00-0039650,B.Oliver,WR,TEN,2024,24.29,5,0,0,0.0,0,0.0,0,0.0,0,9,6,95.0,0,15.5,95.0,2000-05-19
00-0032054,B.Perriman,WR,TB,2019,25.98,14,0,0,0.0,0,0.0,2,16.0,0,69,36,645.0,6,138.1,661.0,1993-09-10
00-0032054,B.Perriman,WR,NYJ,2020,26.98,12,0,0,0.0,0,0.0,1,6.0,0,60,30,505.0,3,99.1,511.0,1993-09-10
00-0032054,B.Perriman,WR,TB,2021,27.98,6,0,0,0.0,0,0.0,1,-3.0,0,21,12,172.0,1,34.9,169.0,1993-09-10
00-0032054,B.Perriman,WR,TB,2022,28.98,8,0,0,0.0,0,0.0,2,-7.0,0,19,9,110.0,1,23.3,103.0,1993-09-10
00-0034646,B.Powell,WR,ATL,2020,24.97,10,0,0,0.0,0,0.0,2,7.0,0,18,12,69.0,2,29.6,76.0,1995-09-12
00-0034646,B.Powell,WR,LA,2021,25.97,1,0,0,0.0,0,0.0,0,0.0,0,0,0,0.0,0,6.0,0.0,1995-09-12
00-0034646,B.Powell,WR,LA,2022,26.97,16,0,0,0.0,0,0.0,17,80.0,0,32,24,156.0,0,47.6,236.0,1995-09-12
00-0034646,B.Powell,WR,MIN,2023,27.97,13,0,0,0.0,0,0.0,5,17.0,0,44,29,324.0,1,69.1,341.0,1995-09-12
00-0034646,B.Powell,WR,MIN,2024,28.97,7,0,0,0.0,0,0.0,0,0.0,0,10,7,71.0,0,14.1,71.0,1995-09-12
00-0034297,B.Pringle,WR,KC,2019,25.79,6,0,0,0.0,0,0.0,0,0.0,0,16,12,170.0,1,35.0,170.0,1993-11-17
00-0034297,B.Pringle,WR,KC,2020,26.79,9,0,0,0.0,0,0.0,0,0.0,0,27,19,199.0,1,50.9,199.0,1993-11-17
00-0034297,B.Pringle,WR,KC,2021,27.79,19,0,0,0.0,0,0.0,0,0.0,0,77,54,650.0,8,167.0,650.0,1993-11-17
00-0034297,B.Pringle,WR,CHI,2022,28.79,8,0,0,0.0,0,0.0,0,0.0,0,16,10,135.0,2,35.5,135.0,1993-11-17
00-0034297,B.Pringle,WR,WAS,2023,29.79,12,0,0,0.0,0,0.0,0,0.0,0,22,14,161.0,0,30.099998,161.0,1993-11-17
00-0037355,B.Sanders,WR,MIA,2022,23.61,2,0,0,0.0,0,0.0,0,0.0,0,3,2,17.0,0,1.7,17.0,1999-01-21
00-0036862,B.Skowronek,WR,LA,2021,24.18,9,0,0,0.0,0,0.0,0,0.0,0,26,13,145.0,0,27.5,145.0,1997-06-27
00-0036862,B.Skowronek,WR,LA,2022,25.18,14,0,0,0.0,0,0.0,1,17.0,1,61,39,376.0,0,84.3,393.0,1997-06-27
00-0036862,B.Skowronek,WR,LA,2023,26.18,10,0,0,0.0,0,0.0,2,9.0,0,13,9,71.0,1,23.0,80.0,1997-06-27
00-0036862,B.Skowronek,WR,PIT,2024,27.18,4,0,0,0.0,0,0.0,0,0.0,0,5,5,69.0,0,11.9,69.0,1997-06-27
00-0039893,B.Thomas,WR,JAX,2024,21.9,17,0,0,0.0,0,0.0,6,48.0,0,133,87,1282.0,10,284.0,1330.0,2002-10-08
00-0038840,B.Tremayne,WR,WAS,2024,24.79,1,0,0,0.0,0,0.0,0,0.0,0,1,1,-2.0,0,0.8,-2.0,1999-11-18
00-0033434,B.Wilson,WR,TB,2019,24.6,5,0,0,0.0,0,0.0,0,0.0,0,11,3,35.0,0,6.5,35.0,1995-01-25
00-0034052,B.Zylstra,WR,CAR,2019,26.44,4,0,0,0.0,0,0.0,0,0.0,0,12,8,106.0,0,18.6,106.0,1993-03-25
00-0034052,B.Zylstra,WR,CAR,2020,27.44,5,0,0,0.0,0,0.0,1,1.0,0,4,3,35.0,0,12.6,36.0,1993-03-25
00-0034052,B.Zylstra,WR,CAR,2021,28.44,9,0,1,0.0,0,0.0,0,0.0,0,25,18,250.0,1,49.0,250.0,1993-03-25
00-0037837,C.Austin,WR,PIT,2023,24.44,15,0,0,0.0,0,0.0,11,57.0,1,32,18,187.0,2,60.4,244.0,1999-03-24
00-0037837,C.Austin,WR,PIT,2024,25.44,18,0,0,0.0,0,0.0,0,0.0,0,60,37,573.0,4,124.299995,573.0,1999-03-24
00-0034652,C.Batson,WR,TEN,2020,24.7,10,0,0,0.0,0,0.0,4,20.0,0,14,13,106.0,1,31.599998,126.0,1995-12-20
00-0034652,C.Batson,WR,TEN,2021,25.7,3,0,0,0.0,0,0.0,2,15.0,0,5,2,15.0,1,11.0,30.0,1995-12-20
00-0029000,C.Beasley,WR,BUF,2019,30.35,16,0,0,0.0,0,0.0,0,0.0,0,111,71,822.0,6,193.2,822.0,1989-04-26
00-0029000,C.Beasley,WR,BUF,2020,31.35,18,1,1,20.0,1,0.0,0,0.0,0,125,96,1112.0,4,236.0,1112.0,1989-04-26
00-0029000,C.Beasley,WR,BUF,2021,32.35,18,0,1,0.0,0,0.0,0,0.0,0,121,89,772.0,1,174.2,772.0,1989-04-26
00-0029000,C.Beasley,WR,BUF,2022,33.35,6,0,0,0.0,0,0.0,0,0.0,0,16,11,103.0,1,27.3,103.0,1989-04-26
00-0034309,C.Beebe,WR,MIN,2019,25.25,2,0,0,0.0,0,0.0,0,0.0,0,2,2,70.0,0,9.0,70.0,1994-06-01
00-0034309,C.Beebe,WR,MIN,2020,26.25,10,0,0,0.0,0,0.0,0,0.0,0,30,20,201.0,2,52.1,201.0,1994-06-01
00-0036463,C.Blair,WR,ATL,2024,26.9,2,0,0,0.0,0,0.0,0,0.0,0,2,1,17.0,0,2.7,17.0,1997-10-06
00-0034132,C.Blake,WR,ATL,2019,23.23,6,0,0,0.0,0,0.0,0,0.0,0,24,11,91.0,0,20.099998,91.0,1996-06-08
00-0034132,C.Blake,WR,ATL,2020,24.23,7,0,0,0.0,0,0.0,0,0.0,0,18,13,141.0,0,27.1,141.0,1996-06-08
00-0034132,C.Blake,WR,ATL,2021,25.23,6,0,0,0.0,0,0.0,0,0.0,0,9,4,25.0,0,6.5,25.0,1996-06-08
00-0033367,C.Board,WR,JAX,2019,25.72,2,0,0,0.0,0,0.0,0,0.0,0,4,2,31.0,0,5.1,31.0,1993-12-12
00-0033367,C.Board,WR,NYG,2020,26.72,9,0,0,0.0,0,0.0,1,3.0,0,16,11,101.0,0,21.4,104.0,1993-12-12
00-0033367,C.Board,WR,NYG,2021,27.72,4,0,0,0.0,0,0.0,1,6.0,0,6,4,51.0,0,9.7,57.0,1993-12-12
00-0033367,C.Board,WR,TEN,2022,28.72,1,0,0,0.0,0,0.0,0,0.0,0,1,1,6.0,0,1.6,6.0,1993-12-12
00-0036326,C.Claypool,WR,PIT,2020,22.15,17,0,0,0.0,0,0.0,10,16.0,2,116,67,932.0,11,237.8,948.0,1998-07-07
00-0036326,C.Claypool,WR,PIT,2021,23.15,16,0,0,0.0,0,0.0,14,96.0,0,112,62,885.0,2,172.1,981.0,1998-07-07
00-0036326,C.Claypool,WR,PIT,2022,24.15,15,1,1,1.0,1,0.0,9,59.0,0,79,46,451.0,1,105.04,510.0,1998-07-07
00-0036326,C.Claypool,WR,MIA,2023,25.15,7,0,0,0.0,0,0.0,0,0.0,0,21,8,77.0,1,21.7,77.0,1998-07-07
00-0032128,C.Conley,WR,JAX,2019,26.85,16,0,0,0.0,0,0.0,0,0.0,0,90,47,775.0,5,156.5,775.0,1992-10-25
00-0032128,C.Conley,WR,JAX,2020,27.85,14,0,0,0.0,0,0.0,0,0.0,0,63,40,471.0,2,97.1,471.0,1992-10-25
00-0032128,C.Conley,WR,HOU,2021,28.85,14,0,0,0.0,0,0.0,1,3.0,0,37,22,323.0,2,64.6,326.0,1992-10-25
00-0032128,C.Conley,WR,TEN,2022,29.85,4,0,0,0.0,0,0.0,0,0.0,0,7,4,46.0,0,8.6,46.0,1992-10-25
00-0032128,C.Conley,WR,SF,2023,30.85,3,0,0,0.0,0,0.0,0,0.0,0,8,5,104.0,0,15.4,104.0,1992-10-25
00-0032128,C.Conley,WR,SF,2024,31.85,7,0,0,0.0,0,0.0,0,0.0,0,12,6,76.0,0,13.599999,76.0,1992-10-25
00-0032795,C.Core,WR,NYG,2019,25.37,1,0,0,0.0,0,0.0,0,0.0,0,5,3,28.0,0,5.8,28.0,1994-04-17
00-0033871,C.Davis,WR,TEN,2019,24.64,18,0,0,0.0,0,0.0,0,0.0,0,81,49,669.0,3,133.9,669.0,1995-01-11
00-0033871,C.Davis,WR,TEN,2020,25.64,15,0,0,0.0,0,0.0,0,0.0,0,94,65,984.0,5,191.4,984.0,1995-01-11
00-0033871,C.Davis,WR,NYJ,2021,26.64,9,0,0,0.0,0,0.0,0,0.0,0,59,34,492.0,4,105.2,492.0,1995-01-11
00-0033871,C.Davis,WR,NYJ,2022,27.64,13,0,0,0.0,0,0.0,0,0.0,0,64,32,536.0,2,97.6,536.0,1995-01-11
00-0038632,C.Dowell,WR,TEN,2023,24.37,2,0,0,0.0,0,0.0,0,0.0,0,2,1,3.0,0,1.3,3.0,1999-04-19
00-0033921,C.Godwin,WR,TB,2019,23.51,14,0,0,0.0,0,0.0,1,8.0,0,121,86,1333.0,9,276.1,1341.0,1996-02-27
00-0033921,C.Godwin,WR,TB,2020,24.51,16,0,0,0.0,0,0.0,1,6.0,0,116,81,1072.0,8,236.8,1078.0,1996-02-27
00-0033921,C.Godwin,WR,TB,2021,25.51,14,0,0,0.0,0,0.0,4,21.0,1,127,98,1103.0,5,242.40001,1124.0,1996-02-27
00-0033921,C.Godwin,WR,TB,2022,26.51,16,0,0,0.0,0,0.0,3,5.0,0,155,114,1108.0,3,241.3,1113.0,1996-02-27
00-0033921,C.Godwin,WR,TB,2023,27.51,19,0,1,0.0,0,0.0,4,38.0,1,143,91,1109.0,3,231.7,1147.0,1996-02-27
00-0033921,C.Godwin,WR,TB,2024,28.51,7,0,0,0.0,0,0.0,1,2.0,0,62,50,576.0,5,137.8,578.0,1996-02-27
00-0033215,C.Grayson,WR,TB,2019,25.74,1,0,0,0.0,0,0.0,0,0.0,0,1,1,3.0,0,1.3,3.0,1993-12-05
00-0033215,C.Grayson,WR,TB,2020,26.74,2,0,0,0.0,0,0.0,0,0.0,0,3,0,0.0,0,0.0,0.0,1993-12-05
00-0033215,C.Grayson,WR,TB,2021,27.74,3,0,0,0.0,0,0.0,1,14.0,0,12,10,212.0,2,44.6,226.0,1993-12-05
00-0033840,C.Hansen,WR,HOU,2020,25.62,5,0,0,0.0,0,0.0,0,0.0,0,24,17,236.0,1,46.600002,236.0,1995-01-18
00-0028237,C.Hogan,WR,CAR,2019,31.86,7,0,0,0.0,0,0.0,0,0.0,0,15,8,67.0,0,14.7,67.0,1987-10-24
00-0028237,C.Hogan,WR,NYJ,2020,32.86,5,0,0,0.0,0,0.0,0,0.0,0,26,14,118.0,0,25.8,118.0,1987-10-24
00-0028237,C.Hogan,WR,NO,2021,33.86,5,0,0,0.0,0,0.0,0,0.0,0,8,4,41.0,1,14.1,41.0,1987-10-24
00-0033386,C.Hollister,WR,TEN,2019,25.79,1,0,0,0.0,0,0.0,0,0.0,0,2,2,13.0,0,3.3,13.0,1993-11-18
00-0033386,C.Hollister,WR,TEN,2020,26.79,1,0,0,0.0,0,0.0,0,0.0,0,1,1,12.0,0,2.2,12.0,1993-11-18
00-0033386,C.Hollister,WR,TEN,2021,27.79,3,0,0,0.0,0,0.0,0,0.0,0,7,4,33.0,0,7.2999997,33.0,1993-11-18
00-0033386,C.Hollister,WR,TEN,2022,28.79,4,0,0,0.0,0,0.0,0,0.0,0,5,3,54.0,0,8.4,54.0,1993-11-18
00-0036254,C.Johnson,WR,JAX,2020,22.94,10,0,0,0.0,0,0.0,0,0.0,0,31,18,272.0,2,59.2,272.0,1997-09-23
00-0036254,C.Johnson,WR,NYG,2021,23.94,7,0,0,0.0,0,0.0,0,0.0,0,21,11,105.0,0,21.5,105.0,1997-09-23
00-0036810,C.Johnson,WR,SEA,2022,24.39,3,0,0,0.0,0,0.0,0,0.0,0,7,5,60.0,0,11.0,60.0,1998-04-10
00-0036254,C.Johnson,WR,CHI,2023,25.94,1,0,0,0.0,0,0.0,0,0.0,0,1,1,11.0,0,2.1,11.0,1997-09-23
00-0036254,C.Johnson,WR,CHI,2024,26.94,2,0,0,0.0,0,0.0,0,0.0,0,2,1,6.0,0,1.6,6.0,1997-09-23
00-0038576,C.Jones,WR,CIN,2023,24.84,5,0,0,0.0,0,0.0,2,13.0,0,9,7,64.0,0,20.7,77.0,1998-10-29
00-0038576,C.Jones,WR,CIN,2024,25.84,2,0,0,0.0,0,0.0,0,0.0,0,1,1,5.0,0,7.5,5.0,1998-10-29
00-0034775,C.Kirk,WR,ARI,2019,22.79,13,0,0,0.0,0,0.0,10,93.0,0,107,67,708.0,3,167.09999,801.0,1996-11-18
00-0034775,C.Kirk,WR,ARI,2020,23.79,14,0,0,0.0,0,0.0,2,3.0,0,79,48,621.0,6,146.4,624.0,1996-11-18
00-0034775,C.Kirk,WR,ARI,2021,24.79,18,1,1,33.0,0,0.0,1,11.0,0,114,83,1033.0,5,218.72,1044.0,1996-11-18
00-0034775,C.Kirk,WR,JAX,2022,25.79,19,0,1,0.0,0,0.0,6,29.0,0,161,99,1238.0,10,285.7,1267.0,1996-11-18
00-0034775,C.Kirk,WR,JAX,2023,26.79,12,1,2,-1.0,0,0.0,1,6.0,0,85,57,787.0,3,150.26,793.0,1996-11-18
00-0034775,C.Kirk,WR,JAX,2024,27.79,8,0,0,0.0,0,0.0,0,0.0,0,47,27,379.0,1,70.9,379.0,1996-11-18
00-0033908,C.Kupp,WR,LA,2019,26.21,16,0,1,0.0,0,0.0,2,4.0,0,134,94,1161.0,10,270.5,1165.0,1993-06-15
00-0033908,C.Kupp,WR,LA,2020,27.21,16,0,0,0.0,0,0.0,4,33.0,0,133,96,1052.0,3,222.5,1085.0,1993-06-15
00-0033908,C.Kupp,WR,LA,2021,28.21,21,0,2,0.0,0,0.0,6,23.0,0,233,178,2425.0,22,554.8,2448.0,1993-06-15
00-0033908,C.Kupp,WR,LA,2022,29.21,9,0,1,0.0,0,0.0,9,52.0,1,98,75,812.0,6,201.4,864.0,1993-06-15
00-0033908,C.Kupp,WR,LA,2023,30.21,13,0,0,0.0,0,0.0,1,-3.0,0,104,64,764.0,5,172.1,761.0,1993-06-15
00-0033908,C.Kupp,WR,LA,2024,31.21,14,0,0,0.0,0,0.0,2,10.0,0,108,73,800.0,6,190.0,810.0,1993-06-15
00-0034593,C.Lacy,WR,DET,2019,23.59,3,0,0,0.0,0,0.0,0,0.0,0,10,3,60.0,0,9.0,60.0,1996-01-28
00-0036358,C.Lamb,WR,DAL,2020,21.4,16,0,0,0.0,0,0.0,10,82.0,1,111,74,935.0,5,217.7,1017.0,1999-04-08
00-0036358,C.Lamb,WR,DAL,2021,22.4,17,0,0,0.0,0,0.0,10,81.0,0,125,80,1123.0,6,236.4,1204.0,1999-04-08
00-0036358,C.Lamb,WR,DAL,2022,23.4,19,0,0,0.0,0,0.0,12,53.0,0,175,121,1544.0,10,340.7,1597.0,1999-04-08
00-0036358,C.Lamb,WR,DAL,2023,24.4,18,0,0,0.0,0,0.0,15,118.0,2,198,144,1859.0,12,425.7,1977.0,1999-04-08
00-0036358,C.Lamb,WR,DAL,2024,25.4,15,0,0,0.0,0,0.0,14,70.0,0,152,101,1194.0,6,263.4,1264.0,1999-04-08
00-0031344,C.Latimer,WR,NYG,2019,26.89,13,0,0,0.0,0,0.0,0,0.0,0,42,24,300.0,2,66.0,300.0,1992-10-10
00-0032398,C.Moore,WR,BAL,2019,26.21,5,0,0,0.0,0,0.0,1,0.0,0,6,3,21.0,0,5.1,21.0,1993-06-16
00-0032398,C.Moore,WR,HOU,2021,28.21,8,0,0,0.0,0,0.0,0,0.0,0,22,21,227.0,2,55.7,227.0,1993-06-16
00-0032398,C.Moore,WR,HOU,2022,29.21,15,0,0,0.0,0,0.0,3,3.0,0,74,48,548.0,2,115.1,551.0,1993-06-16
00-0032398,C.Moore,WR,TEN,2023,30.21,15,0,0,0.0,0,0.0,2,39.0,0,35,22,424.0,0,68.3,463.0,1993-06-16
00-0037239,C.Olave,WR,NO,2022,22.18,15,0,0,0.0,0,0.0,0,0.0,0,119,72,1042.0,4,198.2,1042.0,2000-06-27
00-0037239,C.Olave,WR,NO,2023,23.18,16,0,0,0.0,0,0.0,0,0.0,0,138,87,1123.0,5,231.3,1123.0,2000-06-27
00-0037239,C.Olave,WR,NO,2024,24.18,8,0,0,0.0,0,0.0,1,7.0,0,44,32,400.0,1,76.700005,407.0,2000-06-27
00-0034837,C.Ridley,WR,ATL,2019,24.7,13,0,0,0.0,0,0.0,2,34.0,0,93,63,866.0,7,197.0,900.0,1994-12-20
00-0034837,C.Ridley,WR,ATL,2020,25.7,15,0,0,0.0,0,0.0,5,1.0,0,143,90,1374.0,9,281.5,1375.0,1994-12-20
00-0034837,C.Ridley,WR,ATL,2021,26.7,5,0,0,0.0,0,0.0,0,0.0,0,52,31,281.0,2,71.1,281.0,1994-12-20
00-0034837,C.Ridley,WR,JAX,2023,28.7,17,0,0,0.0,0,0.0,9,23.0,0,136,76,1016.0,8,229.9,1039.0,1994-12-20
00-0034837,C.Ridley,WR,TEN,2024,29.7,17,0,0,0.0,0,0.0,8,55.0,1,120,64,1017.0,4,199.2,1072.0,1994-12-20
00-0032355,C.Rogers,WR,IND,2019,25.64,9,0,0,0.0,0,0.0,1,18.0,0,28,16,179.0,2,47.7,197.0,1994-01-12
00-0032355,C.Rogers,WR,TEN,2021,27.64,17,0,0,0.0,0,0.0,1,9.0,0,45,31,304.0,1,68.3,313.0,1994-01-12
00-0033282,C.Samuel,WR,CAR,2019,23.06,16,0,0,0.0,0,0.0,19,130.0,1,105,54,627.0,6,171.7,757.0,1996-08-11
00-0033282,C.Samuel,WR,CAR,2020,24.06,15,0,0,0.0,0,0.0,41,200.0,2,97,77,851.0,3,212.09999,1051.0,1996-08-11
00-0033282,C.Samuel,WR,WAS,2021,25.06,5,0,0,0.0,0,0.0,4,11.0,0,9,6,27.0,0,9.8,38.0,1996-08-11
00-0033282,C.Samuel,WR,WAS,2022,26.06,17,0,0,0.0,0,0.0,38,187.0,1,92,64,656.0,4,176.3,843.0,1996-08-11
00-0033282,C.Samuel,WR,WAS,2023,27.06,16,0,0,0.0,0,0.0,7,39.0,1,91,62,613.0,4,157.2,652.0,1996-08-11
00-0033282,C.Samuel,WR,BUF,2024,28.06,17,0,0,0.0,0,0.0,5,14.0,0,54,37,334.0,3,89.799995,348.0,1996-08-11
00-0036910,C.Saunders,WR,CAR,2021,24.96,1,0,0,0.0,0,0.0,0,0.0,0,2,2,11.0,0,3.1,11.0,1996-09-15
00-0034104,C.Sims,WR,WAS,2019,23.65,2,0,0,0.0,0,0.0,0,0.0,0,3,2,27.0,0,4.7,27.0,1996-01-06
00-0034104,C.Sims,WR,WAS,2020,24.65,12,0,0,0.0,0,0.0,1,5.0,0,61,39,581.0,1,103.6,586.0,1996-01-06
00-0034104,C.Sims,WR,WAS,2021,25.65,10,0,0,0.0,0,0.0,1,7.0,0,23,15,211.0,2,48.8,218.0,1996-01-06
00-0034104,C.Sims,WR,WAS,2022,26.65,12,0,0,0.0,0,0.0,0,0.0,0,18,8,89.0,0,16.9,89.0,1996-01-06
00-0034348,C.Sutton,WR,DEN,2019,23.89,16,1,1,38.0,0,0.0,3,17.0,0,124,72,1112.0,6,222.42,1129.0,1995-10-10
00-0034348,C.Sutton,WR,DEN,2020,24.89,1,0,0,0.0,0,0.0,0,0.0,0,6,3,66.0,0,9.6,66.0,1995-10-10
00-0034348,C.Sutton,WR,DEN,2021,25.89,17,1,1,16.0,0,0.0,0,0.0,0,98,58,776.0,2,150.24,776.0,1995-10-10
00-0034348,C.Sutton,WR,DEN,2022,26.89,15,0,0,0.0,0,0.0,1,5.0,0,109,64,829.0,2,159.40001,834.0,1995-10-10
00-0034348,C.Sutton,WR,DEN,2023,27.89,16,0,0,0.0,0,0.0,0,0.0,0,90,59,772.0,10,190.2,772.0,1995-10-10
00-0034348,C.Sutton,WR,DEN,2024,28.89,17,2,2,30.0,1,0.0,0,0.0,0,144,86,1156.0,8,252.8,1156.0,1995-10-10
00-0035164,C.Thompson,WR,SEA,2023,27.64,1,0,0,0.0,0,0.0,0,0.0,0,1,1,10.0,0,2.0,10.0,1996-01-11
00-0038979,C.Tillman,WR,CLE,2023,23.37,11,0,0,0.0,0,0.0,1,8.0,0,44,21,224.0,0,44.2,232.0,2000-04-19
00-0038979,C.Tillman,WR,CLE,2024,24.37,9,0,0,0.0,0,0.0,1,-5.0,0,49,29,339.0,3,80.4,334.0,2000-04-19
00-0039394,C.Washington,WR,ATL,2024,23.49,2,0,0,0.0,0,0.0,0,0.0,0,2,1,14.0,0,2.4,14.0,2001-03-06
00-0038124,C.Watson,WR,GB,2022,23.3,14,0,0,0.0,0,0.0,7,80.0,2,66,41,611.0,7,164.1,691.0,1999-05-12
00-0038124,C.Watson,WR,GB,2023,24.3,11,0,0,0.0,0,0.0,4,11.0,0,56,30,442.0,5,105.3,453.0,1999-05-12
00-0038124,C.Watson,WR,GB,2024,25.3,14,0,0,0.0,0,0.0,4,23.0,0,53,29,620.0,2,105.299995,643.0,1999-05-12
00-0035891,C.White,WR,PIT,2021,22.76,3,0,0,0.0,0,0.0,0,0.0,0,6,5,33.0,0,8.3,33.0,1998-11-28
00-0035891,C.White,WR,PIT,2022,23.76,1,0,0,0.0,0,0.0,0,0.0,0,1,1,2.0,0,1.2,2.0,1998-11-28
00-0035891,C.White,WR,SEA,2024,25.76,1,0,0,0.0,0,0.0,0,0.0,0,3,2,44.0,0,6.4,44.0,1998-11-28
00-0033933,C.Williams,WR,IND,2019,24.87,1,0,0,0.0,0,0.0,0,0.0,0,1,0,0.0,0,0.0,0.0,1994-10-19
00-0034418,C.Wilson,WR,DAL,2019,23.78,3,0,0,0.0,0,0.0,0,0.0,0,8,5,46.0,0,9.6,46.0,1995-11-20
00-0034418,C.Wilson,WR,DAL,2020,24.78,10,2,2,23.0,1,0.0,3,-12.0,0,28,17,189.0,2,51.620003,177.0,1995-11-20
00-0034418,C.Wilson,WR,DAL,2021,25.78,15,3,3,88.0,0,0.0,2,11.0,0,71,50,664.0,6,159.02,675.0,1995-11-20
00-0034418,C.Wilson,WR,MIA,2022,26.78,10,0,0,0.0,0,0.0,1,8.0,0,19,13,150.0,0,28.800001,158.0,1995-11-20
00-0034418,C.Wilson,WR,MIA,2023,27.78,12,0,0,0.0,0,0.0,0,0.0,0,45,25,333.0,3,76.3,333.0,1995-11-20
00-0034418,C.Wilson,WR,NO,2024,28.78,10,1,1,21.0,1,0.0,0,0.0,0,27,20,211.0,1,51.940002,211.0,1995-11-20
00-0031381,D.Adams,WR,GB,2019,26.69,14,0,0,0.0,0,0.0,0,0.0,0,149,100,1295.0,7,271.5,1295.0,1992-12-24
00-0031381,D.Adams,WR,GB,2020,27.69,16,0,0,0.0,0,0.0,0,0.0,0,174,133,1507.0,20,401.7,1507.0,1992-12-24
00-0031381,D.Adams,WR,GB,2021,28.69,17,0,0,0.0,0,0.0,0,0.0,0,180,132,1643.0,11,362.30002,1643.0,1992-12-24
00-0031381,D.Adams,WR,LV,2022,29.69,17,0,0,0.0,0,0.0,3,-1.0,0,180,100,1516.0,14,335.5,1515.0,1992-12-24
00-0031381,D.Adams,WR,LV,2023,30.69,17,0,0,0.0,0,0.0,0,0.0,0,175,103,1144.0,8,265.4,1144.0,1992-12-24
00-0031381,D.Adams,WR,NYJ,2024,31.69,14,0,0,0.0,0,0.0,0,0.0,0,141,85,1063.0,8,241.3,1063.0,1992-12-24
00-0026035,D.Amendola,WR,DET,2019,33.83,15,1,1,19.0,1,0.0,0,0.0,0,97,62,678.0,1,140.56,678.0,1985-11-02
00-0026035,D.Amendola,WR,DET,2020,34.83,14,0,0,0.0,0,0.0,1,2.0,0,69,46,602.0,0,106.4,604.0,1985-11-02
00-0026035,D.Amendola,WR,HOU,2021,35.83,8,0,1,0.0,0,0.0,0,0.0,0,38,24,248.0,3,68.8,248.0,1985-11-02
00-0038147,D.Baldwin,WR,CLE,2022,22.77,1,0,0,0.0,0,0.0,0,0.0,0,2,2,25.0,0,4.5,25.0,1999-11-24
00-0037257,D.Bell,WR,CLE,2022,21.72,14,0,0,0.0,0,0.0,0,0.0,0,35,24,214.0,0,45.4,214.0,2000-12-14
00-0037257,D.Bell,WR,CLE,2023,22.72,10,0,0,0.0,0,0.0,0,0.0,0,31,22,221.0,3,62.1,221.0,2000-12-14
00-0037257,D.Bell,WR,CLE,2024,23.72,1,0,0,0.0,0,0.0,0,0.0,0,3,3,27.0,0,5.7,27.0,2000-12-14
00-0036626,D.Brown,WR,WAS,2021,21.83,9,0,0,0.0,0,0.0,1,-4.0,0,25,12,165.0,0,28.1,161.0,1999-11-01
00-0036626,D.Brown,WR,WAS,2022,22.83,7,0,0,0.0,0,0.0,1,15.0,0,14,5,143.0,2,32.8,158.0,1999-11-01
00-0036626,D.Brown,WR,WAS,2023,23.83,13,1,1,4.0,0,0.0,1,0.0,0,23,12,168.0,1,34.96,168.0,1999-11-01
00-0036626,D.Brown,WR,WAS,2024,24.83,18,0,1,0.0,0,0.0,3,26.0,0,58,44,537.0,2,108.3,563.0,1999-11-01
00-0027902,D.Bryant,WR,BAL,2020,31.83,6,0,0,0.0,0,0.0,0,0.0,0,13,6,47.0,2,22.7,47.0,1988-11-04
00-0034653,D.Burnett,WR,PHI,2019,21.91,2,0,0,0.0,0,0.0,0,0.0,0,5,3,53.0,0,8.3,53.0,1997-10-04
00-0034653,D.Burnett,WR,PHI,2020,22.91,1,0,0,0.0,0,0.0,0,0.0,0,4,3,19.0,0,4.9,19.0,1997-10-04
00-0031868,D.Byrd,WR,ARI,2019,26.6,11,0,0,0.0,0,0.0,0,0.0,0,46,32,359.0,1,71.9,359.0,1993-01-27
00-0031868,D.Byrd,WR,NE,2020,27.6,14,0,0,0.0,0,0.0,2,15.0,0,77,47,604.0,1,114.9,619.0,1993-01-27
00-0031868,D.Byrd,WR,CHI,2021,28.6,11,0,0,0.0,0,0.0,0,0.0,0,38,26,329.0,1,66.9,329.0,1993-01-27
00-0031868,D.Byrd,WR,ATL,2022,29.6,12,0,0,0.0,0,0.0,0,0.0,0,23,13,268.0,2,51.8,268.0,1993-01-27
00-0031868,D.Byrd,WR,ATL,2023,30.6,1,0,0,0.0,0,0.0,0,0.0,0,2,0,0.0,0,0.0,0.0,1993-01-27
00-0034406,D.Cain,WR,IND,2019,23.06,11,0,0,0.0,0,0.0,0,0.0,0,20,9,124.0,0,21.4,124.0,1996-08-09
00-0031763,D.Carter,WR,HOU,2019,26.39,7,0,0,0.0,0,0.0,0,0.0,0,17,13,184.0,0,31.4,184.0,1993-04-10
00-0031763,D.Carter,WR,CHI,2020,27.39,2,0,0,0.0,0,0.0,1,3.0,0,6,4,25.0,0,6.8,28.0,1993-04-10
00-0031763,D.Carter,WR,WAS,2021,28.39,15,0,0,0.0,0,0.0,10,89.0,0,44,24,296.0,3,86.5,385.0,1993-04-10
00-0031763,D.Carter,WR,LAC,2022,29.39,17,0,0,0.0,0,0.0,2,-15.0,0,68,48,555.0,3,118.0,540.0,1993-04-10
00-0031763,D.Carter,WR,LV,2023,30.39,8,0,0,0.0,0,0.0,3,18.0,0,7,4,39.0,0,9.7,57.0,1993-04-10
00-0031763,D.Carter,WR,CHI,2024,31.39,5,0,0,0.0,0,0.0,0,0.0,0,14,9,72.0,0,16.199999,72.0,1993-04-10
00-0034777,D.Chark,WR,JAX,2019,22.94,15,0,0,0.0,0,0.0,2,20.0,0,118,73,1008.0,8,225.8,1028.0,1996-09-23
00-0034777,D.Chark,WR,JAX,2020,23.94,13,0,0,0.0,0,0.0,0,0.0,0,93,53,706.0,5,153.6,706.0,1996-09-23
00-0034777,D.Chark,WR,JAX,2021,24.94,3,0,0,0.0,0,0.0,0,0.0,0,22,7,154.0,2,34.4,154.0,1996-09-23
00-0034777,D.Chark,WR,DET,2022,25.94,11,0,0,0.0,0,0.0,0,0.0,0,52,30,502.0,3,98.2,502.0,1996-09-23
00-0034777,D.Chark,WR,CAR,2023,26.94,14,0,0,0.0,0,0.0,0,0.0,0,66,35,525.0,5,115.5,525.0,1996-09-23
00-0034777,D.Chark,WR,LAC,2024,27.94,5,0,0,0.0,0,0.0,0,0.0,0,14,5,41.0,1,15.1,41.0,1996-09-23
00-0035976,D.Chisena,WR,CAR,2024,27.52,3,0,0,0.0,0,0.0,0,0.0,0,4,3,37.0,0,6.7,37.0,1997-02-25
00-0035101,D.Davis,WR,HOU,2021,24.86,2,0,0,0.0,0,0.0,0,0.0,0,3,1,17.0,0,2.7,17.0,1996-10-23
00-0038573,D.Davis,WR,LAC,2023,22.97,14,0,0,0.0,0,0.0,14,101.0,0,17,15,66.0,0,37.7,167.0,2000-09-11
00-0038573,D.Davis,WR,LAC,2024,23.97,12,0,0,0.0,0,0.0,13,36.0,0,18,14,116.0,2,41.2,152.0,2000-09-11
00-0038621,D.Douglas,WR,NE,2023,22.73,14,0,0,0.0,0,0.0,8,41.0,0,79,49,561.0,0,107.2,602.0,2000-12-08
00-0038621,D.Douglas,WR,NE,2024,23.73,16,0,0,0.0,0,0.0,3,16.0,0,87,66,621.0,3,147.7,637.0,2000-12-08
00-0036331,D.Duvernay,WR,BAL,2020,22.97,14,0,0,0.0,0,0.0,4,70.0,0,26,20,201.0,0,53.100002,271.0,1997-09-12
00-0036331,D.Duvernay,WR,BAL,2021,23.97,15,0,0,0.0,0,0.0,7,50.0,0,47,33,272.0,2,77.2,322.0,1997-09-12
00-0036331,D.Duvernay,WR,BAL,2022,24.97,14,0,0,0.0,0,0.0,12,84.0,1,49,37,407.0,3,116.1,491.0,1997-09-12
00-0036331,D.Duvernay,WR,BAL,2023,25.97,6,0,0,0.0,0,0.0,4,15.0,0,9,4,18.0,0,7.3,33.0,1997-09-12
00-0036331,D.Duvernay,WR,JAX,2024,26.97,10,0,0,0.0,0,0.0,4,3.0,0,16,11,79.0,0,19.2,82.0,1997-09-12
00-0036620,D.Eskridge,WR,SEA,2021,24.44,8,0,0,0.0,0,0.0,4,59.0,0,20,10,64.0,1,28.3,123.0,1997-03-23
00-0036620,D.Eskridge,WR,SEA,2022,25.44,8,0,0,0.0,0,0.0,2,10.0,0,13,7,58.0,0,13.8,68.0,1997-03-23
00-0036620,D.Eskridge,WR,SEA,2023,26.44,3,0,0,0.0,0,0.0,2,5.0,0,1,0,0.0,0,0.5,5.0,1997-03-23
00-0036620,D.Eskridge,WR,MIA,2024,27.44,3,0,0,0.0,0,0.0,0,0.0,0,3,3,44.0,0,7.4,44.0,1997-03-23
00-0036627,D.Fitzpatrick,WR,TEN,2021,23.71,3,0,0,0.0,0,0.0,0,0.0,0,8,5,49.0,1,15.9,49.0,1997-12-17
00-0034395,D.Fountain,WR,IND,2020,24.69,2,0,0,0.0,0,0.0,0,0.0,0,3,2,23.0,0,4.3,23.0,1995-12-22
00-0037828,D.Gray,WR,SF,2022,23.42,5,0,0,0.0,0,0.0,1,9.0,0,7,1,10.0,0,2.9,19.0,1999-04-01
00-0034370,D.Hamilton,WR,DEN,2019,24.48,12,0,0,0.0,0,0.0,0,0.0,0,52,28,297.0,1,63.699997,297.0,1995-03-10
00-0034370,D.Hamilton,WR,DEN,2020,25.48,12,0,0,0.0,0,0.0,0,0.0,0,44,23,293.0,2,62.3,293.0,1995-03-10
00-0028114,D.Harris,WR,LV,2019,31.96,1,0,0,0.0,0,0.0,0,0.0,0,1,1,7.0,0,1.7,7.0,1987-09-16
00-0035848,D.Harris,WR,IND,2020,22.14,6,0,0,0.0,0,0.0,6,46.0,0,10,10,79.0,0,22.5,125.0,1998-07-12
00-0035215,D.Harty,WR,NO,2019,21.74,9,0,0,0.0,0,0.0,4,31.0,0,7,7,74.0,0,23.5,105.0,1997-12-04
00-0035215,D.Harty,WR,NO,2020,22.74,11,0,0,0.0,0,0.0,7,49.0,0,33,28,268.0,1,65.700005,317.0,1997-12-04
00-0035215,D.Harty,WR,NO,2021,23.74,13,0,0,0.0,0,0.0,5,41.0,0,59,36,570.0,3,115.1,611.0,1997-12-04
00-0035215,D.Harty,WR,NO,2022,24.74,2,0,0,0.0,0,0.0,0,0.0,0,2,2,13.0,0,3.3,13.0,1997-12-04
00-0035215,D.Harty,WR,BUF,2023,25.74,14,0,0,0.0,0,0.0,4,0.0,0,23,17,187.0,1,47.7,187.0,1997-12-04
00-0030564,D.Hopkins,WR,HOU,2019,27.24,17,1,2,6.0,1,1.0,2,18.0,0,172,119,1373.0,7,304.34,1391.0,1992-06-06
00-0030564,D.Hopkins,WR,ARI,2020,28.24,16,0,0,0.0,0,0.0,1,1.0,0,160,115,1407.0,6,287.80002,1408.0,1992-06-06
00-0030564,D.Hopkins,WR,ARI,2021,29.24,10,0,0,0.0,0,0.0,0,0.0,0,64,42,572.0,8,147.2,572.0,1992-06-06
00-0030564,D.Hopkins,WR,ARI,2022,30.24,9,0,0,0.0,0,0.0,0,0.0,0,96,64,717.0,3,151.7,717.0,1992-06-06
00-0030564,D.Hopkins,WR,TEN,2023,31.24,17,0,1,0.0,0,0.0,2,9.0,0,137,75,1057.0,7,223.6,1066.0,1992-06-06
00-0030564,D.Hopkins,WR,KC,2024,32.24,19,0,0,0.0,0,0.0,0,0.0,0,88,59,639.0,6,160.9,639.0,1992-06-06
00-0037570,D.Houston,WR,DAL,2022,23.36,2,0,0,0.0,0,0.0,0,0.0,0,6,2,16.0,0,3.6,16.0,1999-04-24
00-0028411,D.Inman,WR,LAC,2019,30.59,7,0,0,0.0,0,0.0,0,0.0,0,21,12,181.0,0,30.1,181.0,1989-01-31
00-0028411,D.Inman,WR,WAS,2020,31.59,7,0,0,0.0,0,0.0,0,0.0,0,28,18,163.0,2,46.3,163.0,1989-01-31
00-0026189,D.Jackson,WR,PHI,2019,32.75,2,0,0,0.0,0,0.0,0,0.0,0,10,9,159.0,2,36.9,159.0,1986-12-01
00-0026189,D.Jackson,WR,PHI,2020,33.75,5,0,0,0.0,0,0.0,1,12.0,0,26,14,236.0,1,44.8,248.0,1986-12-01
00-0026189,D.Jackson,WR,LV,2021,34.75,15,0,0,0.0,0,0.0,1,4.0,0,36,21,480.0,2,79.4,484.0,1986-12-01
00-0026189,D.Jackson,WR,BAL,2022,35.75,7,0,0,0.0,0,0.0,0,0.0,0,17,9,153.0,0,24.3,153.0,1986-12-01
00-0031972,D.Jennings,WR,TEN,2019,27.18,5,0,0,0.0,0,0.0,0,0.0,0,6,2,17.0,0,3.6999998,17.0,1992-06-28
00-0035216,D.Johnson,WR,PIT,2019,23.16,16,0,0,0.0,0,0.0,4,41.0,0,92,59,680.0,5,165.1,721.0,1996-07-05
00-0035216,D.Johnson,WR,PIT,2020,24.16,16,0,0,0.0,0,0.0,3,15.0,0,160,99,1040.0,7,246.5,1055.0,1996-07-05
00-0035216,D.Johnson,WR,PIT,2021,25.16,17,0,0,0.0,0,0.0,5,53.0,0,179,112,1195.0,9,288.80002,1248.0,1996-07-05
00-0035216,D.Johnson,WR,PIT,2022,26.16,17,0,0,0.0,0,0.0,7,25.0,0,147,86,882.0,0,180.7,907.0,1996-07-05
00-0035216,D.Johnson,WR,PIT,2023,27.16,14,0,0,0.0,0,0.0,0,0.0,0,94,55,765.0,6,167.5,765.0,1996-07-05
00-0035216,D.Johnson,WR,CAR,2024,28.16,12,0,0,0.0,0,0.0,2,6.0,0,68,34,387.0,3,91.299995,393.0,1996-07-05
00-0037238,D.London,WR,ATL,2022,21.11,17,0,0,0.0,0,0.0,0,0.0,0,117,72,866.0,4,178.6,866.0,2001-07-24
00-0037238,D.London,WR,ATL,2023,22.11,16,1,1,22.0,0,0.0,0,0.0,0,110,69,905.0,2,174.38,905.0,2001-07-24
00-0037238,D.London,WR,ATL,2024,23.11,17,0,0,0.0,0,0.0,1,-3.0,0,158,100,1271.0,9,280.8,1268.0,2001-07-24
00-0035640,D.Metcalf,WR,SEA,2019,21.72,18,0,0,0.0,0,0.0,2,11.0,0,114,69,1119.0,8,226.0,1130.0,1997-12-14
00-0035640,D.Metcalf,WR,SEA,2020,22.72,17,0,0,0.0,0,0.0,0,0.0,0,140,88,1399.0,12,299.9,1399.0,1997-12-14
00-0035640,D.Metcalf,WR,SEA,2021,23.72,17,0,0,0.0,0,0.0,1,6.0,0,129,75,967.0,12,244.3,973.0,1997-12-14
00-0035640,D.Metcalf,WR,SEA,2022,24.72,18,0,0,0.0,0,0.0,0,0.0,0,154,100,1184.0,8,262.4,1184.0,1997-12-14
00-0035640,D.Metcalf,WR,SEA,2023,25.72,16,0,0,0.0,0,0.0,0,0.0,0,119,66,1114.0,8,225.4,1114.0,1997-12-14
00-0035640,D.Metcalf,WR,SEA,2024,26.72,15,0,0,0.0,0,0.0,0,0.0,0,108,66,992.0,5,191.2,992.0,1997-12-14
00-0036671,D.Milne,WR,WAS,2021,22.19,9,0,0,0.0,0,0.0,1,1.0,0,14,9,83.0,0,15.4,84.0,1999-06-23
00-0036671,D.Milne,WR,WAS,2022,23.19,7,0,0,0.0,0,0.0,0,0.0,0,7,6,37.0,1,15.7,37.0,1999-06-23
00-0036255,D.Mims,WR,NYJ,2020,22.89,9,0,0,0.0,0,0.0,0,0.0,0,44,23,357.0,0,60.7,357.0,1997-10-10
00-0036255,D.Mims,WR,NYJ,2021,23.89,10,0,0,0.0,0,0.0,0,0.0,0,23,8,133.0,0,21.3,133.0,1997-10-10
00-0036255,D.Mims,WR,NYJ,2022,24.89,9,0,0,0.0,0,0.0,0,0.0,0,25,11,186.0,0,29.6,186.0,1997-10-10
00-0031339,D.Moncrief,WR,PIT,2019,26.07,4,0,0,0.0,0,0.0,0,0.0,0,15,4,18.0,0,5.8,18.0,1993-08-06
00-0031339,D.Moncrief,WR,NE,2020,27.07,2,0,0,0.0,0,0.0,1,4.0,0,2,1,15.0,0,2.9,19.0,1993-08-06
00-0035045,D.Montgomery,WR,NYJ,2021,24.79,1,0,0,0.0,0,0.0,0,0.0,0,6,3,36.0,0,6.6,36.0,1996-11-17
00-0035045,D.Montgomery,WR,IND,2023,26.79,2,0,0,0.0,0,0.0,0,0.0,0,8,3,56.0,1,14.6,56.0,1996-11-17
00-0036309,D.Mooney,WR,CHI,2020,22.84,16,0,0,0.0,0,0.0,4,20.0,0,98,61,631.0,4,152.1,651.0,1997-10-29
00-0036309,D.Mooney,WR,CHI,2021,23.84,17,0,0,0.0,0,0.0,6,32.0,1,140,81,1055.0,4,219.7,1087.0,1997-10-29
00-0036309,D.Mooney,WR,CHI,2022,24.84,11,0,0,0.0,0,0.0,1,2.0,0,61,40,493.0,2,101.5,495.0,1997-10-29
00-0036309,D.Mooney,WR,CHI,2023,25.84,14,0,0,0.0,0,0.0,2,5.0,0,61,31,414.0,1,78.9,419.0,1997-10-29
00-0036309,D.Mooney,WR,ATL,2024,26.84,16,0,1,0.0,0,0.0,0,0.0,0,106,64,992.0,5,193.2,992.0,1997-10-29
00-0033589,D.Moore,WR,SEA,2019,24.63,15,0,0,0.0,0,0.0,4,31.0,0,38,19,358.0,2,67.9,389.0,1995-01-15
00-0034827,D.Moore,WR,CAR,2019,22.38,15,0,0,0.0,0,0.0,6,40.0,0,135,87,1175.0,4,230.5,1215.0,1997-04-14
00-0033589,D.Moore,WR,SEA,2020,25.63,17,0,0,0.0,0,0.0,9,65.0,0,48,36,418.0,6,120.3,483.0,1995-01-15
00-0034827,D.Moore,WR,CAR,2020,23.38,15,0,1,0.0,0,0.0,2,22.0,0,118,66,1193.0,4,211.5,1215.0,1997-04-14
00-0033589,D.Moore,WR,DEN,2021,26.63,1,0,0,0.0,0,0.0,0,0.0,0,2,0,0.0,0,0.0,0.0,1995-01-15
00-0034827,D.Moore,WR,CAR,2021,24.38,17,0,0,0.0,0,0.0,8,48.0,0,163,93,1157.0,4,237.5,1205.0,1997-04-14
00-0034827,D.Moore,WR,CAR,2022,25.38,17,0,0,0.0,0,0.0,10,53.0,0,118,63,888.0,7,199.1,941.0,1997-04-14
00-0033589,D.Moore,WR,TB,2023,28.63,8,0,0,0.0,0,0.0,0,0.0,0,11,8,171.0,2,37.100002,171.0,1995-01-15
00-0034827,D.Moore,WR,CHI,2023,26.38,17,0,0,0.0,0,0.0,4,21.0,1,136,96,1364.0,8,286.5,1385.0,1997-04-14
00-0033589,D.Moore,WR,CAR,2024,29.63,14,0,0,0.0,0,0.0,1,0.0,0,57,32,351.0,3,85.1,351.0,1995-01-15
00-0034827,D.Moore,WR,CHI,2024,27.38,17,0,1,0.0,0,0.0,14,75.0,0,140,98,966.0,6,238.1,1041.0,1997-04-14
00-0036907,D.Newsome,WR,CHI,2021,22.3,3,0,0,0.0,0,0.0,0,0.0,0,5,2,23.0,0,4.3,23.0,1999-05-15
00-0031547,D.Parker,WR,MIA,2019,26.62,16,0,0,0.0,0,0.0,0,0.0,0,128,72,1202.0,9,246.2,1202.0,1993-01-20
00-0031547,D.Parker,WR,MIA,2020,27.62,14,0,0,0.0,0,0.0,0,0.0,0,103,63,793.0,4,166.3,793.0,1993-01-20
00-0031547,D.Parker,WR,MIA,2021,28.62,9,0,0,0.0,0,0.0,0,0.0,0,73,40,515.0,2,103.5,515.0,1993-01-20
00-0031547,D.Parker,WR,NE,2022,29.62,12,0,0,0.0,0,0.0,0,0.0,0,47,31,539.0,3,102.9,539.0,1993-01-20
00-0031547,D.Parker,WR,NE,2023,30.62,13,0,0,0.0,0,0.0,0,0.0,0,55,33,394.0,0,72.4,394.0,1993-01-20
00-0036228,D.Patmon,WR,IND,2021,23.07,4,0,0,0.0,0,0.0,0,0.0,0,4,2,21.0,1,10.099999,21.0,1998-08-06
00-0036228,D.Patmon,WR,IND,2022,24.07,1,0,0,0.0,0,0.0,0,0.0,0,6,2,24.0,0,4.4,24.0,1998-08-06
00-0036233,D.Peoples-Jones,WR,CLE,2020,21.54,9,0,0,0.0,0,0.0,0,0.0,0,23,16,335.0,2,63.5,335.0,1999-02-19
00-0036233,D.Peoples-Jones,WR,CLE,2021,22.54,13,0,0,0.0,0,0.0,0,0.0,0,58,34,597.0,3,109.7,597.0,1999-02-19
00-0036233,D.Peoples-Jones,WR,CLE,2022,23.54,17,0,0,0.0,0,0.0,1,2.0,0,96,61,839.0,3,167.1,841.0,1999-02-19
00-0036233,D.Peoples-Jones,WR,CLE,2023,24.54,12,0,0,0.0,0,0.0,0,0.0,0,25,13,155.0,0,28.5,155.0,1999-02-19
00-0034860,D.Pettis,WR,SF,2019,23.86,9,1,1,16.0,0,0.0,0,0.0,0,24,11,109.0,2,34.54,109.0,1995-10-23
00-0034860,D.Pettis,WR,NYG,2020,24.86,3,0,0,0.0,0,0.0,0,0.0,0,6,4,76.0,1,17.6,76.0,1995-10-23
00-0034860,D.Pettis,WR,NYG,2021,25.86,2,1,1,16.0,0,0.0,0,0.0,0,16,10,87.0,1,25.34,87.0,1995-10-23
00-0034860,D.Pettis,WR,CHI,2022,26.86,14,0,0,0.0,0,0.0,2,37.0,0,41,19,245.0,3,65.200005,282.0,1995-10-23
00-0034860,D.Pettis,WR,NO,2024,28.86,8,0,0,0.0,0,0.0,0,0.0,0,28,12,120.0,1,32.0,120.0,1995-10-23
00-0034273,D.Ratley,WR,CLE,2019,24.38,9,0,0,0.0,0,0.0,0,0.0,0,24,12,200.0,1,38.0,200.0,1995-04-16
00-0034273,D.Ratley,WR,NYG,2020,25.38,5,0,0,0.0,0,0.0,0,0.0,0,10,4,63.0,0,10.3,63.0,1995-04-16
00-0032775,D.Robinson,WR,KC,2019,24.95,17,0,0,0.0,0,0.0,0,0.0,0,61,35,484.0,4,107.4,484.0,1994-09-21
00-0032775,D.Robinson,WR,KC,2020,25.95,17,0,0,0.0,0,0.0,0,0.0,0,64,47,491.0,3,112.1,491.0,1994-09-21
00-0032775,D.Robinson,WR,KC,2021,26.95,17,0,0,0.0,0,0.0,0,0.0,0,50,29,340.0,3,81.0,340.0,1994-09-21
00-0032775,D.Robinson,WR,BAL,2022,27.95,17,0,0,0.0,0,0.0,0,0.0,0,78,50,507.0,3,116.7,507.0,1994-09-21
00-0032775,D.Robinson,WR,LA,2023,28.95,9,0,0,0.0,0,0.0,1,23.0,0,45,29,415.0,4,94.8,438.0,1994-09-21
00-0032775,D.Robinson,WR,LA,2024,29.95,19,0,0,0.0,0,0.0,0,0.0,0,73,35,602.0,7,137.2,602.0,1994-09-21
00-0035719,D.Samuel,WR,SF,2019,23.63,18,0,0,0.0,0,0.0,20,261.0,3,99,67,929.0,3,222.0,1190.0,1996-01-15
00-0035719,D.Samuel,WR,SF,2020,24.63,7,0,0,0.0,0,0.0,8,26.0,0,44,33,391.0,1,80.700005,417.0,1996-01-15
00-0035719,D.Samuel,WR,SF,2021,25.63,19,1,2,24.0,1,0.0,86,502.0,9,135,87,1559.0,7,390.06,2061.0,1996-01-15
00-0035719,D.Samuel,WR,SF,2022,26.63,16,0,0,0.0,0,0.0,55,266.0,3,116,69,843.0,3,209.90001,1109.0,1996-01-15
00-0035719,D.Samuel,WR,SF,2023,27.63,18,0,1,0.0,0,0.0,43,240.0,5,111,73,1038.0,7,272.8,1278.0,1996-01-15
00-0035719,D.Samuel,WR,SF,2024,28.63,14,0,0,0.0,0,0.0,42,136.0,1,81,51,670.0,3,155.6,806.0,1996-01-15
00-0034256,D.Scott,WR,NYG,2019,24.07,2,0,0,0.0,0,0.0,1,5.0,0,3,2,22.0,0,4.7,27.0,1995-08-08
00-0035181,D.Shepherd,WR,GB,2019,23.83,1,0,0,0.0,0,0.0,0,0.0,0,2,1,1.0,0,1.1,1.0,1995-11-01
00-0035181,D.Shepherd,WR,GB,2020,24.83,6,0,0,0.0,0,0.0,0,0.0,0,8,5,46.0,0,9.599999,46.0,1995-11-01
00-0035359,D.Sills,WR,NYG,2021,25.26,4,0,0,0.0,0,0.0,0,0.0,0,6,2,17.0,0,3.7,17.0,1996-05-29
00-0035359,D.Sills,WR,NYG,2021,26.26,4,0,0,0.0,0,0.0,0,0.0,0,6,2,17.0,0,3.7,17.0,1995-05-29
00-0035359,D.Sills,WR,NYG,2022,26.26,7,0,0,0.0,0,0.0,0,0.0,0,17,11,106.0,0,21.6,106.0,1996-05-29
00-0035359,D.Sills,WR,NYG,2022,27.26,7,0,0,0.0,0,0.0,0,0.0,0,17,11,106.0,0,21.6,106.0,1995-05-29
00-0035535,D.Slayton,WR,NYG,2019,22.64,14,0,0,0.0,0,0.0,0,0.0,0,84,48,740.0,8,170.0,740.0,1997-01-12
00-0035535,D.Slayton,WR,NYG,2020,23.64,16,0,0,0.0,0,0.0,2,-1.0,0,96,50,751.0,3,141.0,750.0,1997-01-12
00-0035535,D.Slayton,WR,NYG,2021,24.64,13,0,0,0.0,0,0.0,1,-13.0,0,58,26,339.0,2,68.6,326.0,1997-01-12
00-0035535,D.Slayton,WR,NYG,2022,25.64,15,0,0,0.0,0,0.0,1,3.0,0,84,51,816.0,2,142.9,819.0,1997-01-12
00-0035535,D.Slayton,WR,NYG,2023,26.64,17,0,0,0.0,0,0.0,0,0.0,0,79,50,770.0,4,151.0,770.0,1997-01-12
00-0035535,D.Slayton,WR,NYG,2024,27.64,16,0,0,0.0,0,0.0,2,17.0,0,71,39,573.0,2,110.0,590.0,1997-01-12
00-0031934,D.Smith,WR,DAL,2019,27.5,3,0,0,0.0,0,0.0,0,0.0,0,9,5,113.0,1,22.3,113.0,1992-03-03
00-0031934,D.Smith,WR,JAX,2021,29.5,1,0,0,0.0,0,0.0,0,0.0,0,1,0,0.0,0,0.0,0.0,1992-03-03
00-0036912,D.Smith,WR,PHI,2021,22.8,18,0,0,0.0,0,0.0,0,0.0,0,115,68,976.0,5,197.6,976.0,1998-11-14
00-0036912,D.Smith,WR,PHI,2022,23.8,20,0,0,0.0,0,0.0,0,0.0,0,158,110,1393.0,8,295.3,1393.0,1998-11-14
00-0036912,D.Smith,WR,PHI,2023,24.8,17,0,0,0.0,0,0.0,0,0.0,0,124,89,1214.0,7,250.4,1214.0,1998-11-14
00-0036912,D.Smith,WR,PHI,2024,25.8,17,0,0,0.0,0,0.0,1,1.0,0,106,84,1023.0,9,240.4,1024.0,1998-11-14
00-0031319,D.Spencer,WR,DEN,2019,27.45,7,0,0,0.0,0,0.0,3,6.0,0,8,6,31.0,0,7.7,37.0,1992-03-19
00-0031319,D.Spencer,WR,DEN,2020,28.45,5,0,0,0.0,0,0.0,3,19.0,0,6,3,26.0,0,13.5,45.0,1992-03-19
00-0031319,D.Spencer,WR,DEN,2021,29.45,4,0,0,0.0,0,0.0,0,0.0,0,4,1,-3.0,0,0.7,-3.0,1992-03-19
00-0027874,D.Thomas,WR,NYJ,2019,31.69,11,0,0,0.0,0,0.0,0,0.0,0,58,36,433.0,1,85.299995,433.0,1987-12-25
00-0031060,D.Thomas,WR,KC,2019,26.66,3,0,0,0.0,0,0.0,2,5.0,0,2,1,6.0,0,2.1000001,11.0,1993-01-05
00-0037487,D.Thompkins,WR,TB,2022,22.69,2,0,0,0.0,0,0.0,2,26.0,0,10,5,32.0,0,10.799999,58.0,1999-12-23
00-0037487,D.Thompkins,WR,TB,2023,23.69,14,0,0,0.0,0,0.0,9,66.0,0,27,18,87.0,1,37.3,153.0,1999-12-23
00-0037487,D.Thompkins,WR,CAR,2024,24.69,4,0,0,0.0,0,0.0,2,7.0,0,4,4,20.0,0,6.7000003,27.0,1999-12-23
00-0036527,D.Turner,WR,LV,2022,25.62,2,0,0,0.0,0,0.0,4,26.0,0,1,0,0.0,0,2.6,26.0,1997-01-18
00-0036527,D.Turner,WR,LV,2024,27.62,10,0,0,0.0,0,0.0,5,33.0,1,29,16,158.0,1,47.1,191.0,1997-01-18
00-0039424,D.Vele,WR,DEN,2024,26.72,14,0,0,0.0,0,0.0,0,0.0,0,57,41,475.0,3,106.5,475.0,1997-12-12
00-0039792,D.Walker,WR,BAL,2024,23.2,2,0,0,0.0,0,0.0,0,0.0,0,3,1,21.0,1,9.1,21.0,2001-06-19
00-0033839,D.Westbrook,WR,JAX,2019,25.78,15,0,0,0.0,0,0.0,5,27.0,0,101,66,660.0,3,156.7,687.0,1993-11-21
00-0033839,D.Westbrook,WR,JAX,2020,26.78,1,0,0,0.0,0,0.0,0,0.0,0,1,1,4.0,0,1.4,4.0,1993-11-21
00-0033839,D.Westbrook,WR,MIN,2021,27.78,8,0,0,0.0,0,0.0,0,0.0,0,15,10,68.0,0,16.800001,68.0,1993-11-21
00-0031511,D.White,WR,CAR,2019,27.88,3,0,0,0.0,0,0.0,0,0.0,0,9,4,51.0,0,9.1,51.0,1991-10-16
00-0038393,D.Wicks,WR,GB,2023,22.21,17,1,1,14.0,0,0.0,1,1.0,0,62,41,606.0,5,130.26,607.0,2001-06-16
00-0038393,D.Wicks,WR,GB,2024,23.21,18,0,0,0.0,0,0.0,0,0.0,0,82,41,454.0,5,116.4,454.0,2001-06-16
00-0032945,D.Williams,WR,BUF,2019,26.3,5,0,0,0.0,0,0.0,0,0.0,0,29,16,215.0,1,43.5,215.0,1993-05-13
00-0035401,D.Willis,WR,CIN,2019,22.2,7,0,0,0.0,0,0.0,0,0.0,0,16,9,82.0,0,17.2,82.0,1997-06-20
00-0037093,D.Young,WR,SEA,2022,23.24,2,0,0,0.0,0,0.0,0,0.0,0,3,3,35.0,0,6.5,35.0,1999-06-04
00-0037093,D.Young,WR,SEA,2024,25.24,1,0,0,0.0,0,0.0,0,0.0,0,1,0,0.0,0,0.0,0.0,1999-06-04
00-0038667,E.Cooks,WR,JAX,2023,24.89,2,0,0,0.0,0,0.0,0,0.0,0,4,3,38.0,0,6.8,38.0,1998-10-13
00-0038092,E.Ezukanma,WR,MIA,2022,22.6,1,0,0,0.0,0,0.0,0,0.0,0,1,1,3.0,0,1.3,3.0,2000-01-25
00-0038092,E.Ezukanma,WR,MIA,2023,23.6,2,0,0,0.0,0,0.0,5,22.0,0,1,0,0.0,0,2.2,22.0,2000-01-25
00-0038092,E.Ezukanma,WR,MIA,2024,24.6,1,0,0,0.0,0,0.0,0,0.0,0,2,0,0.0,0,0.0,0.0,2000-01-25
00-0036980,E.Moore,WR,NYJ,2021,21.43,11,0,0,0.0,0,0.0,5,54.0,1,77,43,538.0,5,138.2,592.0,2000-03-27
00-0036980,E.Moore,WR,NYJ,2022,22.43,14,0,0,0.0,0,0.0,5,5.0,0,65,37,446.0,1,88.1,451.0,2000-03-27
00-0036980,E.Moore,WR,CLE,2023,23.43,17,0,0,0.0,0,0.0,9,11.0,0,106,61,652.0,2,135.3,663.0,2000-03-27
00-0036980,E.Moore,WR,CLE,2024,24.43,17,0,0,0.0,0,0.0,1,1.0,0,102,61,538.0,1,120.9,539.0,2000-03-27
00-0027685,E.Sanders,WR,SF,2019,32.46,20,1,1,35.0,1,0.0,0,0.0,0,105,71,940.0,5,202.4,940.0,1987-03-17
00-0027685,E.Sanders,WR,NO,2020,33.46,16,0,0,0.0,0,0.0,1,12.0,0,94,69,777.0,5,177.9,789.0,1987-03-17
00-0027685,E.Sanders,WR,BUF,2021,34.46,16,0,0,0.0,0,0.0,2,31.0,0,76,45,678.0,5,145.9,709.0,1987-03-17
00-0034279,E.St. Brown,WR,GB,2020,23.92,10,0,0,0.0,0,0.0,1,7.0,0,16,9,154.0,1,31.1,161.0,1996-09-30
00-0034279,E.St. Brown,WR,GB,2021,24.92,10,0,0,0.0,0,0.0,4,15.0,0,17,9,98.0,0,20.3,113.0,1996-09-30
00-0034279,E.St. Brown,WR,CHI,2022,25.92,16,0,0,0.0,0,0.0,6,54.0,0,38,21,323.0,1,62.7,377.0,1996-09-30
00-0034279,E.St. Brown,WR,CHI,2023,26.92,5,0,0,0.0,0,0.0,0,0.0,0,6,5,62.0,0,11.2,62.0,1996-09-30
00-0036080,E.Winston,WR,NO,2021,24.71,1,0,0,0.0,0,0.0,0,0.0,0,1,1,5.0,0,1.5,5.0,1996-12-17
00-0033994,F.Brown,WR,DEN,2019,25.75,2,0,0,0.0,0,0.0,0,0.0,0,3,2,21.0,0,4.1,21.0,1993-12-01
00-0036951,F.Darby,WR,ATL,2021,23.98,2,0,0,0.0,0,0.0,0,0.0,0,4,1,14.0,0,2.4,14.0,1997-09-08
00-0036951,F.Darby,WR,ATL,2022,24.98,1,0,0,0.0,0,0.0,0,0.0,0,1,1,15.0,0,2.5,15.0,1997-09-08
00-0036247,F.Swain,WR,SEA,2020,22.08,13,0,0,0.0,0,0.0,0,0.0,0,22,14,187.0,2,44.7,187.0,1998-08-04
00-0036247,F.Swain,WR,SEA,2021,23.08,16,0,0,0.0,0,0.0,5,32.0,0,40,25,343.0,4,86.5,375.0,1998-08-04
00-0036247,F.Swain,WR,DEN,2022,24.08,3,0,0,0.0,0,0.0,0,0.0,0,6,4,74.0,0,11.4,74.0,1998-08-04
00-0032626,G.Allison,WR,GB,2019,25.62,17,0,0,0.0,0,0.0,1,7.0,0,59,37,306.0,2,80.3,313.0,1994-01-18
00-0032626,G.Allison,WR,DET,2021,27.62,1,0,0,0.0,0,0.0,0,0.0,0,2,0,0.0,0,0.0,0.0,1994-01-18
00-0031953,G.Davis,WR,LAC,2019,27.64,2,0,0,0.0,0,0.0,0,0.0,0,3,3,38.0,0,6.8,38.0,1992-01-10
00-0036196,G.Davis,WR,BUF,2020,21.5,19,0,0,0.0,0,0.0,1,0.0,0,73,39,684.0,7,149.4,684.0,1999-03-01
00-0036196,G.Davis,WR,BUF,2021,22.5,17,0,0,0.0,0,0.0,0,0.0,0,76,45,791.0,11,190.1,791.0,1999-03-01
00-0036196,G.Davis,WR,BUF,2022,23.5,17,0,0,0.0,0,0.0,0,0.0,0,106,56,983.0,8,200.3,983.0,1999-03-01
00-0036196,G.Davis,WR,BUF,2023,24.5,16,0,0,0.0,0,0.0,1,-2.0,0,81,45,746.0,7,161.40001,744.0,1999-03-01
00-0036196,G.Davis,WR,JAX,2024,25.5,9,0,0,0.0,0,0.0,0,0.0,0,42,20,239.0,2,53.9,239.0,1999-03-01
00-0033474,G.Dieter,WR,KC,2020,27.52,1,0,0,0.0,0,0.0,0,0.0,0,2,1,10.0,0,2.0,10.0,1993-02-24
00-0035500,G.Dortch,WR,ARI,2021,23.26,2,0,0,0.0,0,0.0,1,24.0,0,3,3,15.0,0,6.9,39.0,1998-05-29
00-0035500,G.Dortch,WR,ARI,2022,24.26,11,0,0,0.0,0,0.0,7,44.0,0,64,52,467.0,2,115.1,511.0,1998-05-29
00-0035500,G.Dortch,WR,ARI,2023,25.26,9,0,0,0.0,0,0.0,1,5.0,0,41,24,280.0,2,64.5,285.0,1998-05-29
00-0035500,G.Dortch,WR,ARI,2024,26.26,17,0,0,0.0,0,0.0,5,31.0,0,50,37,342.0,3,90.3,373.0,1998-05-29
00-0038507,G.DuBose,WR,MIA,2024,23.2,2,0,0,0.0,0,0.0,0,0.0,0,4,2,11.0,0,3.1,11.0,2001-06-20
00-0035645,G.Olszewski,WR,NE,2019,22.77,2,0,0,0.0,0,0.0,0,0.0,0,4,2,34.0,0,5.4,34.0,1996-11-26
00-0035645,G.Olszewski,WR,NE,2020,23.77,6,0,0,0.0,0,0.0,5,23.0,0,5,5,62.0,1,25.499998,85.0,1996-11-26
00-0035645,G.Olszewski,WR,NE,2021,24.77,4,0,0,0.0,0,0.0,1,9.0,0,3,2,31.0,0,6.0,40.0,1996-11-26
00-0035645,G.Olszewski,WR,PIT,2022,25.77,10,0,0,0.0,0,0.0,8,39.0,0,7,5,53.0,0,14.2,92.0,1996-11-26
00-0035645,G.Olszewski,WR,NYG,2023,26.77,2,0,0,0.0,0,0.0,0,0.0,0,1,1,0.0,0,5.0,0.0,1996-11-26
00-0037247,G.Pickens,WR,PIT,2022,21.49,17,0,0,0.0,0,0.0,3,24.0,1,84,52,801.0,4,166.5,825.0,2001-03-04
00-0037247,G.Pickens,WR,PIT,2023,22.49,18,0,0,0.0,0,0.0,4,33.0,0,117,68,1190.0,5,218.3,1223.0,2001-03-04
00-0037247,G.Pickens,WR,PIT,2024,23.49,15,0,0,0.0,0,0.0,2,-6.0,0,108,64,987.0,4,184.1,981.0,2001-03-04
00-0027891,G.Tate,WR,NYG,2019,31.08,11,0,0,0.0,0,0.0,1,16.0,0,85,49,676.0,6,152.2,692.0,1988-08-02
00-0027891,G.Tate,WR,NYG,2020,32.08,12,1,2,18.0,0,0.0,0,0.0,0,52,35,388.0,2,86.52,388.0,1988-08-02
00-0033733,G.Ward,WR,PHI,2019,24.14,7,0,0,0.0,0,0.0,2,8.0,0,44,31,278.0,1,65.6,286.0,1995-07-12
00-0033733,G.Ward,WR,PHI,2020,25.14,16,1,1,15.0,0,0.0,2,-4.0,0,79,53,419.0,6,133.1,415.0,1995-07-12
00-0033733,G.Ward,WR,PHI,2021,26.14,7,1,2,2.0,0,0.0,0,0.0,0,11,7,95.0,3,34.58,95.0,1995-07-12
00-0037740,G.Wilson,WR,NYJ,2022,22.11,17,0,1,0.0,0,0.0,4,4.0,0,147,83,1103.0,4,215.7,1107.0,2000-07-22
00-0037740,G.Wilson,WR,NYJ,2023,23.11,17,0,1,0.0,0,0.0,4,0.0,0,168,95,1042.0,3,213.2,1042.0,2000-07-22
00-0037740,G.Wilson,WR,NYJ,2024,24.11,17,0,0,0.0,0,0.0,2,5.0,0,153,101,1104.0,7,251.9,1109.0,2000-07-22
00-0035529,H.Butler,WR,PHI,2020,24.29,1,0,0,0.0,0,0.0,0,0.0,0,1,0,0.0,0,0.0,0.0,1996-05-16
00-0034983,H.Renfrow,WR,LV,2019,23.7,13,0,0,0.0,0,0.0,0,0.0,0,71,49,605.0,4,133.5,605.0,1995-12-21
00-0034983,H.Renfrow,WR,LV,2020,24.7,16,0,0,0.0,0,0.0,0,0.0,0,77,56,656.0,2,131.59999,656.0,1995-12-21
00-0034983,H.Renfrow,WR,LV,2021,25.7,18,0,0,0.0,0,0.0,3,3.0,0,139,111,1096.0,9,272.9,1099.0,1995-12-21
00-0034983,H.Renfrow,WR,LV,2022,26.7,10,0,0,0.0,0,0.0,0,0.0,0,50,36,330.0,2,79.0,330.0,1995-12-21
00-0034983,H.Renfrow,WR,LV,2023,27.7,13,0,0,0.0,0,0.0,0,0.0,0,37,25,255.0,0,48.5,255.0,1995-12-21
00-0036357,H.Ruggs,WR,LV,2020,21.61,13,0,0,0.0,0,0.0,9,49.0,0,43,26,452.0,2,84.1,501.0,1999-01-24
00-0036357,H.Ruggs,WR,LV,2021,22.61,7,0,0,0.0,0,0.0,3,16.0,0,36,24,469.0,2,84.5,485.0,1999-01-24
00-0037156,I.Charles,WR,NYJ,2023,26.39,1,0,0,0.0,0,0.0,0,0.0,0,1,0,0.0,0,0.0,0.0,1997-04-13
00-0037156,I.Charles,WR,NYJ,2024,27.39,1,0,0,0.0,0,0.0,0,0.0,0,1,0,0.0,0,0.0,0.0,1997-04-13
00-0036308,I.Coulter,WR,CHI,2021,22.95,1,0,0,0.0,0,0.0,0,0.0,0,1,0,0.0,0,0.0,0.0,1998-09-18
00-0033471,I.Ford,WR,MIA,2019,23.56,8,0,0,0.0,0,0.0,1,11.0,0,35,23,244.0,0,48.5,255.0,1996-02-09
00-0033471,I.Ford,WR,MIA,2020,24.56,9,0,0,0.0,0,0.0,0,0.0,0,44,28,276.0,0,55.6,276.0,1996-02-09
00-0033471,I.Ford,WR,MIA,2021,25.56,10,0,0,0.0,0,0.0,0,0.0,0,17,12,161.0,2,40.1,161.0,1996-02-09
00-0036165,I.Hodgins,WR,NYG,2022,23.86,11,0,0,0.0,0,0.0,0,0.0,0,59,46,500.0,5,126.0,500.0,1998-10-21
00-0036165,I.Hodgins,WR,NYG,2023,24.86,14,0,0,0.0,0,0.0,0,0.0,0,33,21,230.0,3,60.0,230.0,1998-10-21
00-0036165,I.Hodgins,WR,NYG,2024,25.86,2,0,0,0.0,0,0.0,0,0.0,0,2,2,12.0,0,3.2,12.0,1998-10-21
00-0034922,I.Hyman,WR,TB,2019,24.02,2,0,0,0.0,0,0.0,0,0.0,0,4,2,34.0,0,5.3999996,34.0,1995-08-23
00-0033466,I.McKenzie,WR,BUF,2019,24.4,13,0,0,0.0,0,0.0,8,49.0,0,44,31,277.0,1,69.6,326.0,1995-04-09
00-0033466,I.McKenzie,WR,BUF,2020,25.4,17,1,1,12.0,1,0.0,12,18.0,0,37,33,296.0,6,110.88,314.0,1995-04-09
00-0033466,I.McKenzie,WR,BUF,2021,26.4,13,0,0,0.0,0,0.0,15,91.0,1,30,24,226.0,1,67.7,317.0,1995-04-09
00-0033466,I.McKenzie,WR,BUF,2022,27.4,16,0,0,0.0,0,0.0,9,55.0,1,67,44,433.0,4,122.799995,488.0,1995-04-09
00-0033466,I.McKenzie,WR,IND,2023,28.4,9,0,0,0.0,0,0.0,3,14.0,0,14,11,82.0,0,20.6,96.0,1995-04-09
00-0036635,I.Smith-Marsette,WR,MIN,2021,22.01,3,0,0,0.0,0,0.0,0,0.0,0,6,5,116.0,2,28.599998,116.0,1999-08-29
00-0036635,I.Smith-Marsette,WR,CHI,2022,23.01,3,0,0,0.0,0,0.0,1,-1.0,0,4,1,15.0,0,0.4,14.0,1999-08-29
00-0036635,I.Smith-Marsette,WR,CAR,2023,24.01,7,0,0,0.0,0,0.0,8,74.0,1,10,8,51.0,0,32.5,125.0,1999-08-29
00-0036635,I.Smith-Marsette,WR,NYG,2024,25.01,1,0,0,0.0,0,0.0,0,0.0,0,0,0,0.0,0,6.0,0.0,1999-08-29
00-0039451,I.Williams,WR,DET,2024,23.59,1,0,0,0.0,0,0.0,0,0.0,0,3,2,6.0,0,2.6,6.0,2001-01-29
00-0036142,I.Wright,WR,WAS,2020,23.64,12,0,1,0.0,0,0.0,3,16.0,0,36,27,197.0,0,48.3,213.0,1997-01-13
00-0036100,I.Zuber,WR,NE,2020,23.38,4,0,0,0.0,0,0.0,2,21.0,0,2,2,29.0,0,7.0,50.0,1997-04-15
00-0038994,J.Addison,WR,MIN,2023,21.6,17,0,0,0.0,0,0.0,1,2.0,0,108,70,911.0,10,221.3,913.0,2002-01-27
00-0038994,J.Addison,WR,MIN,2024,22.6,16,0,0,0.0,0,0.0,3,20.0,1,107,66,904.0,9,218.40001,924.0,2002-01-27
00-0033572,J.Agnew,WR,DET,2019,24.41,4,0,0,0.0,0,0.0,1,9.0,0,2,1,-2.0,0,13.7,7.0,1995-04-03
00-0033572,J.Agnew,WR,DET,2020,25.41,13,0,1,0.0,0,0.0,6,33.0,0,20,13,89.0,0,31.2,122.0,1995-04-03
00-0033572,J.Agnew,WR,JAX,2021,26.41,9,0,0,0.0,0,0.0,7,111.0,1,39,24,229.0,1,82.0,340.0,1995-04-03
00-0033572,J.Agnew,WR,JAX,2022,27.41,16,0,0,0.0,0,0.0,13,88.0,0,34,26,194.0,3,72.2,282.0,1995-04-03
00-0033572,J.Agnew,WR,JAX,2023,28.41,8,0,0,0.0,0,0.0,4,-2.0,0,21,14,225.0,1,40.3,223.0,1995-04-03
00-0038149,J.Ali,WR,ATL,2022,23.5,1,0,0,0.0,0,0.0,0,0.0,0,1,0,0.0,0,0.0,0.0,1999-03-03
00-0035246,J.Arcega-Whiteside,WR,PHI,2019,22.67,8,0,0,0.0,0,0.0,0,0.0,0,22,10,169.0,1,32.9,169.0,1996-12-31
00-0035246,J.Arcega-Whiteside,WR,PHI,2020,23.67,5,0,0,0.0,0,0.0,0,0.0,0,8,4,85.0,0,14.5,85.0,1996-12-31
00-0035246,J.Arcega-Whiteside,WR,PHI,2021,24.67,3,0,0,0.0,0,0.0,0,0.0,0,5,2,36.0,0,5.6,36.0,1996-12-31
00-0034207,J.Badet,WR,WAS,2020,26.08,1,0,0,0.0,0,0.0,0,0.0,0,1,0,0.0,0,0.0,0.0,1994-08-02
00-0039853,J.Baker,WR,NE,2024,22.54,4,0,0,0.0,0,0.0,0,0.0,0,4,1,12.0,0,2.2,12.0,2002-02-18
00-0029319,J.Bellamy,WR,NYJ,2019,30.29,2,0,0,0.0,0,0.0,0,0.0,0,3,2,20.0,0,4.0,20.0,1989-05-18
00-0038752,J.Bobo,WR,SEA,2023,25.08,14,0,0,0.0,0,0.0,1,3.0,1,25,19,196.0,2,56.9,199.0,1998-08-04
00-0038752,J.Bobo,WR,SEA,2024,26.08,11,0,0,0.0,0,0.0,0,0.0,0,17,13,107.0,1,29.7,107.0,1998-08-04
00-0036110,J.Bradley,WR,CLE,2020,23.72,1,0,0,0.0,0,0.0,0,0.0,0,11,5,60.0,0,11.0,60.0,1996-12-11
00-0036110,J.Bradley,WR,CLE,2021,24.72,2,0,0,0.0,0,0.0,0,0.0,0,4,4,64.0,0,10.4,64.0,1996-12-11
00-0038640,J.Brooks,WR,DAL,2023,23.32,3,0,0,0.0,0,0.0,0,0.0,0,6,6,64.0,0,12.400001,64.0,2000-05-07
00-0038640,J.Brooks,WR,DAL,2024,24.32,12,0,0,0.0,0,0.0,0,0.0,0,30,12,177.0,1,35.7,177.0,2000-05-07
00-0030300,J.Brown,WR,SEA,2019,29.65,8,0,0,0.0,0,0.0,0,0.0,0,28,16,220.0,2,48.0,220.0,1990-01-08
00-0031051,J.Brown,WR,BUF,2019,29.41,16,2,2,44.0,2,0.0,2,7.0,0,123,76,1110.0,6,233.45999,1117.0,1990-04-03
00-0031051,J.Brown,WR,BUF,2020,30.41,12,0,0,0.0,0,0.0,0,0.0,0,71,43,544.0,3,115.4,544.0,1990-04-03
00-0031051,J.Brown,WR,JAX,2021,31.41,3,0,0,0.0,0,0.0,0,0.0,0,3,0,0.0,0,0.0,0.0,1990-04-03
00-0031051,J.Brown,WR,BUF,2022,32.41,3,0,0,0.0,0,0.0,0,0.0,0,3,1,42.0,1,11.2,42.0,1990-04-03
00-0038492,J.Brownlee,WR,NYJ,2023,24.59,4,0,0,0.0,0,0.0,0,0.0,0,8,5,56.0,1,16.6,56.0,1999-01-30
00-0039810,J.Burton,WR,CIN,2024,23.18,4,0,0,0.0,0,0.0,0,0.0,0,14,4,107.0,0,14.7,107.0,2001-06-28
00-0036858,J.Camp,WR,HOU,2022,24.14,1,0,0,0.0,0,0.0,0,0.0,0,1,1,7.0,0,1.7,7.0,1998-07-10
00-0036900,J.Chase,WR,CIN,2021,21.5,21,0,0,0.0,0,0.0,13,53.0,0,163,106,1823.0,14,375.6,1876.0,2000-03-01
00-0036900,J.Chase,WR,CIN,2022,22.5,15,0,0,0.0,0,0.0,6,11.0,0,162,107,1266.0,11,296.7,1277.0,2000-03-01
00-0036900,J.Chase,WR,CIN,2023,23.5,16,1,1,-7.0,0,0.0,3,-6.0,0,145,100,1216.0,7,262.72,1210.0,2000-03-01
00-0036900,J.Chase,WR,CIN,2024,24.5,17,0,0,0.0,0,0.0,3,32.0,0,175,127,1708.0,17,403.0,1740.0,2000-03-01
00-0039491,J.Coker,WR,CAR,2024,22.84,11,1,1,19.0,0,0.0,0,0.0,0,46,32,478.0,2,92.56,478.0,2001-10-30
00-0039365,J.Cowing,WR,SF,2024,23.58,3,0,0,0.0,0,0.0,1,7.0,0,6,4,80.0,0,12.7,87.0,2001-02-04
00-0031941,J.Crowder,WR,NYJ,2019,26.21,16,0,0,0.0,0,0.0,1,4.0,0,122,78,833.0,6,197.7,837.0,1993-06-17
00-0031941,J.Crowder,WR,NYJ,2020,27.21,12,1,1,43.0,1,0.0,1,14.0,0,89,59,699.0,6,172.02,713.0,1993-06-17
00-0031941,J.Crowder,WR,NYJ,2021,28.21,12,0,0,0.0,0,0.0,0,0.0,0,71,51,447.0,2,109.7,447.0,1993-06-17
00-0031941,J.Crowder,WR,BUF,2022,29.21,4,0,0,0.0,0,0.0,0,0.0,0,13,6,60.0,0,12.0,60.0,1993-06-17
00-0031941,J.Crowder,WR,WAS,2023,30.21,7,0,0,0.0,0,0.0,0,0.0,0,20,16,159.0,1,37.9,159.0,1993-06-17
00-0031941,J.Crowder,WR,WAS,2024,31.21,6,0,0,0.0,0,0.0,0,0.0,0,18,12,101.0,2,34.1,101.0,1993-06-17
00-0036877,J.Darden,WR,TB,2021,22.63,7,0,0,0.0,0,0.0,1,11.0,0,12,6,43.0,0,11.4,54.0,1999-01-14
00-0036877,J.Darden,WR,TB,2022,23.63,3,0,0,0.0,0,0.0,1,2.0,0,2,2,26.0,0,4.8,28.0,1999-01-14
00-0036877,J.Darden,WR,CLE,2024,25.63,1,0,0,0.0,0,0.0,0,0.0,0,1,1,6.0,0,1.6,6.0,1999-01-14
00-0037741,J.Dotson,WR,WAS,2022,22.44,12,0,0,0.0,0,0.0,2,-7.0,0,61,35,523.0,7,130.6,516.0,2000-03-22
00-0037741,J.Dotson,WR,WAS,2023,23.44,17,0,0,0.0,0,0.0,0,0.0,0,83,49,518.0,4,124.799995,518.0,2000-03-22
00-0037741,J.Dotson,WR,PHI,2024,24.44,16,0,0,0.0,0,0.0,1,13.0,0,38,22,269.0,1,56.2,282.0,2000-03-22
00-0038997,J.Downs,WR,IND,2023,22.05,17,0,0,0.0,0,0.0,0,0.0,0,98,68,771.0,2,157.1,771.0,2001-08-12
00-0038997,J.Downs,WR,IND,2024,23.05,14,0,0,0.0,0,0.0,1,-1.0,0,107,72,803.0,5,182.2,802.0,2001-08-12
00-0027150,J.Edelman,WR,NE,2019,33.28,17,2,2,47.0,1,0.0,10,39.0,1,158,103,1147.0,6,269.47998,1186.0,1986-05-22
00-0027150,J.Edelman,WR,NE,2020,34.28,6,2,2,38.0,0,0.0,2,22.0,0,39,21,315.0,0,56.22,337.0,1986-05-22
00-0034705,J.Franklin,WR,TB,2019,24.95,1,0,0,0.0,0,0.0,1,11.0,0,0,0,0.0,0,1.1,11.0,1994-09-21
00-0029664,J.Gordon,WR,NE,2019,28.39,11,0,1,0.0,0,1.0,1,1.0,0,47,27,426.0,1,73.7,427.0,1991-04-13
00-0029664,J.Gordon,WR,KC,2021,30.39,9,0,0,0.0,0,0.0,0,0.0,0,14,5,32.0,1,14.2,32.0,1991-04-13
00-0029664,J.Gordon,WR,TEN,2022,31.39,1,0,0,0.0,0,0.0,0,0.0,0,1,0,0.0,0,0.0,0.0,1991-04-13
00-0032791,J.Grant,WR,MIA,2019,26.84,9,0,0,0.0,0,0.0,4,5.0,1,33,19,164.0,0,47.9,169.0,1992-10-30
00-0032791,J.Grant,WR,MIA,2020,27.84,14,0,0,0.0,0,0.0,3,20.0,0,54,36,373.0,1,87.3,393.0,1992-10-30
00-0032791,J.Grant,WR,CHI,2021,28.84,7,0,0,0.0,0,0.0,5,33.0,0,17,11,132.0,2,43.5,165.0,1992-10-30
00-0035414,J.Guyton,WR,LAC,2019,22.24,1,0,0,0.0,0,0.0,0,0.0,0,2,0,0.0,0,0.0,0.0,1997-06-07
00-0035414,J.Guyton,WR,LAC,2020,23.24,16,0,0,0.0,0,0.0,2,0.0,0,55,28,511.0,3,97.1,511.0,1997-06-07
00-0035414,J.Guyton,WR,LAC,2021,24.24,16,0,0,0.0,0,0.0,7,34.0,0,48,31,448.0,3,97.2,482.0,1997-06-07
00-0035414,J.Guyton,WR,LAC,2022,25.24,2,0,0,0.0,0,0.0,0,0.0,0,4,2,64.0,0,8.4,64.0,1997-06-07
00-0035414,J.Guyton,WR,LAC,2023,26.24,7,0,0,0.0,0,0.0,0,0.0,0,21,10,89.0,1,24.9,89.0,1997-06-07
00-0031570,J.Hardy,WR,ATL,2019,27.7,11,0,0,0.0,0,0.0,0,0.0,0,26,19,195.0,0,38.5,195.0,1991-12-18
00-0036918,J.Harris,WR,LA,2022,25.38,1,0,0,0.0,0,0.0,0,0.0,0,1,1,6.0,0,1.6,6.0,1997-04-16
00-0036398,J.Hightower,WR,PHI,2020,24.25,10,0,0,0.0,0,0.0,1,1.0,0,29,10,167.0,0,28.800001,168.0,1996-05-31
00-0032935,J.Holton,WR,PIT,2019,28.03,8,0,0,0.0,0,0.0,1,9.0,0,15,3,21.0,0,6.0,30.0,1991-08-22
00-0038938,J.Hyatt,WR,NYG,2023,21.94,13,0,0,0.0,0,0.0,0,0.0,0,40,23,373.0,0,60.3,373.0,2001-09-25
00-0038938,J.Hyatt,WR,NYG,2024,22.94,10,0,0,0.0,0,0.0,0,0.0,0,19,8,62.0,0,14.2,62.0,2001-09-25
00-0039392,J.Jackson,WR,TEN,2024,24.3,2,0,0,0.0,0,0.0,1,-5.0,0,3,1,8.0,0,1.3,3.0,2000-05-15
00-0039614,J.Jackson,WR,NO,2024,24.25,1,0,0,0.0,0,0.0,1,-1.0,0,0,0,0.0,0,-0.1,-1.0,2000-06-02
00-0036322,J.Jefferson,WR,MIN,2020,21.21,16,0,0,0.0,0,0.0,1,2.0,0,125,88,1400.0,7,274.19998,1402.0,1999-06-16
00-0036322,J.Jefferson,WR,MIN,2021,22.21,17,2,4,35.0,0,0.0,6,14.0,0,167,108,1616.0,10,330.4,1630.0,1999-06-16
00-0036322,J.Jefferson,WR,MIN,2022,23.21,18,3,3,32.0,0,0.0,4,24.0,1,193,135,1856.0,8,380.28,1880.0,1999-06-16
00-0036322,J.Jefferson,WR,MIN,2023,24.21,10,0,1,0.0,0,0.0,1,-12.0,0,100,68,1074.0,5,204.2,1062.0,1999-06-16
00-0036322,J.Jefferson,WR,MIN,2024,25.21,18,1,1,22.0,0,0.0,1,3.0,0,162,108,1591.0,10,328.28,1594.0,1999-06-16
00-0036259,J.Jennings,WR,SF,2021,24.14,16,0,0,0.0,0,0.0,0,0.0,0,47,30,325.0,5,92.5,325.0,1997-07-10
00-0036259,J.Jennings,WR,SF,2022,25.14,18,0,0,0.0,0,0.0,0,0.0,0,63,39,483.0,1,93.3,483.0,1997-07-10
00-0036259,J.Jennings,WR,SF,2023,26.14,15,1,1,21.0,1,0.0,1,-1.0,0,46,29,376.0,2,83.34,375.0,1997-07-10
00-0036259,J.Jennings,WR,SF,2024,27.14,15,0,0,0.0,0,0.0,0,0.0,0,113,77,975.0,6,210.5,975.0,1997-07-10
00-0036407,J.Jeudy,WR,DEN,2020,21.36,16,0,0,0.0,0,0.0,0,0.0,0,113,52,856.0,3,157.6,856.0,1999-04-24
00-0036407,J.Jeudy,WR,DEN,2021,22.36,10,0,0,0.0,0,0.0,2,3.0,0,56,38,467.0,0,85.0,470.0,1999-04-24
00-0036407,J.Jeudy,WR,DEN,2022,23.36,15,0,0,0.0,0,0.0,4,40.0,0,100,67,972.0,6,204.2,1012.0,1999-04-24
00-0036407,J.Jeudy,WR,DEN,2023,24.36,16,0,0,0.0,0,0.0,0,0.0,0,87,54,758.0,2,141.8,758.0,1999-04-24
00-0036407,J.Jeudy,WR,CLE,2024,25.36,17,0,0,0.0,0,0.0,0,0.0,0,145,90,1229.0,4,240.9,1229.0,1999-04-24
00-0027944,J.Jones,WR,ATL,2019,30.57,15,0,0,0.0,0,0.0,2,-3.0,0,157,99,1394.0,6,274.1,1391.0,1989-02-08
00-0027944,J.Jones,WR,ATL,2020,31.57,9,0,0,0.0,0,0.0,0,0.0,0,68,51,771.0,3,146.1,771.0,1989-02-08
00-0027944,J.Jones,WR,TEN,2021,32.57,11,0,0,0.0,0,0.0,0,0.0,0,55,37,496.0,1,92.6,496.0,1989-02-08
00-0027944,J.Jones,WR,TB,2022,33.57,11,0,0,0.0,0,0.0,5,45.0,0,54,31,373.0,3,90.8,418.0,1989-02-08
00-0027944,J.Jones,WR,PHI,2023,34.57,9,0,0,0.0,0,0.0,0,0.0,0,22,14,96.0,3,41.6,96.0,1989-02-08
00-0031787,J.Kumerow,WR,GB,2019,27.54,13,0,0,0.0,0,0.0,0,0.0,0,23,13,242.0,1,43.2,242.0,1992-02-17
00-0031787,J.Kumerow,WR,BUF,2020,28.54,1,0,0,0.0,0,0.0,0,0.0,0,1,1,22.0,1,9.2,22.0,1992-02-17
00-0031787,J.Kumerow,WR,BUF,2021,29.54,4,0,0,0.0,0,0.0,0,0.0,0,6,2,28.0,0,4.8,28.0,1992-02-17
00-0031787,J.Kumerow,WR,BUF,2022,30.54,4,0,0,0.0,0,0.0,0,0.0,0,7,4,64.0,0,10.4,64.0,1992-02-17
00-0031382,J.Landry,WR,CLE,2019,26.76,16,0,0,0.0,0,0.0,1,10.0,0,138,83,1174.0,6,237.4,1184.0,1992-11-28
00-0031382,J.Landry,WR,CLE,2020,27.76,17,4,4,74.0,1,0.0,4,10.0,1,119,84,952.0,5,223.16,962.0,1992-11-28
00-0031382,J.Landry,WR,CLE,2021,28.76,12,0,0,0.0,0,0.0,6,40.0,2,87,52,570.0,2,133.0,610.0,1992-11-28
00-0031382,J.Landry,WR,NO,2022,29.76,9,0,0,0.0,0,0.0,0,0.0,0,39,25,272.0,1,60.2,272.0,1992-11-28
00-0033859,J.Malone,WR,NYJ,2020,24.45,1,0,0,0.0,0,0.0,1,12.0,0,6,4,16.0,0,6.8,28.0,1996-03-21
00-0039855,J.McMillan,WR,TB,2024,22.74,14,0,0,0.0,0,0.0,4,43.0,0,62,39,502.0,8,141.5,545.0,2001-12-07
00-0037614,J.Metchie,WR,HOU,2023,23.12,15,0,0,0.0,0,0.0,2,13.0,0,33,19,202.0,0,40.5,215.0,2000-07-18
00-0037614,J.Metchie,WR,HOU,2024,24.12,12,0,0,0.0,0,0.0,0,0.0,0,47,30,317.0,1,65.7,317.0,2000-07-18
00-0034960,J.Meyers,WR,NE,2019,22.81,11,0,0,0.0,0,0.0,0,0.0,0,41,26,359.0,0,61.899998,359.0,1996-11-09
00-0034960,J.Meyers,WR,NE,2020,23.81,12,2,2,43.0,2,0.0,2,9.0,0,81,59,729.0,0,142.52,738.0,1996-11-09
00-0034960,J.Meyers,WR,NE,2021,24.81,17,2,2,45.0,0,0.0,1,9.0,0,135,89,906.0,2,196.29999,915.0,1996-11-09
00-0034960,J.Meyers,WR,NE,2022,25.81,14,0,0,0.0,0,0.0,2,9.0,0,96,67,804.0,6,184.3,813.0,1996-11-09
00-0034960,J.Meyers,WR,LV,2023,26.81,16,2,3,12.0,1,0.0,4,24.0,2,106,71,807.0,8,218.58,831.0,1996-11-09
00-0034960,J.Meyers,WR,LV,2024,27.81,15,0,0,0.0,0,0.0,2,23.0,0,129,87,1027.0,4,218.0,1050.0,1996-11-09
00-0033006,J.Mickens,WR,TB,2020,26.36,2,0,0,0.0,0,0.0,0,0.0,0,10,7,58.0,0,12.8,58.0,1994-04-21
00-0033006,J.Mickens,WR,JAX,2021,27.36,2,0,0,0.0,0,0.0,0,0.0,0,3,2,10.0,0,3.0,10.0,1994-04-21
00-0039062,J.Mingo,WR,CAR,2023,22.37,15,0,0,0.0,0,0.0,0,0.0,0,85,43,418.0,0,84.8,418.0,2001-04-20
00-0039062,J.Mingo,WR,CAR,2024,23.37,14,0,0,0.0,0,0.0,2,5.0,0,42,17,167.0,0,32.2,172.0,2001-04-20
00-0035432,J.Moore,WR,LAC,2019,24.19,4,0,0,0.0,0,0.0,0,0.0,0,5,2,43.0,0,6.3,43.0,1995-06-23
00-0035432,J.Moore,WR,LAC,2021,26.19,1,0,0,0.0,0,0.0,0,0.0,0,4,3,56.0,0,8.6,56.0,1995-06-23
00-0035432,J.Moore,WR,LAC,2022,27.19,1,0,0,0.0,0,0.0,0,0.0,0,2,1,5.0,0,1.5,5.0,1995-06-23
00-0037291,J.Nailor,WR,MIN,2022,23.5,5,0,0,0.0,0,0.0,0,0.0,0,13,9,179.0,1,32.899998,179.0,1999-03-02
00-0037291,J.Nailor,WR,MIN,2023,24.5,2,0,0,0.0,0,0.0,0,0.0,0,6,3,29.0,0,5.8999996,29.0,1999-03-02
00-0037291,J.Nailor,WR,MIN,2024,25.5,16,0,0,0.0,0,0.0,3,-4.0,0,47,31,447.0,6,111.3,443.0,1999-03-02
00-0033266,J.Natson,WR,CLE,2020,26.58,1,0,0,0.0,0,0.0,1,3.0,0,0,0,0.0,0,0.3,3.0,1994-02-01
00-0032112,J.Nelson,WR,LV,2019,27.36,1,0,0,0.0,0,0.0,0,0.0,0,5,4,36.0,1,13.6,36.0,1992-04-24
00-0036988,J.Palmer,WR,LAC,2021,21.94,15,0,0,0.0,0,0.0,1,6.0,0,49,33,353.0,4,92.9,359.0,1999-09-22
00-0036988,J.Palmer,WR,LAC,2022,22.94,17,0,0,0.0,0,0.0,1,4.0,0,113,74,800.0,3,174.4,804.0,1999-09-22
00-0036988,J.Palmer,WR,LAC,2023,23.94,10,0,0,0.0,0,0.0,1,6.0,0,61,38,581.0,2,106.7,587.0,1999-09-22
00-0036988,J.Palmer,WR,LAC,2024,24.94,15,0,0,0.0,0,0.0,0,0.0,0,65,39,584.0,1,107.4,584.0,1999-09-22
00-0039907,J.Polk,WR,NE,2024,23.39,13,0,0,0.0,0,0.0,1,0.0,0,33,12,87.0,2,32.7,87.0,2001-04-11
00-0036133,J.Proche,WR,BAL,2020,23.95,3,0,0,0.0,0,0.0,0,0.0,0,3,1,14.0,0,2.4,14.0,1996-09-20
00-0036133,J.Proche,WR,BAL,2021,24.95,7,0,0,0.0,0,0.0,0,0.0,0,20,16,202.0,0,36.2,202.0,1996-09-20
00-0036133,J.Proche,WR,BAL,2022,25.95,7,0,1,0.0,0,1.0,0,0.0,0,17,8,62.0,0,12.2,62.0,1996-09-20
00-0036133,J.Proche,WR,CLE,2023,26.95,2,0,0,0.0,0,0.0,0,0.0,0,5,0,0.0,0,0.0,0.0,1996-09-20
00-0036133,J.Proche,WR,CLE,2024,27.95,2,0,0,0.0,0,0.0,0,0.0,0,3,3,21.0,0,5.1,21.0,1996-09-20
00-0036387,J.Reagor,WR,PHI,2020,21.67,11,0,0,0.0,0,0.0,4,26.0,0,54,31,396.0,1,87.2,422.0,1999-01-02
00-0036387,J.Reagor,WR,PHI,2021,22.67,18,0,0,0.0,0,0.0,10,32.0,0,60,34,301.0,2,79.299995,333.0,1999-01-02
00-0036387,J.Reagor,WR,MIN,2022,23.67,10,0,0,0.0,0,0.0,4,25.0,0,13,8,104.0,1,26.9,129.0,1999-01-02
00-0036387,J.Reagor,WR,NE,2023,24.67,9,0,0,0.0,0,0.0,1,17.0,0,23,7,138.0,0,28.5,155.0,1999-01-02
00-0036387,J.Reagor,WR,LAC,2024,25.67,7,0,0,0.0,0,0.0,3,-3.0,0,12,7,100.0,0,14.7,97.0,1999-01-02
00-0036377,J.Reed,WR,LAC,2020,22.66,3,0,0,0.0,0,0.0,5,29.0,1,1,0,0.0,0,8.900001,29.0,1998-01-04
00-0039146,J.Reed,WR,GB,2023,23.34,18,0,0,0.0,0,0.0,12,128.0,2,101,68,828.0,8,225.6,956.0,2000-04-28
00-0039146,J.Reed,WR,GB,2024,24.34,18,0,0,0.0,0,0.0,20,163.0,1,79,59,903.0,6,205.6,1066.0,2000-04-28
00-0033943,J.Reynolds,WR,LA,2019,24.54,16,0,0,0.0,0,0.0,5,23.0,0,43,21,326.0,1,61.9,349.0,1995-02-16
00-0033943,J.Reynolds,WR,LA,2020,25.54,17,0,0,0.0,0,0.0,1,5.0,0,85,55,683.0,2,135.8,688.0,1995-02-16
00-0033943,J.Reynolds,WR,DET,2021,26.54,10,0,0,0.0,0,0.0,0,0.0,0,49,29,396.0,2,80.6,396.0,1995-02-16
00-0033943,J.Reynolds,WR,DET,2022,27.54,12,0,0,0.0,0,0.0,0,0.0,0,59,38,479.0,3,103.9,479.0,1995-02-16
00-0033943,J.Reynolds,WR,DET,2023,28.54,19,0,0,0.0,0,0.0,0,0.0,0,78,48,740.0,6,156.0,740.0,1995-02-16
00-0033943,J.Reynolds,WR,DEN,2024,29.54,8,0,0,0.0,0,0.0,0,0.0,0,24,13,194.0,1,38.4,194.0,1995-02-16
00-0033460,J.Ross,WR,CIN,2019,23.76,8,0,0,0.0,0,0.0,3,4.0,0,56,28,506.0,3,95.0,510.0,1995-11-27
00-0033460,J.Ross,WR,CIN,2020,24.76,2,0,0,0.0,0,0.0,0,0.0,0,7,2,17.0,0,3.7,17.0,1995-11-27
00-0033460,J.Ross,WR,NYG,2021,25.76,9,0,0,0.0,0,0.0,1,16.0,0,20,11,224.0,1,41.0,240.0,1995-11-27
00-0037216,J.Ross,WR,KC,2023,23.71,5,0,0,0.0,0,0.0,0,0.0,0,11,6,53.0,0,11.3,53.0,1999-12-15
00-0033460,J.Ross,WR,PHI,2024,28.76,1,0,0,0.0,0,0.0,0,0.0,0,2,1,6.0,0,1.6,6.0,1995-11-27
00-0037216,J.Ross,WR,KC,2024,24.71,1,0,0,0.0,0,0.0,0,0.0,0,1,0,0.0,0,0.0,0.0,1999-12-15
00-0034267,J.Scott,WR,BAL,2019,24.52,1,0,0,0.0,0,0.0,0,0.0,0,3,1,6.0,0,1.6,6.0,1995-02-23
00-0034267,J.Scott,WR,NYJ,2020,25.52,1,0,0,0.0,0,0.0,0,0.0,0,1,1,16.0,0,2.6,16.0,1995-02-23
00-0035510,J.Smith,WR,NYJ,2019,22.36,1,0,0,0.0,0,0.0,0,0.0,0,2,1,12.0,0,2.2,12.0,1997-04-21
00-0035510,J.Smith,WR,NYJ,2020,23.36,8,0,0,0.0,0,0.0,0,0.0,0,37,17,167.0,0,33.7,167.0,1997-04-21
00-0035510,J.Smith,WR,NYJ,2021,24.36,8,0,0,0.0,0,0.0,1,-1.0,0,17,8,113.0,0,19.2,112.0,1997-04-21
00-0035510,J.Smith,WR,NYJ,2022,25.36,7,0,0,0.0,0,0.0,0,0.0,0,11,8,134.0,0,21.4,134.0,1997-04-21
00-0038543,J.Smith-Njigba,WR,SEA,2023,21.55,17,0,0,0.0,0,0.0,0,0.0,0,93,63,628.0,4,149.8,628.0,2002-02-14
00-0038543,J.Smith-Njigba,WR,SEA,2024,22.55,17,1,1,35.0,0,0.0,5,26.0,0,137,100,1130.0,6,253.0,1156.0,2002-02-14
00-0033857,J.Smith-Schuster,WR,PIT,2019,22.78,12,0,0,0.0,0,0.0,0,0.0,0,70,42,552.0,3,113.2,552.0,1996-11-22
00-0033857,J.Smith-Schuster,WR,PIT,2020,23.78,17,0,0,0.0,0,0.0,0,0.0,0,147,110,988.0,10,268.8,988.0,1996-11-22
00-0033857,J.Smith-Schuster,WR,PIT,2021,24.78,6,0,0,0.0,0,0.0,3,9.0,1,36,20,155.0,0,42.4,164.0,1996-11-22
00-0033857,J.Smith-Schuster,WR,KC,2022,25.78,19,0,0,0.0,0,0.0,0,0.0,0,113,88,1022.0,3,204.2,1022.0,1996-11-22
00-0033857,J.Smith-Schuster,WR,NE,2023,26.78,11,0,0,0.0,0,0.0,0,0.0,0,47,29,260.0,1,61.0,260.0,1996-11-22
00-0033857,J.Smith-Schuster,WR,KC,2024,27.78,14,0,0,0.0,0,0.0,0,0.0,0,32,22,307.0,2,64.7,307.0,1996-11-22
00-0039379,J.Thrash,WR,CLE,2024,23.7,6,0,0,0.0,0,0.0,0,0.0,0,7,3,22.0,0,5.2,22.0,2000-12-19
00-0037666,J.Tolbert,WR,DAL,2022,23.51,2,0,0,0.0,0,0.0,0,0.0,0,3,2,12.0,0,3.1999998,12.0,1999-02-27
00-0037666,J.Tolbert,WR,DAL,2023,24.51,14,0,0,0.0,0,0.0,0,0.0,0,38,22,268.0,2,60.8,268.0,1999-02-27
00-0037666,J.Tolbert,WR,DAL,2024,25.51,17,0,0,0.0,0,0.0,0,0.0,0,79,49,610.0,7,152.0,610.0,1999-02-27
00-0035597,J.Ursua,WR,SEA,2019,25.62,1,0,0,0.0,0,0.0,0,0.0,0,1,1,11.0,0,2.1,11.0,1994-01-17
00-0037387,J.Virgil,WR,DEN,2022,24.14,4,0,0,0.0,0,0.0,0,0.0,0,5,2,75.0,1,15.5,75.0,1998-07-13
00-0036613,J.Waddle,WR,MIA,2021,22.77,16,0,0,0.0,0,0.0,2,3.0,1,140,104,1015.0,6,247.8,1018.0,1998-11-25
00-0036613,J.Waddle,WR,MIA,2022,23.77,18,0,0,0.0,0,0.0,4,34.0,0,124,78,1400.0,8,267.4,1434.0,1998-11-25
00-0036613,J.Waddle,WR,MIA,2023,24.77,15,0,0,0.0,0,0.0,4,21.0,0,109,74,1045.0,4,204.6,1066.0,1998-11-25
00-0036613,J.Waddle,WR,MIA,2024,25.77,15,0,0,0.0,0,0.0,4,12.0,0,83,58,744.0,2,149.6,756.0,1998-11-25
00-0034676,J.Washington,WR,PIT,2019,23.42,15,0,0,0.0,0,0.0,0,0.0,0,80,44,735.0,3,133.5,735.0,1996-04-02
00-0034676,J.Washington,WR,PIT,2020,24.42,17,0,0,0.0,0,0.0,0,0.0,0,62,35,464.0,5,111.4,464.0,1996-04-02
00-0034676,J.Washington,WR,PIT,2021,25.42,16,0,0,0.0,0,0.0,2,13.0,0,47,26,322.0,3,77.5,335.0,1996-04-02
00-0034676,J.Washington,WR,DAL,2022,26.42,1,0,0,0.0,0,0.0,0,0.0,0,1,0,0.0,0,0.0,0.0,1996-04-02
00-0034386,J.Watson,WR,TB,2019,23.41,6,0,0,0.0,0,0.0,0,0.0,0,26,15,159.0,2,42.899998,159.0,1996-04-04
00-0034386,J.Watson,WR,TB,2020,24.41,3,0,0,0.0,0,0.0,0,0.0,0,11,7,94.0,0,16.4,94.0,1996-04-04
00-0034386,J.Watson,WR,KC,2022,26.41,19,0,0,0.0,0,0.0,0,0.0,0,37,18,345.0,2,64.5,345.0,1996-04-04
00-0034386,J.Watson,WR,KC,2023,27.41,19,0,0,0.0,0,0.0,0,0.0,0,63,33,550.0,3,104.0,550.0,1996-04-04
00-0034386,J.Watson,WR,KC,2024,28.41,17,0,0,0.0,0,0.0,0,0.0,0,32,22,289.0,2,66.9,289.0,1996-04-04
00-0038728,J.Wayne,WR,HOU,2024,23.9,1,0,0,0.0,0,0.0,0,0.0,0,2,0,0.0,0,0.0,0.0,2000-10-07
00-0039751,J.Whittington,WR,LA,2024,23.92,7,0,0,0.0,0,0.0,2,12.0,0,29,23,305.0,0,54.7,317.0,2000-10-01
00-0037240,J.Williams,WR,DET,2022,21.43,6,0,0,0.0,0,0.0,1,40.0,0,9,1,41.0,1,15.1,81.0,2001-03-26
00-0037240,J.Williams,WR,DET,2023,22.43,15,0,0,0.0,0,0.0,4,71.0,2,51,30,433.0,3,110.4,504.0,2001-03-26
00-0037240,J.Williams,WR,DET,2024,23.43,16,0,1,0.0,0,1.0,12,122.0,2,95,59,1020.0,7,225.2,1142.0,2001-03-26
00-0039236,J.Wilson,WR,PHI,2024,23.41,10,0,0,0.0,0,0.0,0,0.0,0,16,5,38.0,1,14.8,38.0,2001-04-03
00-0034426,J.Wims,WR,CHI,2019,24.97,11,0,0,0.0,0,0.0,0,0.0,0,39,18,186.0,1,42.600002,186.0,1994-09-11
00-0034426,J.Wims,WR,CHI,2020,25.97,10,0,0,0.0,0,0.0,1,2.0,0,16,7,76.0,1,20.8,78.0,1994-09-11
00-0035593,J.Winfree,WR,GB,2021,24.99,5,0,0,0.0,0,0.0,0,0.0,0,13,8,58.0,0,11.8,58.0,1996-09-04
00-0035593,J.Winfree,WR,GB,2022,25.99,3,0,0,0.0,0,0.0,0,0.0,0,4,1,17.0,0,2.7,17.0,1996-09-04
00-0035593,J.Winfree,WR,IND,2023,26.99,1,0,0,0.0,0,0.0,0,0.0,0,1,0,0.0,0,0.0,0.0,1996-09-04
00-0029572,J.Wright,WR,CAR,2019,29.77,16,0,0,0.0,0,0.0,1,-7.0,0,58,28,296.0,0,56.9,289.0,1989-11-25
00-0030279,K.Allen,WR,LAC,2019,27.35,16,0,0,0.0,0,0.0,3,16.0,0,149,104,1199.0,6,261.5,1215.0,1992-04-27
00-0030279,K.Allen,WR,LAC,2020,28.35,14,0,1,0.0,0,0.0,1,-1.0,0,147,100,992.0,8,245.1,991.0,1992-04-27
00-0030279,K.Allen,WR,LAC,2021,29.35,16,0,1,0.0,0,0.0,0,0.0,0,157,106,1138.0,6,257.8,1138.0,1992-04-27
00-0030279,K.Allen,WR,LAC,2022,30.35,11,0,0,0.0,0,0.0,1,8.0,0,102,72,813.0,4,176.1,821.0,1992-04-27
00-0030279,K.Allen,WR,LAC,2023,31.35,13,1,2,49.0,1,0.0,2,6.0,0,150,108,1243.0,7,278.86,1249.0,1992-04-27
00-0030279,K.Allen,WR,CHI,2024,32.35,15,0,1,0.0,0,1.0,0,0.0,0,121,70,744.0,7,184.4,744.0,1992-04-27
00-0037231,K.Austin,WR,NO,2024,24.42,8,0,0,0.0,0,0.0,1,9.0,0,22,11,151.0,0,27.0,160.0,2000-03-30
00-0037231,K.Austin,WR,NO,2024,,8,0,0,0.0,0,0.0,1,9.0,0,22,11,151.0,0,27.0,160.0,
00-0033307,K.Bourne,WR,SF,2019,24.08,18,0,0,0.0,0,0.0,0,0.0,0,54,36,446.0,6,118.6,446.0,1995-08-04
00-0033307,K.Bourne,WR,SF,2020,25.08,15,0,0,0.0,0,0.0,0,0.0,0,74,49,667.0,2,129.7,667.0,1995-08-04
00-0033307,K.Bourne,WR,NE,2021,26.08,18,1,1,25.0,1,0.0,13,139.0,0,78,62,877.0,7,208.6,1016.0,1995-08-04
00-0033307,K.Bourne,WR,NE,2022,27.08,16,0,0,0.0,0,0.0,6,39.0,0,48,35,434.0,1,88.3,473.0,1995-08-04
00-0033307,K.Bourne,WR,NE,2023,28.08,8,0,0,0.0,0,0.0,1,4.0,0,55,37,406.0,4,100.0,410.0,1995-08-04
00-0033307,K.Bourne,WR,NE,2024,29.08,12,0,1,0.0,0,0.0,1,6.0,0,38,28,305.0,1,65.1,311.0,1995-08-04
00-0038608,K.Boutte,WR,NE,2023,21.32,3,0,0,0.0,0,0.0,0,0.0,0,7,2,19.0,0,3.8999999,19.0,2002-05-07
00-0038608,K.Boutte,WR,NE,2024,22.32,15,0,0,0.0,0,0.0,0,0.0,0,68,43,589.0,3,121.9,589.0,2002-05-07
00-0033681,K.Cole,WR,JAX,2019,26.37,11,0,0,0.0,0,0.0,1,6.0,0,35,24,361.0,3,78.7,367.0,1993-04-20
00-0033681,K.Cole,WR,JAX,2020,27.37,16,0,0,0.0,0,0.0,1,2.0,0,88,55,642.0,5,155.4,644.0,1993-04-20
00-0033681,K.Cole,WR,NYJ,2021,28.37,14,0,1,0.0,0,0.0,0,0.0,0,51,28,449.0,1,78.9,449.0,1993-04-20
00-0033681,K.Cole,WR,LV,2022,29.37,9,0,0,0.0,0,0.0,0,0.0,0,21,10,141.0,1,30.099998,141.0,1993-04-20
00-0039901,K.Coleman,WR,BUF,2024,21.29,16,0,0,0.0,0,0.0,1,9.0,0,65,32,578.0,4,118.7,587.0,2003-05-17
00-0034366,K.Coutee,WR,HOU,2019,22.63,8,0,0,0.0,0,0.0,2,14.0,1,36,22,254.0,0,52.8,268.0,1997-01-14
00-0034366,K.Coutee,WR,HOU,2020,23.63,8,0,0,0.0,0,0.0,0,0.0,0,40,33,400.0,3,89.0,400.0,1997-01-14
00-0034366,K.Coutee,WR,IND,2021,24.63,1,0,0,0.0,0,0.0,0,0.0,0,1,1,5.0,0,1.5,5.0,1997-01-14
00-0034366,K.Coutee,WR,IND,2022,25.63,1,0,0,0.0,0,0.0,0,0.0,0,1,1,20.0,0,1.0,20.0,1997-01-14
00-0035120,K.Doss,WR,LV,2019,23.45,6,0,0,0.0,0,0.0,0,0.0,0,14,11,133.0,0,24.3,133.0,1996-03-21
00-0035120,K.Doss,WR,LAC,2023,27.45,2,0,0,0.0,0,0.0,0,0.0,0,13,6,33.0,0,9.3,33.0,1996-03-21
00-0033932,K.Golladay,WR,DET,2019,25.83,16,0,0,0.0,0,0.0,0,0.0,0,116,65,1190.0,11,248.0,1190.0,1993-11-03
00-0033932,K.Golladay,WR,DET,2020,26.83,5,0,0,0.0,0,0.0,0,0.0,0,32,20,338.0,2,65.8,338.0,1993-11-03
00-0033932,K.Golladay,WR,NYG,2021,27.83,14,0,0,0.0,0,0.0,0,0.0,0,76,37,521.0,0,89.1,521.0,1993-11-03
00-0033932,K.Golladay,WR,NYG,2022,28.83,6,0,0,0.0,0,0.0,0,0.0,0,17,6,81.0,1,20.1,81.0,1993-11-03
00-0036412,K.Hamler,WR,DEN,2020,21.15,12,0,0,0.0,0,0.0,9,40.0,0,56,30,381.0,3,90.1,421.0,1999-07-08
00-0036412,K.Hamler,WR,DEN,2021,22.15,3,0,0,0.0,0,0.0,0,0.0,0,10,5,74.0,0,12.4,74.0,1999-07-08
00-0036412,K.Hamler,WR,DEN,2022,23.15,6,0,0,0.0,0,0.0,2,23.0,0,14,7,165.0,0,25.8,188.0,1999-07-08
00-0035297,K.Harmon,WR,WAS,2019,22.71,13,1,1,11.0,0,0.0,0,0.0,0,44,30,365.0,0,66.94,365.0,1996-12-15
00-0036382,K.Hill,WR,LAC,2020,22.96,5,0,0,0.0,0,0.0,0,0.0,0,11,7,73.0,0,14.3,73.0,1997-09-15
00-0036382,K.Hill,WR,LAC,2021,23.96,1,0,0,0.0,0,0.0,0,0.0,0,3,3,30.0,0,6.0,30.0,1997-09-15
00-0035864,K.Hinton,WR,DEN,2020,23.54,1,1,9,13.0,0,2.0,2,7.0,0,0,0,0.0,0,-2.78,7.0,1997-02-19
00-0035864,K.Hinton,WR,DEN,2021,24.54,10,1,1,1.0,0,0.0,0,0.0,0,23,15,175.0,1,38.54,175.0,1997-02-19
00-0035864,K.Hinton,WR,DEN,2022,25.54,11,0,0,0.0,0,0.0,2,13.0,0,33,24,311.0,0,56.4,324.0,1997-02-19
00-0034854,K.Hodge,WR,CLE,2019,24.66,7,0,0,0.0,0,0.0,0,0.0,0,10,4,76.0,0,11.6,76.0,1995-01-03
00-0034854,K.Hodge,WR,CLE,2020,25.66,7,0,0,0.0,0,0.0,0,0.0,0,17,11,180.0,0,29.0,180.0,1995-01-03
00-0034854,K.Hodge,WR,DET,2021,26.66,10,0,0,0.0,0,0.0,0,0.0,0,27,13,157.0,0,30.7,157.0,1995-01-03
00-0034854,K.Hodge,WR,ATL,2022,27.66,9,0,0,0.0,0,0.0,0,0.0,0,20,13,202.0,1,41.2,202.0,1995-01-03
00-0034854,K.Hodge,WR,ATL,2023,28.66,13,0,0,0.0,0,0.0,1,0.0,0,23,14,232.0,0,37.2,232.0,1995-01-03
00-0034854,K.Hodge,WR,ATL,2024,29.66,6,0,0,0.0,0,0.0,0,0.0,0,12,7,131.0,1,32.1,131.0,1995-01-03
00-0033604,K.Hogan,WR,NO,2019,24.3,1,0,0,0.0,0,0.0,0,0.0,0,1,1,4.0,0,1.4,4.0,1995-05-12
00-0035287,K.Johnson,WR,ARI,2019,22.9,10,0,0,0.0,0,0.0,1,3.0,0,42,21,187.0,1,46.0,190.0,1996-10-09
00-0035287,K.Johnson,WR,ARI,2020,23.9,8,0,0,0.0,0,0.0,0,0.0,0,23,15,173.0,0,32.3,173.0,1996-10-09
00-0039589,K.Johnson,WR,TB,2024,22.46,3,0,0,0.0,0,0.0,2,11.0,0,1,0,0.0,0,1.1,11.0,2002-03-17
00-0034317,K.Kirkwood,WR,CAR,2020,25.68,1,0,0,0.0,0,0.0,0,0.0,0,2,1,13.0,0,2.3,13.0,1994-12-26
00-0034317,K.Kirkwood,WR,CAR,2021,26.68,3,0,0,0.0,0,0.0,0,0.0,0,7,3,17.0,0,4.7,17.0,1994-12-26
00-0034317,K.Kirkwood,WR,NO,2022,27.68,3,0,0,0.0,0,0.0,0,0.0,0,4,2,18.0,0,3.8000002,18.0,1994-12-26
00-0034317,K.Kirkwood,WR,NO,2023,28.68,7,0,0,0.0,0,0.0,0,0.0,0,9,5,37.0,1,14.7,37.0,1994-12-26
00-0037420,K.Lassiter,WR,CIN,2023,25.61,1,0,0,0.0,0,0.0,0,0.0,0,1,1,2.0,0,1.2,2.0,1998-01-21
00-0035844,K.Merritt,WR,MIA,2021,24.66,1,0,0,0.0,0,0.0,0,0.0,0,3,1,13.0,0,2.3,13.0,1997-01-05
00-0036345,K.Osborn,WR,MIN,2021,24.23,17,0,0,0.0,0,0.0,1,10.0,0,82,50,655.0,7,158.5,665.0,1997-06-10
00-0036345,K.Osborn,WR,MIN,2022,25.23,18,0,0,0.0,0,0.0,3,6.0,0,93,62,670.0,6,165.6,676.0,1997-06-10
00-0036345,K.Osborn,WR,MIN,2023,26.23,15,0,0,0.0,0,0.0,0,0.0,0,75,48,540.0,3,120.0,540.0,1997-06-10
00-0036345,K.Osborn,WR,NE,2024,27.23,6,0,0,0.0,0,0.0,0,0.0,0,18,7,57.0,1,18.7,57.0,1997-06-10
00-0037273,K.Philips,WR,TEN,2022,23.21,4,0,0,0.0,0,0.0,0,0.0,0,13,8,78.0,0,15.8,78.0,1999-06-17
00-0037273,K.Philips,WR,TEN,2023,24.21,8,0,0,0.0,0,0.0,0,0.0,0,22,15,181.0,0,33.100002,181.0,1999-06-17
00-0037422,K.Pryor,WR,CIN,2024,26.65,1,0,0,0.0,0,0.0,0,0.0,0,1,1,9.0,0,1.9,9.0,1998-01-06
00-0032464,K.Raymond,WR,TEN,2019,25.07,8,0,0,0.0,0,0.0,1,-5.0,0,13,10,215.0,2,41.0,210.0,1994-08-08
00-0032464,K.Raymond,WR,TEN,2020,26.07,9,0,0,0.0,0,0.0,1,-3.0,0,16,9,187.0,0,27.4,184.0,1994-08-08
00-0032464,K.Raymond,WR,DET,2021,27.07,16,0,0,0.0,0,0.0,4,28.0,0,71,48,576.0,4,132.4,604.0,1994-08-08
00-0032464,K.Raymond,WR,DET,2022,28.07,16,0,0,0.0,0,0.0,7,36.0,0,64,47,616.0,0,116.2,652.0,1994-08-08
00-0032464,K.Raymond,WR,DET,2023,29.07,17,0,0,0.0,0,0.0,7,75.0,0,44,35,489.0,1,97.4,564.0,1994-08-08
00-0032464,K.Raymond,WR,DET,2024,30.07,11,0,0,0.0,0,0.0,2,0.0,0,25,20,252.0,2,63.199997,252.0,1994-08-08
00-0037261,K.Shakir,WR,BUF,2022,22.58,12,0,0,0.0,0,0.0,0,0.0,0,27,15,252.0,1,48.2,252.0,2000-02-03
00-0037261,K.Shakir,WR,BUF,2023,23.58,18,0,0,0.0,0,0.0,1,10.0,0,57,49,686.0,4,142.6,696.0,2000-02-03
00-0037261,K.Shakir,WR,BUF,2024,24.58,18,0,0,0.0,0,0.0,2,4.0,0,120,94,995.0,4,217.9,999.0,2000-02-03
00-0030085,K.Stills,WR,HOU,2019,27.36,15,0,0,0.0,0,0.0,0,0.0,0,66,47,687.0,5,145.7,687.0,1992-04-22
00-0030085,K.Stills,WR,HOU,2020,28.36,7,0,0,0.0,0,0.0,0,0.0,0,19,11,144.0,1,31.4,144.0,1992-04-22
00-0030085,K.Stills,WR,NO,2021,29.36,7,0,0,0.0,0,0.0,1,1.0,0,23,6,68.0,1,18.9,69.0,1992-04-22
00-0036913,K.Toney,WR,NYG,2021,22.6,9,1,3,19.0,0,0.0,3,6.0,0,57,39,420.0,0,82.36,426.0,1999-01-27
00-0036913,K.Toney,WR,KC,2022,23.6,12,0,0,0.0,0,0.0,8,96.0,1,30,23,221.0,3,78.7,317.0,1999-01-27
00-0036913,K.Toney,WR,KC,2023,24.6,13,0,1,0.0,0,0.0,11,31.0,0,38,27,169.0,1,53.0,200.0,1999-01-27
00-0036913,K.Toney,WR,CLE,2024,25.6,2,0,0,0.0,0,0.0,2,-4.0,0,1,0,0.0,0,-0.39999998,-4.0,1999-01-27
00-0037801,K.Turpin,WR,DAL,2022,26.08,6,0,0,0.0,0,0.0,3,17.0,0,3,2,17.0,0,5.4,34.0,1996-08-02
00-0037801,K.Turpin,WR,DAL,2023,27.08,12,0,0,0.0,0,0.0,11,110.0,1,18,12,127.0,3,59.7,237.0,1996-08-02
00-0037801,K.Turpin,WR,DAL,2024,28.08,15,0,0,0.0,0,0.0,16,92.0,0,52,31,420.0,2,104.2,512.0,1996-08-02
00-0031545,K.White,WR,NO,2021,29.19,3,0,0,0.0,0,0.0,0,0.0,0,5,1,38.0,0,4.8,38.0,1992-06-25
00-0031545,K.White,WR,NO,2022,30.19,4,0,0,0.0,0,0.0,0,0.0,0,5,2,74.0,0,9.4,74.0,1992-06-25
00-0036183,K.Wilkerson,WR,NE,2021,24.64,1,0,0,0.0,0,0.0,0,0.0,0,8,4,42.0,2,20.2,42.0,1997-01-10
00-0036183,K.Wilkerson,WR,LV,2024,27.64,1,0,0,0.0,0,0.0,0,0.0,0,3,2,18.0,1,9.8,18.0,1997-01-10
00-0036364,L.Bowden,WR,MIA,2020,22.88,9,1,2,32.0,0,0.0,9,32.0,0,37,28,211.0,0,53.58,243.0,1997-10-14
00-0036364,L.Bowden,WR,NO,2023,25.88,8,0,0,0.0,0,0.0,5,32.0,0,16,11,83.0,0,22.5,115.0,1997-10-14
00-0022921,L.Fitzgerald,WR,ARI,2019,36.0,16,0,0,0.0,0,0.0,0,0.0,0,107,73,835.0,4,178.5,835.0,1983-08-31
00-0022921,L.Fitzgerald,WR,ARI,2020,37.0,13,0,0,0.0,0,0.0,0,0.0,0,72,54,409.0,1,100.9,409.0,1983-08-31
00-0035406,L.Humphrey,WR,NO,2019,21.37,1,0,0,0.0,0,0.0,0,0.0,0,1,0,0.0,0,0.0,0.0,1998-04-19
00-0035406,L.Humphrey,WR,NO,2020,22.37,3,0,0,0.0,0,0.0,0,0.0,0,6,4,60.0,1,16.0,60.0,1998-04-19
00-0035406,L.Humphrey,WR,NO,2021,23.37,7,0,0,0.0,0,0.0,0,0.0,0,18,13,249.0,2,49.899998,249.0,1998-04-19
00-0035406,L.Humphrey,WR,NE,2022,24.37,3,0,0,0.0,0,0.0,0,0.0,0,4,2,20.0,0,4.0,20.0,1998-04-19
00-0035406,L.Humphrey,WR,DEN,2023,25.37,11,0,0,0.0,0,0.0,0,0.0,0,19,13,162.0,3,47.2,162.0,1998-04-19
00-0035406,L.Humphrey,WR,DEN,2024,26.37,14,0,0,0.0,0,0.0,0,0.0,0,45,31,293.0,1,64.3,293.0,1998-04-19
00-0039355,L.McCaffrey,WR,WAS,2024,23.42,13,0,0,0.0,0,0.0,0,0.0,0,25,18,168.0,0,34.8,168.0,2001-04-02
00-0039915,L.McConkey,WR,LAC,2024,22.81,17,0,0,0.0,0,0.0,0,0.0,0,126,91,1346.0,8,275.6,1346.0,2001-11-11
00-0037055,L.McCutcheon,WR,LA,2022,23.51,2,0,0,0.0,0,0.0,0,0.0,0,5,0,0.0,0,0.0,0.0,1999-02-28
00-0036268,L.Shenault,WR,JAX,2020,21.91,14,0,0,0.0,0,0.0,18,91.0,0,79,58,600.0,5,157.1,691.0,1998-10-05
00-0036268,L.Shenault,WR,JAX,2021,22.91,16,0,0,0.0,0,0.0,11,41.0,0,100,63,619.0,0,127.0,660.0,1998-10-05
00-0036268,L.Shenault,WR,CAR,2022,23.91,13,0,0,0.0,0,0.0,9,65.0,1,32,27,272.0,1,72.7,337.0,1998-10-05
00-0036268,L.Shenault,WR,CAR,2023,24.91,8,0,0,0.0,0,0.0,12,55.0,0,10,10,60.0,0,21.5,115.0,1998-10-05
00-0036268,L.Shenault,WR,SEA,2024,25.91,6,0,0,0.0,0,0.0,1,1.0,0,5,5,36.0,0,14.7,37.0,1998-10-05
00-0032951,L.Treadwell,WR,MIN,2019,24.22,9,0,0,0.0,0,0.0,0,0.0,0,16,9,184.0,1,33.4,184.0,1995-06-14
00-0032951,L.Treadwell,WR,ATL,2020,25.22,4,0,0,0.0,0,0.0,0,0.0,0,7,6,49.0,2,22.900002,49.0,1995-06-14
00-0032951,L.Treadwell,WR,JAX,2021,26.22,12,0,0,0.0,0,0.0,0,0.0,0,51,33,434.0,1,82.4,434.0,1995-06-14
00-0032951,L.Treadwell,WR,SEA,2022,27.22,3,0,0,0.0,0,0.0,0,0.0,0,10,6,42.0,0,10.2,42.0,1995-06-14
00-0032951,L.Treadwell,WR,BAL,2023,28.22,1,0,0,0.0,0,0.0,0,0.0,0,3,1,16.0,0,2.6,16.0,1995-06-14
00-0037708,M.Alexander,WR,DET,2022,25.64,1,0,0,0.0,0,0.0,0,0.0,0,1,1,7.0,0,1.7,7.0,1997-01-10
00-0034747,M.Ateman,WR,LV,2019,24.96,4,0,0,0.0,0,0.0,0,0.0,0,10,5,116.0,0,14.6,116.0,1994-09-16
00-0036959,M.Bandy,WR,LAC,2022,24.74,7,0,0,0.0,0,0.0,0,0.0,0,21,10,89.0,0,18.9,89.0,1997-12-05
00-0035703,M.Boykin,WR,BAL,2019,22.89,13,0,0,0.0,0,0.0,0,0.0,0,29,16,224.0,3,56.4,224.0,1996-10-12
00-0035703,M.Boykin,WR,BAL,2020,23.89,15,0,0,0.0,0,0.0,0,0.0,0,38,22,286.0,4,74.6,286.0,1996-10-12
00-0035703,M.Boykin,WR,BAL,2021,24.89,1,0,0,0.0,0,0.0,0,0.0,0,1,1,6.0,0,1.6,6.0,1996-10-12
00-0035703,M.Boykin,WR,PIT,2022,25.89,3,0,0,0.0,0,0.0,0,0.0,0,3,2,11.0,0,3.1,11.0,1996-10-12
00-0035703,M.Boykin,WR,PIT,2023,26.89,4,0,0,0.0,0,0.0,0,0.0,0,4,3,17.0,0,4.7,17.0,1996-10-12
00-0035662,M.Brown,WR,BAL,2019,22.24,15,0,0,0.0,0,0.0,0,0.0,0,82,53,710.0,7,166.0,710.0,1997-06-04
00-0035662,M.Brown,WR,BAL,2020,23.24,18,0,0,0.0,0,0.0,3,20.0,0,116,69,965.0,8,215.5,985.0,1997-06-04
00-0035662,M.Brown,WR,BAL,2021,24.24,16,0,0,0.0,0,0.0,1,5.0,0,146,91,1008.0,6,226.3,1013.0,1997-06-04
00-0035662,M.Brown,WR,ARI,2022,25.24,12,0,0,0.0,0,0.0,1,1.0,0,107,67,709.0,3,156.0,710.0,1997-06-04
00-0035662,M.Brown,WR,ARI,2023,26.24,13,0,0,0.0,0,0.0,2,23.0,0,101,51,574.0,4,134.7,597.0,1997-06-04
00-0035662,M.Brown,WR,KC,2024,27.24,5,0,0,0.0,0,0.0,0,0.0,0,28,14,141.0,0,28.1,141.0,1997-06-04
00-0036219,M.Callaway,WR,NO,2020,22.43,7,0,0,0.0,0,0.0,0,0.0,0,29,21,213.0,0,42.3,213.0,1998-03-27
00-0036219,M.Callaway,WR,NO,2021,23.43,17,0,0,0.0,0,0.0,0,0.0,0,84,46,698.0,6,151.8,698.0,1998-03-27
00-0036219,M.Callaway,WR,NO,2022,24.43,10,0,0,0.0,0,0.0,0,0.0,0,32,16,158.0,1,37.8,158.0,1998-03-27
00-0039920,M.Corley,WR,NYJ,2024,22.45,5,0,0,0.0,0,0.0,2,26.0,0,6,3,16.0,0,7.2,42.0,2002-03-21
00-0026986,M.Crabtree,WR,ARI,2019,31.97,2,0,0,0.0,0,0.0,0,0.0,0,5,4,22.0,0,6.2,22.0,1987-09-14
00-0038911,M.Cunningham,WR,NE,2023,24.9,1,0,0,0.0,0,0.0,0,0.0,0,0,0,0.0,0,0.0,0.0,1998-10-06
00-0031408,M.Evans,WR,TB,2019,26.03,13,0,0,0.0,0,0.0,0,0.0,0,118,67,1157.0,8,232.7,1157.0,1993-08-21
00-0031408,M.Evans,WR,TB,2020,27.03,20,0,0,0.0,0,0.0,0,0.0,0,131,81,1210.0,15,292.0,1210.0,1993-08-21
00-0031408,M.Evans,WR,TB,2021,28.03,18,0,0,0.0,0,0.0,1,10.0,0,140,91,1271.0,16,315.1,1281.0,1993-08-21
00-0031408,M.Evans,WR,TB,2022,29.03,16,0,0,0.0,0,0.0,0,0.0,0,138,83,1198.0,6,240.8,1198.0,1993-08-21
00-0031408,M.Evans,WR,TB,2023,30.03,19,0,0,0.0,0,0.0,0,0.0,0,155,90,1450.0,14,319.0,1450.0,1993-08-21
00-0031408,M.Evans,WR,TB,2024,31.03,15,0,0,0.0,0,0.0,0,0.0,0,117,81,1096.0,12,262.6,1096.0,1993-08-21
00-0035883,M.Ffrench,WR,LAC,2021,23.67,1,0,0,0.0,0,0.0,1,3.0,0,0,0,0.0,0,0.3,3.0,1998-01-01
00-0034764,M.Gallup,WR,DAL,2019,23.49,14,0,0,0.0,0,0.0,0,0.0,0,113,66,1107.0,6,212.7,1107.0,1996-03-04
00-0034764,M.Gallup,WR,DAL,2020,24.49,16,0,0,0.0,0,0.0,0,0.0,0,105,59,843.0,5,173.3,843.0,1996-03-04
00-0034764,M.Gallup,WR,DAL,2021,25.49,9,0,0,0.0,0,0.0,0,0.0,0,62,35,445.0,2,91.5,445.0,1996-03-04
00-0034764,M.Gallup,WR,DAL,2022,26.49,16,0,0,0.0,0,0.0,0,0.0,0,83,44,470.0,5,121.0,470.0,1996-03-04
00-0034764,M.Gallup,WR,DAL,2023,27.49,17,0,0,0.0,0,0.0,0,0.0,0,63,40,521.0,2,104.1,521.0,1996-03-04
00-0030068,M.Goodwin,WR,SF,2019,28.79,8,0,0,0.0,0,0.0,1,15.0,0,21,12,186.0,1,38.100002,201.0,1990-11-19
00-0030068,M.Goodwin,WR,CHI,2021,30.79,14,0,0,0.0,0,0.0,2,-1.0,0,40,20,313.0,1,57.199997,312.0,1990-11-19
00-0030068,M.Goodwin,WR,SEA,2022,31.79,12,0,0,0.0,0,0.0,2,5.0,0,42,27,387.0,4,90.2,392.0,1990-11-19
00-0030068,M.Goodwin,WR,CLE,2023,32.79,11,0,0,0.0,0,0.0,4,33.0,0,14,4,67.0,0,14.0,100.0,1990-11-19
00-0033094,M.Hall,WR,DET,2019,26.39,7,0,0,0.0,0,0.0,1,7.0,0,11,7,261.0,1,39.8,268.0,1993-04-10
00-0033094,M.Hall,WR,DET,2020,27.39,11,0,0,0.0,0,0.0,1,1.0,0,32,18,302.0,2,60.3,303.0,1993-04-10
00-0033094,M.Hall,WR,ATL,2021,28.39,1,0,0,0.0,0,0.0,0,0.0,0,1,1,10.0,0,2.0,10.0,1993-04-10
00-0035140,M.Hardman,WR,KC,2019,21.47,18,0,0,0.0,0,0.0,5,11.0,0,47,30,567.0,6,129.8,578.0,1998-03-12
00-0035140,M.Hardman,WR,KC,2020,22.47,19,0,0,0.0,0,0.0,6,85.0,0,75,49,626.0,5,156.1,711.0,1998-03-12
00-0035140,M.Hardman,WR,KC,2021,23.47,20,0,0,0.0,0,0.0,14,101.0,1,92,67,814.0,3,178.5,915.0,1998-03-12
00-0035140,M.Hardman,WR,KC,2022,24.47,9,0,0,0.0,0,0.0,6,38.0,2,37,27,307.0,4,97.5,345.0,1998-03-12
00-0035140,M.Hardman,WR,KC,2023,25.47,10,0,0,0.0,0,0.0,3,-2.0,0,31,20,186.0,1,44.4,184.0,1998-03-12
00-0035140,M.Hardman,WR,KC,2024,26.47,7,0,0,0.0,0,0.0,5,62.0,1,14,12,90.0,0,33.2,152.0,1998-03-12
00-0039849,M.Harrison,WR,ARI,2024,22.06,17,0,0,0.0,0,0.0,0,0.0,0,116,62,885.0,8,196.5,885.0,2002-08-11
00-0038465,M.Heath,WR,GB,2023,23.42,12,0,0,0.0,0,0.0,0,0.0,0,24,15,125.0,1,33.5,125.0,2000-03-31
00-0038465,M.Heath,WR,GB,2024,24.42,6,0,0,0.0,0,0.0,0,0.0,0,17,10,97.0,2,31.7,97.0,2000-03-31
00-0033555,M.Hollins,WR,PHI,2019,25.96,8,0,0,0.0,0,0.0,0,0.0,0,23,10,125.0,0,22.5,125.0,1993-09-16
00-0033555,M.Hollins,WR,MIA,2020,26.96,9,0,0,0.0,0,0.0,0,0.0,0,25,16,176.0,1,37.600002,176.0,1993-09-16
00-0033555,M.Hollins,WR,MIA,2021,27.96,13,0,0,0.0,0,0.0,0,0.0,0,28,14,223.0,4,60.3,223.0,1993-09-16
00-0033555,M.Hollins,WR,LV,2022,28.96,17,1,1,4.0,0,0.0,4,40.0,0,94,57,690.0,4,154.16,730.0,1993-09-16
00-0033555,M.Hollins,WR,ATL,2023,29.96,9,0,0,0.0,0,0.0,0,0.0,0,30,18,251.0,0,43.1,251.0,1993-09-16
00-0033555,M.Hollins,WR,BUF,2024,30.96,19,0,0,0.0,0,0.0,0,0.0,0,58,36,482.0,6,120.2,482.0,1993-09-16
00-0032980,M.Johnson,WR,IND,2019,25.07,8,0,0,0.0,0,0.0,0,0.0,0,33,17,277.0,2,56.7,277.0,1994-08-05
00-0032980,M.Johnson,WR,IND,2020,26.07,8,0,0,0.0,0,0.0,0,0.0,0,28,14,255.0,0,39.5,255.0,1994-08-05
00-0032980,M.Johnson,WR,TEN,2021,27.07,7,0,0,0.0,0,0.0,2,-2.0,0,19,9,160.0,0,24.8,158.0,1994-08-05
00-0032980,M.Johnson,WR,NYG,2022,28.07,6,0,0,0.0,0,0.0,0,0.0,0,23,10,116.0,0,21.6,116.0,1994-08-05
00-0029293,M.Jones,WR,DET,2019,29.47,13,0,0,0.0,0,0.0,2,0.0,0,91,62,779.0,9,193.9,779.0,1990-03-12
00-0029293,M.Jones,WR,DET,2020,30.47,16,0,0,0.0,0,0.0,0,0.0,0,115,76,978.0,9,227.8,978.0,1990-03-12
00-0029293,M.Jones,WR,JAX,2021,31.47,17,0,0,0.0,0,0.0,0,0.0,0,120,73,832.0,4,180.2,832.0,1990-03-12
00-0029293,M.Jones,WR,JAX,2022,32.47,18,0,0,0.0,0,0.0,0,0.0,0,90,50,579.0,4,131.9,579.0,1990-03-12
00-0029293,M.Jones,WR,DET,2023,33.47,4,0,0,0.0,0,0.0,0,0.0,0,10,5,35.0,0,6.5,35.0,1990-03-12
00-0033481,M.Kemp,WR,KC,2020,25.05,1,0,0,0.0,0,0.0,0,0.0,0,1,1,11.0,0,2.1,11.0,1995-08-14
00-0033481,M.Kemp,WR,KC,2021,26.05,5,0,0,0.0,0,0.0,0,0.0,0,5,2,24.0,0,4.3999996,24.0,1995-08-14
00-0033481,M.Kemp,WR,KC,2022,27.05,1,0,0,0.0,0,0.0,0,0.0,0,1,1,13.0,0,2.3,13.0,1995-08-14
00-0036176,M.Kinsey,WR,TEN,2022,24.01,1,0,0,0.0,0,0.0,0,0.0,0,1,1,3.0,0,1.3,3.0,1998-08-29
00-0036176,M.Kinsey,WR,TEN,2023,25.01,1,0,0,0.0,0,0.0,0,0.0,0,1,1,6.0,0,1.6,6.0,1998-08-29
00-0036176,M.Kinsey,WR,TEN,2024,26.01,2,0,0,0.0,0,0.0,0,0.0,0,2,2,17.0,0,3.6999998,17.0,1998-08-29
00-0031431,M.Lee,WR,JAX,2019,27.77,4,0,0,0.0,0,0.0,1,1.0,0,4,3,18.0,0,4.9,19.0,1991-11-25
00-0038976,M.Mims,WR,DEN,2023,21.45,15,0,0,0.0,0,0.0,9,30.0,0,33,22,377.0,1,74.7,407.0,2002-03-19
00-0038976,M.Mims,WR,DEN,2024,22.45,17,0,0,0.0,0,0.0,15,43.0,0,56,41,515.0,6,132.8,558.0,2002-03-19
00-0039337,M.Nabers,WR,NYG,2024,21.09,15,0,1,0.0,0,0.0,5,2.0,0,170,109,1204.0,7,273.6,1206.0,2003-07-28
00-0036252,M.Pittman,WR,IND,2020,22.91,14,0,0,0.0,0,0.0,4,37.0,0,71,45,593.0,1,114.0,630.0,1997-10-05
00-0036252,M.Pittman,WR,IND,2021,23.91,17,0,0,0.0,0,0.0,5,44.0,0,129,88,1082.0,6,238.6,1126.0,1997-10-05
00-0036252,M.Pittman,WR,IND,2022,24.91,16,0,0,0.0,0,0.0,3,30.0,0,141,99,925.0,4,216.5,955.0,1997-10-05
00-0036252,M.Pittman,WR,IND,2023,25.91,16,0,0,0.0,0,0.0,0,0.0,0,156,109,1152.0,4,252.2,1152.0,1997-10-05
00-0036252,M.Pittman,WR,IND,2024,26.91,16,0,0,0.0,0,0.0,0,0.0,0,111,69,808.0,3,165.8,808.0,1997-10-05
00-0029632,M.Sanu,WR,NE,2019,30.03,16,0,0,0.0,0,0.0,3,11.0,0,94,60,531.0,2,126.2,542.0,1989-08-22
00-0029632,M.Sanu,WR,DET,2020,31.03,7,0,0,0.0,0,0.0,1,3.0,0,24,17,187.0,1,44.0,190.0,1989-08-22
00-0029632,M.Sanu,WR,SF,2021,32.03,8,0,0,0.0,0,0.0,0,0.0,0,24,15,177.0,0,32.699997,177.0,1989-08-22
00-0026293,M.Slater,WR,NE,2019,33.98,1,0,0,0.0,0,0.0,0,0.0,0,0,0,0.0,0,6.0,0.0,1985-09-09
00-0036482,M.Strachan,WR,IND,2021,24.05,2,0,0,0.0,0,0.0,0,0.0,0,3,2,26.0,0,4.6,26.0,1997-08-13
00-0036482,M.Strachan,WR,IND,2022,25.05,5,0,0,0.0,0,0.0,0,0.0,0,9,3,59.0,0,8.9,59.0,1997-08-13
00-0036482,M.Strachan,WR,CAR,2023,26.05,2,0,0,0.0,0,0.0,0,0.0,0,3,1,45.0,0,5.5,45.0,1997-08-13
00-0035480,M.Taylor,WR,GB,2020,24.7,6,0,0,0.0,0,0.0,1,9.0,0,6,5,66.0,1,18.5,75.0,1995-12-21
00-0035480,M.Taylor,WR,GB,2021,25.7,1,0,0,0.0,0,0.0,0,0.0,0,3,2,14.0,0,3.4,14.0,1995-12-21
00-0035480,M.Taylor,WR,NYJ,2023,27.7,2,0,0,0.0,0,0.0,0,0.0,0,4,2,13.0,0,3.3000002,13.0,1995-12-21
00-0032765,M.Thomas,WR,NO,2019,26.5,17,0,0,0.0,0,0.0,1,-9.0,0,193,156,1795.0,9,388.6,1786.0,1993-03-03
00-0033114,M.Thomas,WR,LA,2019,25.04,3,0,0,0.0,0,0.0,0,0.0,0,5,2,14.0,0,3.4,14.0,1994-08-16
00-0032765,M.Thomas,WR,NO,2020,27.5,9,0,0,0.0,0,0.0,1,1.0,0,66,45,511.0,1,102.2,512.0,1993-03-03
00-0033114,M.Thomas,WR,CIN,2020,26.04,10,0,0,0.0,0,0.0,1,1.0,0,21,13,132.0,1,30.3,133.0,1994-08-16
00-0033114,M.Thomas,WR,CIN,2021,27.04,8,0,0,0.0,0,0.0,0,0.0,0,12,6,69.0,0,12.9,69.0,1994-08-16
00-0032765,M.Thomas,WR,NO,2022,29.5,3,0,0,0.0,0,0.0,0,0.0,0,22,16,171.0,3,51.1,171.0,1993-03-03
00-0033114,M.Thomas,WR,CIN,2022,28.04,4,0,0,0.0,0,0.0,0,0.0,0,10,2,38.0,0,7.8,38.0,1994-08-16
00-0032765,M.Thomas,WR,NO,2023,30.5,10,0,0,0.0,0,0.0,0,0.0,0,64,39,448.0,1,89.8,448.0,1993-03-03
00-0039623,M.Tipton,WR,NO,2024,23.93,9,0,0,0.0,0,0.0,0,0.0,0,26,14,99.0,0,23.9,99.0,2000-09-27
00-0034867,M.Turner,WR,SEA,2019,23.59,11,0,0,0.0,0,0.0,0,0.0,0,25,15,245.0,1,45.5,245.0,1996-01-30
00-0034867,M.Turner,WR,DAL,2021,25.59,8,0,0,0.0,0,0.0,0,0.0,0,17,13,155.0,3,46.5,155.0,1996-01-30
00-0034272,M.Valdes-Scantling,WR,GB,2019,24.89,16,0,0,0.0,0,0.0,2,9.0,0,57,27,460.0,2,85.9,469.0,1994-10-10
00-0034272,M.Valdes-Scantling,WR,GB,2020,25.89,16,0,0,0.0,0,0.0,4,13.0,0,77,41,838.0,7,166.1,851.0,1994-10-10
00-0034272,M.Valdes-Scantling,WR,GB,2021,26.89,11,0,0,0.0,0,0.0,0,0.0,0,55,26,430.0,3,87.0,430.0,1994-10-10
00-0034272,M.Valdes-Scantling,WR,KC,2022,27.89,20,0,0,0.0,0,0.0,1,-3.0,0,92,49,809.0,4,153.6,806.0,1994-10-10
00-0034272,M.Valdes-Scantling,WR,KC,2023,28.89,20,0,0,0.0,0,0.0,0,0.0,0,55,29,443.0,2,83.3,443.0,1994-10-10
00-0034272,M.Valdes-Scantling,WR,NO,2024,29.89,13,0,0,0.0,0,0.0,1,4.0,0,44,19,411.0,4,84.5,415.0,1994-10-10
00-0035374,M.Walker,WR,JAX,2019,22.84,2,0,0,0.0,0,0.0,0,0.0,0,3,2,15.0,0,3.5,15.0,1996-10-29
00-0037272,M.Washington,WR,DEN,2022,23.47,9,0,0,0.0,0,0.0,5,30.0,0,9,4,2.0,0,7.2,32.0,1999-03-14
00-0039880,M.Washington,WR,MIA,2024,23.87,12,0,0,0.0,0,0.0,5,25.0,1,36,26,223.0,0,56.800003,248.0,2000-10-20
00-0033536,M.Williams,WR,LAC,2019,24.91,15,0,0,0.0,0,0.0,1,2.0,0,90,49,1001.0,2,161.3,1003.0,1994-10-04
00-0033536,M.Williams,WR,LAC,2020,25.91,14,0,0,0.0,0,0.0,1,1.0,0,85,48,756.0,5,153.7,757.0,1994-10-04
00-0033536,M.Williams,WR,LAC,2021,26.91,16,0,0,0.0,0,0.0,0,0.0,0,129,76,1146.0,9,246.6,1146.0,1994-10-04
00-0033536,M.Williams,WR,LAC,2022,27.91,13,0,0,0.0,0,0.0,0,0.0,0,93,63,895.0,4,176.5,895.0,1994-10-04
00-0033536,M.Williams,WR,LAC,2023,28.91,3,0,0,0.0,0,0.0,1,3.0,0,26,19,249.0,1,50.2,252.0,1994-10-04
00-0033536,M.Williams,WR,NYJ,2024,29.91,14,0,0,0.0,0,0.0,0,0.0,0,36,22,335.0,1,61.5,335.0,1994-10-04
00-0038559,M.Wilson,WR,ARI,2023,23.52,13,0,0,0.0,0,0.0,0,0.0,0,58,38,565.0,3,114.5,565.0,2000-02-23
00-0038559,M.Wilson,WR,ARI,2024,24.52,16,0,0,0.0,0,0.0,1,7.0,0,71,47,548.0,4,124.5,555.0,2000-02-23
00-0037300,M.Woods,WR,CLE,2022,22.45,6,0,0,0.0,0,0.0,1,-5.0,0,10,5,45.0,0,9.0,40.0,2000-03-19
00-0037300,M.Woods,WR,CLE,2024,24.45,5,0,0,0.0,0,0.0,0,0.0,0,17,7,65.0,0,13.5,65.0,2000-03-19
00-0031549,N.Agholor,WR,PHI,2019,26.27,11,0,0,0.0,0,0.0,2,7.0,0,69,39,363.0,3,94.0,370.0,1993-05-24
00-0031549,N.Agholor,WR,LV,2020,27.27,16,0,0,0.0,0,0.0,0,0.0,0,82,48,896.0,8,185.6,896.0,1993-05-24
00-0031549,N.Agholor,WR,NE,2021,28.27,15,0,0,0.0,0,0.0,3,11.0,0,66,38,491.0,3,106.2,502.0,1993-05-24
00-0031549,N.Agholor,WR,NE,2022,29.27,14,0,0,0.0,0,0.0,0,0.0,0,53,31,362.0,2,75.2,362.0,1993-05-24
00-0031549,N.Agholor,WR,BAL,2023,30.27,18,0,0,0.0,0,0.0,0,0.0,0,52,38,432.0,5,111.2,432.0,1993-05-24
00-0031549,N.Agholor,WR,BAL,2024,31.27,15,0,0,0.0,0,0.0,0,0.0,0,31,15,256.0,2,52.6,256.0,1993-05-24
00-0033591,N.Brown,WR,DAL,2020,24.65,9,0,0,0.0,0,0.0,1,4.0,0,24,14,154.0,0,29.800001,158.0,1996-01-06
00-0033591,N.Brown,WR,DAL,2021,25.65,9,0,0,0.0,0,0.0,0,0.0,0,25,16,184.0,0,34.4,184.0,1996-01-06
00-0033591,N.Brown,WR,DAL,2022,26.65,17,0,0,0.0,0,0.0,0,0.0,0,78,47,594.0,3,122.4,594.0,1996-01-06
00-0033591,N.Brown,WR,HOU,2023,27.65,11,0,0,0.0,0,0.0,1,-1.0,0,56,33,567.0,2,101.6,566.0,1996-01-06
00-0033591,N.Brown,WR,WAS,2024,28.65,11,0,0,0.0,0,0.0,0,0.0,0,56,35,453.0,1,86.3,453.0,1996-01-06
00-0036554,N.Collins,WR,HOU,2021,22.45,14,0,0,0.0,0,0.0,0,0.0,0,60,33,446.0,1,83.6,446.0,1999-03-19
00-0036554,N.Collins,WR,HOU,2022,23.45,10,0,0,0.0,0,0.0,0,0.0,0,66,37,481.0,2,97.1,481.0,1999-03-19
00-0036554,N.Collins,WR,HOU,2023,24.45,17,0,0,0.0,0,0.0,2,11.0,0,126,91,1461.0,9,294.2,1472.0,1999-03-19
00-0036554,N.Collins,WR,HOU,2024,25.45,14,0,0,0.0,0,0.0,0,0.0,0,115,80,1209.0,8,248.90001,1209.0,1999-03-19
00-0035624,N.Harry,WR,NE,2021,23.71,9,0,0,0.0,0,0.0,0,0.0,0,22,12,184.0,0,30.4,184.0,1997-12-17
00-0035624,N.Harry,WR,CHI,2022,24.71,6,0,0,0.0,0,0.0,0,0.0,0,9,7,116.0,1,24.599998,116.0,1997-12-17
00-0038519,N.Remigio,WR,KC,2024,24.83,1,0,0,0.0,0,0.0,0,0.0,0,6,2,48.0,0,6.8,48.0,1999-11-04
00-0035621,N.Webster,WR,CHI,2022,26.6,1,0,0,0.0,0,0.0,0,0.0,0,3,2,14.0,0,3.4,14.0,1996-01-27
00-0036182,N.Westbrook-Ikhine,WR,TEN,2020,23.45,9,0,0,0.0,0,0.0,0,0.0,0,10,5,50.0,0,12.0,50.0,1997-03-21
00-0036182,N.Westbrook-Ikhine,WR,TEN,2021,24.45,16,0,0,0.0,0,0.0,0,0.0,0,58,38,476.0,4,107.6,476.0,1997-03-21
00-0036182,N.Westbrook-Ikhine,WR,TEN,2022,25.45,15,0,0,0.0,0,0.0,0,0.0,0,50,25,397.0,3,82.7,397.0,1997-03-21
00-0036182,N.Westbrook-Ikhine,WR,TEN,2023,26.45,13,0,0,0.0,0,0.0,0,0.0,0,45,28,370.0,3,85.0,370.0,1997-03-21
00-0036182,N.Westbrook-Ikhine,WR,TEN,2024,27.45,13,0,0,0.0,0,0.0,0,0.0,0,60,32,497.0,9,135.7,497.0,1997-03-21
00-0031235,O.Beckham,WR,CLE,2019,26.82,16,1,2,20.0,0,0.0,3,10.0,0,134,75,1091.0,5,215.9,1101.0,1992-11-05
00-0031235,O.Beckham,WR,CLE,2020,27.82,7,1,1,18.0,0,0.0,3,72.0,1,43,23,319.0,3,86.82,391.0,1992-11-05
00-0031235,O.Beckham,WR,LA,2021,28.82,18,1,1,40.0,0,0.0,2,14.0,0,108,65,825.0,7,192.5,839.0,1992-11-05
00-0031235,O.Beckham,WR,BAL,2023,30.82,16,0,0,0.0,0,0.0,0,0.0,0,71,39,599.0,3,114.9,599.0,1992-11-05
00-0031235,O.Beckham,WR,MIA,2024,31.82,8,0,0,0.0,0,0.0,0,0.0,0,19,9,55.0,0,14.5,55.0,1992-11-05
00-0035006,O.Johnson,WR,MIN,2019,22.46,14,0,0,0.0,0,0.0,1,6.0,0,48,33,311.0,3,82.7,317.0,1997-03-17
00-0035006,O.Johnson,WR,MIN,2020,23.46,8,0,0,0.0,0,0.0,0,0.0,0,19,14,189.0,0,34.9,189.0,1997-03-17
00-0035208,O.Zaccheaus,WR,ATL,2019,22.11,4,0,0,0.0,0,0.0,0,0.0,0,5,3,115.0,1,26.5,115.0,1997-07-23
00-0035208,O.Zaccheaus,WR,ATL,2020,23.11,9,0,0,0.0,0,0.0,1,0.0,0,32,20,274.0,1,53.399998,274.0,1997-07-23
00-0035208,O.Zaccheaus,WR,ATL,2021,24.11,15,0,0,0.0,0,0.0,1,2.0,0,53,31,406.0,3,89.799995,408.0,1997-07-23
00-0035208,O.Zaccheaus,WR,ATL,2022,25.11,16,0,0,0.0,0,0.0,2,7.0,0,61,40,533.0,3,110.0,540.0,1997-07-23
00-0035208,O.Zaccheaus,WR,PHI,2023,26.11,12,0,0,0.0,0,0.0,0,0.0,0,21,11,169.0,2,39.9,169.0,1997-07-23
00-0035208,O.Zaccheaus,WR,WAS,2024,27.11,18,0,0,0.0,0,0.0,1,8.0,0,74,52,551.0,3,127.9,559.0,1997-07-23
00-0035639,P.Campbell,WR,IND,2019,22.13,7,0,0,0.0,0,0.0,4,34.0,0,24,18,127.0,1,38.1,161.0,1997-07-16
00-0035639,P.Campbell,WR,IND,2020,23.13,2,0,0,0.0,0,0.0,2,16.0,0,9,6,71.0,0,14.7,87.0,1997-07-16
00-0035639,P.Campbell,WR,IND,2021,24.13,6,0,0,0.0,0,0.0,0,0.0,0,20,10,162.0,1,32.2,162.0,1997-07-16
00-0035639,P.Campbell,WR,IND,2022,25.13,17,0,0,0.0,0,0.0,5,58.0,0,91,63,623.0,3,149.1,681.0,1997-07-16
00-0035639,P.Campbell,WR,NYG,2023,26.13,8,0,0,0.0,0,0.0,0,0.0,0,27,20,104.0,0,30.4,104.0,1997-07-16
00-0035639,P.Campbell,WR,PHI,2024,27.13,4,0,0,0.0,0,0.0,0,0.0,0,8,6,30.0,1,15.0,30.0,1997-07-16
00-0033111,P.Cooper,WR,ARI,2019,24.49,11,0,0,0.0,0,0.0,1,2.0,0,33,25,243.0,1,55.5,245.0,1995-03-07
00-0033111,P.Cooper,WR,CAR,2020,25.49,5,0,0,0.0,0,0.0,0,0.0,0,8,5,73.0,0,12.299999,73.0,1995-03-07
00-0033111,P.Cooper,WR,NYG,2021,26.49,6,0,0,0.0,0,0.0,1,3.0,0,11,4,33.0,0,7.6,36.0,1995-03-07
00-0033111,P.Cooper,WR,ARI,2022,27.49,2,0,0,0.0,0,0.0,4,15.0,0,2,2,6.0,0,4.1,21.0,1995-03-07
00-0032208,P.Dorsett,WR,NE,2019,26.66,12,0,0,0.0,0,0.0,3,21.0,0,58,30,403.0,5,102.4,424.0,1993-01-05
00-0032208,P.Dorsett,WR,HOU,2021,28.66,5,0,0,0.0,0,0.0,1,0.0,0,14,7,110.0,0,18.0,110.0,1993-01-05
00-0032208,P.Dorsett,WR,HOU,2022,29.66,14,0,1,0.0,0,0.0,0,0.0,0,40,20,257.0,1,51.7,257.0,1993-01-05
00-0032208,P.Dorsett,WR,DEN,2023,30.66,2,0,0,0.0,0,0.0,0,0.0,0,3,0,0.0,0,0.0,0.0,1993-01-05
00-0035022,P.Hart,WR,SEA,2020,24.16,1,0,0,0.0,0,0.0,1,19.0,0,1,1,3.0,0,3.2,22.0,1996-07-05
00-0035022,P.Hart,WR,SEA,2021,25.16,9,0,0,0.0,0,0.0,0,0.0,0,12,7,59.0,0,12.900001,59.0,1996-07-05
00-0035022,P.Hart,WR,SEA,2022,26.16,3,0,0,0.0,0,0.0,0,0.0,0,4,3,20.0,0,5.0,20.0,1996-07-05
00-0039075,P.Nacua,WR,LA,2023,22.26,18,0,0,0.0,0,0.0,13,87.0,0,170,114,1667.0,7,331.4,1754.0,2001-05-29
00-0039075,P.Nacua,WR,LA,2024,23.26,13,0,0,0.0,0,0.0,12,53.0,1,129,90,1131.0,3,232.4,1184.0,2001-05-29
00-0031257,P.Richardson,WR,WAS,2019,27.39,10,0,0,0.0,0,0.0,1,0.0,0,42,28,245.0,2,64.5,245.0,1992-04-13
00-0038606,P.Washington,WR,JAX,2023,21.45,6,0,0,0.0,0,0.0,0,0.0,0,21,16,132.0,2,39.2,132.0,2002-03-21
00-0038606,P.Washington,WR,JAX,2024,22.45,13,0,0,0.0,0,0.0,0,0.0,0,51,32,390.0,3,97.0,390.0,2002-03-21
00-0035350,P.Williams,WR,MIA,2019,22.43,8,0,0,0.0,0,0.0,0,0.0,0,60,32,428.0,3,90.8,428.0,1997-03-27
00-0035350,P.Williams,WR,MIA,2020,23.43,8,0,0,0.0,0,0.0,0,0.0,0,35,18,288.0,4,74.8,288.0,1997-03-27
00-0035350,P.Williams,WR,MIA,2021,24.43,6,0,0,0.0,0,0.0,1,7.0,0,16,6,71.0,0,13.799999,78.0,1997-03-27
00-0036277,Q.Cephus,WR,DET,2020,22.42,11,0,0,0.0,0,0.0,0,0.0,0,35,20,349.0,2,66.9,349.0,1998-04-01
00-0036277,Q.Cephus,WR,DET,2021,23.42,5,0,0,0.0,0,0.0,0,0.0,0,22,15,204.0,2,49.4,204.0,1998-04-01
00-0036277,Q.Cephus,WR,DET,2022,24.42,1,0,0,0.0,0,0.0,0,0.0,0,3,2,15.0,0,3.5,15.0,1998-04-01
00-0031023,Q.Enunwa,WR,NYJ,2019,27.25,1,0,0,0.0,0,0.0,0,0.0,0,3,1,-4.0,0,-1.4,-4.0,1992-05-31
00-0038544,Q.Johnston,WR,LAC,2023,21.99,17,0,0,0.0,0,0.0,3,9.0,0,67,38,431.0,2,94.0,440.0,2001-09-06
00-0038544,Q.Johnston,WR,LAC,2024,22.99,16,0,0,0.0,0,0.0,3,6.0,0,96,55,711.0,8,174.7,717.0,2001-09-06
00-0036271,Q.Watkins,WR,PHI,2020,22.23,4,0,0,0.0,0,0.0,0,0.0,0,13,7,106.0,1,23.6,106.0,1998-06-09
00-0036271,Q.Watkins,WR,PHI,2021,23.23,18,0,0,0.0,0,0.0,1,3.0,0,69,45,682.0,1,121.5,685.0,1998-06-09
00-0036271,Q.Watkins,WR,PHI,2022,24.23,18,0,0,0.0,0,0.0,3,1.0,0,54,34,362.0,3,86.3,363.0,1998-06-09
00-0036271,Q.Watkins,WR,PHI,2023,25.23,6,0,0,0.0,0,0.0,0,0.0,0,25,18,154.0,1,39.4,154.0,1998-06-09
00-0033957,R.Adams,WR,CHI,2021,26.96,1,0,0,0.0,0,0.0,0,0.0,0,1,0,0.0,0,0.0,0.0,1994-09-15
00-0036550,R.Bateman,WR,BAL,2021,21.76,12,0,0,0.0,0,0.0,0,0.0,0,68,46,515.0,1,103.5,515.0,1999-11-29
00-0036550,R.Bateman,WR,BAL,2022,22.76,6,0,0,0.0,0,0.0,0,0.0,0,28,15,285.0,2,53.5,285.0,1999-11-29
00-0036550,R.Bateman,WR,BAL,2023,23.76,17,0,0,0.0,0,0.0,1,18.0,0,62,36,408.0,1,84.6,426.0,1999-11-29
00-0036550,R.Bateman,WR,BAL,2024,24.76,18,0,0,0.0,0,0.0,0,0.0,0,79,51,846.0,11,201.6,846.0,1999-11-29
00-0038647,R.Bell,WR,SF,2023,23.59,8,0,0,0.0,0,0.0,0,0.0,0,13,6,68.0,3,30.8,68.0,2000-01-28
00-0038647,R.Bell,WR,SF,2024,24.59,3,0,0,0.0,0,0.0,0,0.0,0,6,2,22.0,0,4.2,22.0,2000-01-28
00-0032688,R.Chosen,WR,NYJ,2019,26.31,16,0,0,0.0,0,0.0,1,4.0,0,96,52,779.0,5,162.3,783.0,1993-05-09
00-0032688,R.Chosen,WR,CAR,2020,27.31,16,0,0,0.0,0,0.0,4,15.0,0,136,95,1096.0,3,224.1,1111.0,1993-05-09
00-0032688,R.Chosen,WR,CAR,2021,28.31,17,0,0,0.0,0,0.0,3,36.0,0,110,53,519.0,5,138.5,555.0,1993-05-09
00-0032688,R.Chosen,WR,ARI,2022,29.31,12,0,0,0.0,0,0.0,0,0.0,0,44,20,282.0,1,52.2,282.0,1993-05-09
00-0032688,R.Chosen,WR,MIA,2023,30.31,5,0,0,0.0,0,0.0,0,0.0,0,6,4,126.0,1,22.6,126.0,1993-05-09
00-0032688,R.Chosen,WR,MIA,2024,31.31,1,0,0,0.0,0,0.0,0,0.0,0,4,1,5.0,0,1.5,5.0,1993-05-09
00-0028002,R.Cobb,WR,DAL,2019,29.03,15,0,1,0.0,0,0.0,3,11.0,0,83,55,828.0,3,154.9,839.0,1990-08-22
00-0028002,R.Cobb,WR,HOU,2020,30.03,10,0,1,0.0,0,0.0,0,0.0,0,48,38,441.0,3,100.1,441.0,1990-08-22
00-0028002,R.Cobb,WR,GB,2021,31.03,12,0,0,0.0,0,0.0,1,1.0,0,40,28,375.0,5,95.6,376.0,1990-08-22
00-0028002,R.Cobb,WR,GB,2022,32.03,13,0,0,0.0,0,0.0,0,0.0,0,50,34,417.0,1,81.7,417.0,1990-08-22
00-0028002,R.Cobb,WR,NYJ,2023,33.03,9,0,0,0.0,0,0.0,0,0.0,0,17,5,39.0,1,16.9,39.0,1990-08-22
00-0034054,R.Cracraft,WR,SF,2020,25.83,3,0,0,0.0,0,0.0,0,0.0,0,9,6,41.0,0,10.1,41.0,1994-11-01
00-0034054,R.Cracraft,WR,MIA,2022,27.83,8,0,0,0.0,0,0.0,0,0.0,0,14,9,102.0,2,31.2,102.0,1994-11-01
00-0034054,R.Cracraft,WR,MIA,2023,28.83,7,0,0,0.0,0,0.0,0,0.0,0,15,11,154.0,1,32.4,154.0,1994-11-01
00-0034054,R.Cracraft,WR,MIA,2024,29.83,4,0,0,0.0,0,0.0,0,0.0,0,9,7,66.0,0,13.6,66.0,1994-11-01
00-0033530,R.Davis,WR,PHI,2019,24.42,3,0,0,0.0,0,0.0,0,0.0,0,5,2,17.0,0,3.6999998,17.0,1995-04-02
00-0034034,R.Davis,WR,TEN,2019,23.97,1,0,0,0.0,0,0.0,0,0.0,0,1,1,16.0,0,2.6,16.0,1995-09-14
00-0037816,R.Doubs,WR,GB,2022,22.39,13,0,0,0.0,0,0.0,1,11.0,0,67,42,425.0,3,101.6,436.0,2000-04-13
00-0037816,R.Doubs,WR,GB,2023,23.39,19,0,0,0.0,0,0.0,0,0.0,0,108,69,908.0,9,213.8,908.0,2000-04-13
00-0037816,R.Doubs,WR,GB,2024,24.39,14,0,0,0.0,0,0.0,0,0.0,0,74,48,614.0,4,135.4,614.0,2000-04-13
00-0039410,R.Flournoy,WR,DAL,2024,24.85,7,0,0,0.0,0,0.0,0,0.0,0,14,10,102.0,0,18.2,102.0,1999-10-27
00-0034510,R.Foster,WR,BUF,2019,25.32,10,0,0,0.0,0,0.0,2,29.0,0,18,3,64.0,0,12.3,93.0,1994-05-07
00-0034510,R.Foster,WR,WAS,2020,26.32,3,0,0,0.0,0,0.0,0,0.0,0,6,2,37.0,0,5.7,37.0,1994-05-07
00-0034660,R.Gafford,WR,LV,2019,23.27,2,0,0,0.0,0,0.0,0,0.0,0,2,2,66.0,1,14.599999,66.0,1996-05-23
00-0034660,R.Gafford,WR,LV,2020,24.27,2,0,0,0.0,0,0.0,0,0.0,0,2,0,0.0,0,0.0,0.0,1996-05-23
00-0034411,R.Gage,WR,ATL,2019,23.61,14,0,0,0.0,0,0.0,4,12.0,0,74,49,446.0,1,100.8,458.0,1996-01-22
00-0034411,R.Gage,WR,ATL,2020,24.61,16,1,2,39.0,1,0.0,2,9.0,0,109,72,786.0,4,181.06,795.0,1996-01-22
00-0034411,R.Gage,WR,ATL,2021,25.61,13,0,0,0.0,0,0.0,0,0.0,0,94,66,770.0,4,163.0,770.0,1996-01-22
00-0034411,R.Gage,WR,TB,2022,26.61,14,0,0,0.0,0,0.0,0,0.0,0,78,53,436.0,5,126.6,436.0,1996-01-22
00-0031068,R.Grant,WR,LV,2019,28.7,2,0,0,0.0,0,0.0,0,0.0,0,9,4,14.0,0,5.4,14.0,1990-12-19
00-0032977,R.Higgins,WR,CLE,2019,24.9,6,0,0,0.0,0,0.0,0,0.0,0,11,4,55.0,1,15.5,55.0,1994-10-07
00-0032977,R.Higgins,WR,CLE,2020,25.9,14,0,0,0.0,0,0.0,0,0.0,0,66,44,715.0,4,139.5,715.0,1994-10-07
00-0032977,R.Higgins,WR,CLE,2021,26.9,12,0,0,0.0,0,0.0,0,0.0,0,47,24,275.0,1,57.5,275.0,1994-10-07
00-0034286,R.James,WR,SF,2019,23.99,7,0,0,0.0,0,0.0,2,-1.0,0,10,6,165.0,1,28.4,164.0,1995-09-05
00-0034286,R.James,WR,SF,2020,24.99,7,0,0,0.0,0,0.0,0,0.0,0,35,23,394.0,1,68.4,394.0,1995-09-05
00-0034286,R.James,WR,NYG,2022,26.99,16,0,0,0.0,0,0.0,2,6.0,0,86,68,651.0,4,157.7,657.0,1995-09-05
00-0034286,R.James,WR,KC,2023,27.99,11,0,0,0.0,0,0.0,0,0.0,0,18,11,120.0,0,23.0,120.0,1995-09-05
00-0038821,R.Jarrett,WR,TB,2023,22.61,6,0,0,0.0,0,0.0,1,0.0,0,9,4,60.0,0,10.0,60.0,2001-01-24
00-0038821,R.Jarrett,WR,TB,2024,23.61,6,0,0,0.0,0,0.0,0,0.0,0,11,9,124.0,0,21.4,124.0,2001-01-24
00-0039543,R.Keyton,WR,LV,2024,23.97,2,0,0,0.0,0,0.0,0,0.0,0,3,1,7.0,0,1.7,7.0,2000-09-14
00-0034407,R.McCloud,WR,PIT,2020,23.88,11,0,0,0.0,0,0.0,4,65.0,0,22,20,77.0,0,34.2,142.0,1996-10-15
00-0034407,R.McCloud,WR,PIT,2021,24.88,15,0,0,0.0,0,0.0,2,15.0,0,68,41,297.0,0,72.2,312.0,1996-10-15
00-0034407,R.McCloud,WR,SF,2022,25.88,14,0,0,0.0,0,0.0,4,78.0,1,25,14,243.0,1,58.1,321.0,1996-10-15
00-0034407,R.McCloud,WR,SF,2023,26.88,9,0,0,0.0,0,0.0,3,30.0,0,18,14,161.0,0,33.1,191.0,1996-10-15
00-0034407,R.McCloud,WR,ATL,2024,27.88,17,0,0,0.0,0,0.0,10,79.0,0,87,62,686.0,1,142.5,765.0,1996-10-15
00-0036652,R.McMath,WR,TEN,2021,22.22,5,0,0,0.0,0,0.0,0,0.0,0,6,2,8.0,0,0.79999995,8.0,1999-06-14
00-0036652,R.McMath,WR,TEN,2022,23.22,4,0,0,0.0,0,0.0,1,4.0,0,8,2,40.0,0,6.4,44.0,1999-06-14
00-0038824,R.Miller,WR,TB,2024,24.53,8,0,0,0.0,0,0.0,0,0.0,0,20,12,128.0,2,36.8,128.0,2000-02-20
00-0036936,R.Moore,WR,ARI,2021,21.23,15,0,0,0.0,0,0.0,18,76.0,0,70,59,467.0,1,119.299995,543.0,2000-06-09
00-0036936,R.Moore,WR,ARI,2022,22.23,8,0,0,0.0,0,0.0,6,-5.0,0,56,41,414.0,1,87.9,409.0,2000-06-09
00-0036936,R.Moore,WR,ARI,2023,23.23,17,0,0,0.0,0,0.0,28,178.0,1,62,40,352.0,1,105.0,530.0,2000-06-09
00-0039919,R.Odunze,WR,CHI,2024,22.41,17,0,0,0.0,0,0.0,3,15.0,0,101,54,734.0,3,144.9,749.0,2002-04-03
00-0039916,R.Pearsall,WR,SF,2024,23.98,10,0,1,0.0,0,0.0,3,45.0,0,46,31,400.0,3,93.5,445.0,2000-09-09
00-0039067,R.Rice,WR,KC,2023,23.36,20,0,0,0.0,0,0.0,3,2.0,0,135,105,1200.0,8,271.2,1202.0,2000-04-22
00-0039067,R.Rice,WR,KC,2024,24.36,3,0,0,0.0,0,0.0,1,1.0,0,29,24,288.0,2,64.9,289.0,2000-04-22
00-0035590,R.Ridley,WR,CHI,2019,23.11,3,0,0,0.0,0,0.0,0,0.0,0,7,6,69.0,0,12.9,69.0,1996-07-21
00-0035590,R.Ridley,WR,CHI,2020,24.11,3,0,0,0.0,0,0.0,0,0.0,0,6,6,75.0,0,13.5,75.0,1996-07-21
00-0037545,R.Shaheed,WR,NO,2022,24.0,11,0,0,0.0,0,0.0,4,57.0,1,34,28,488.0,2,100.5,545.0,1998-08-31
00-0037545,R.Shaheed,WR,NO,2023,25.0,15,0,0,0.0,0,0.0,7,37.0,0,75,46,719.0,5,157.6,756.0,1998-08-31
00-0037545,R.Shaheed,WR,NO,2024,26.0,6,0,0,0.0,0,0.0,6,29.0,0,41,20,349.0,3,81.8,378.0,1998-08-31
00-0030147,R.Shepard,WR,NYG,2019,28.96,2,0,0,0.0,0,0.0,0,0.0,0,8,3,25.0,0,5.5,25.0,1990-09-17
00-0033562,R.Switzer,WR,PIT,2019,24.83,3,0,0,0.0,0,0.0,0,0.0,0,11,8,27.0,0,10.7,27.0,1994-11-04
00-0030431,R.Woods,WR,LA,2019,27.39,15,0,0,0.0,0,0.0,17,115.0,1,139,90,1134.0,2,232.90001,1249.0,1992-04-10
00-0030431,R.Woods,WR,LA,2020,28.39,18,0,0,0.0,0,0.0,25,152.0,2,147,102,1032.0,7,272.4,1184.0,1992-04-10
00-0030431,R.Woods,WR,LA,2021,29.39,9,0,0,0.0,0,0.0,8,46.0,1,69,45,556.0,4,137.2,602.0,1992-04-10
00-0030431,R.Woods,WR,TEN,2022,30.39,17,0,0,0.0,0,0.0,0,0.0,0,91,53,527.0,2,117.7,527.0,1992-04-10
00-0030431,R.Woods,WR,HOU,2023,31.39,15,0,0,0.0,0,0.0,1,7.0,0,81,42,443.0,1,93.0,450.0,1992-04-10
00-0030431,R.Woods,WR,HOU,2024,32.39,13,0,0,0.0,0,0.0,0,0.0,0,34,22,225.0,0,42.5,225.0,1992-04-10
00-0031588,S.Diggs,WR,MIN,2019,25.76,17,0,1,0.0,0,0.0,7,69.0,0,102,67,1206.0,7,230.5,1275.0,1993-11-29
00-0031588,S.Diggs,WR,BUF,2020,26.76,19,0,0,0.0,0,0.0,1,1.0,0,197,147,1846.0,10,391.7,1847.0,1993-11-29
00-0031588,S.Diggs,WR,BUF,2021,27.76,19,0,0,0.0,0,0.0,0,0.0,0,174,109,1292.0,10,300.2,1292.0,1993-11-29
00-0031588,S.Diggs,WR,BUF,2022,28.76,18,0,0,0.0,0,0.0,1,-3.0,0,173,119,1578.0,11,342.5,1575.0,1993-11-29
00-0031588,S.Diggs,WR,BUF,2023,29.76,19,0,0,0.0,0,0.0,2,12.0,0,177,117,1256.0,8,291.8,1268.0,1993-11-29
00-0031588,S.Diggs,WR,HOU,2024,30.76,8,1,1,13.0,0,0.0,3,8.0,1,64,47,496.0,3,121.92,504.0,1993-11-29
00-0036646,S.Fehoko,WR,DAL,2022,24.82,2,0,0,0.0,0,0.0,0,0.0,0,4,3,24.0,0,5.4,24.0,1997-11-05
00-0036646,S.Fehoko,WR,LAC,2023,25.82,1,0,0,0.0,0,0.0,0,0.0,0,2,1,9.0,1,7.9,9.0,1997-11-05
00-0036646,S.Fehoko,WR,LAC,2024,26.82,5,0,0,0.0,0,0.0,0,0.0,0,16,6,106.0,0,16.6,106.0,1997-11-05
00-0038891,S.Jackson,WR,CIN,2023,23.87,1,0,0,0.0,0,0.0,0,0.0,0,1,0,0.0,0,0.0,0.0,1999-10-20
00-0035298,S.Miller,WR,TB,2019,22.09,9,0,0,0.0,0,0.0,2,16.0,0,26,13,200.0,1,40.6,216.0,1997-07-31
00-0035298,S.Miller,WR,TB,2020,23.09,18,0,0,0.0,0,0.0,5,19.0,0,59,37,581.0,4,121.0,600.0,1997-07-31
00-0035298,S.Miller,WR,TB,2021,24.09,7,0,0,0.0,0,0.0,3,52.0,1,16,10,84.0,0,29.599998,136.0,1997-07-31
00-0035298,S.Miller,WR,TB,2022,25.09,11,0,0,0.0,0,0.0,1,8.0,0,40,23,185.0,0,42.3,193.0,1997-07-31
00-0035298,S.Miller,WR,ATL,2023,26.09,9,0,0,0.0,0,0.0,0,0.0,0,16,11,161.0,2,39.1,161.0,1997-07-31
00-0035298,S.Miller,WR,PIT,2024,27.09,4,0,0,0.0,0,0.0,0,0.0,0,9,5,69.0,0,11.9,69.0,1997-07-31
00-0034081,S.Mitchell,WR,HOU,2019,25.33,2,0,0,0.0,0,0.0,0,0.0,0,6,2,37.0,0,5.7,37.0,1994-05-02
00-0034081,S.Mitchell,WR,HOU,2020,26.33,3,0,0,0.0,0,0.0,0,0.0,0,8,5,60.0,0,11.0,60.0,1994-05-02
00-0038090,S.Moore,WR,KC,2022,21.98,17,0,0,0.0,0,0.0,5,31.0,0,42,27,267.0,1,62.800003,298.0,2000-09-10
00-0038090,S.Moore,WR,KC,2023,22.98,13,0,0,0.0,0,0.0,3,23.0,0,38,21,244.0,1,53.7,267.0,2000-09-10
00-0038090,S.Moore,WR,KC,2024,23.98,2,0,0,0.0,0,0.0,0,0.0,0,3,0,0.0,0,0.0,0.0,2000-09-10
00-0035399,S.Morgan,WR,CIN,2019,22.99,5,0,0,0.0,0,0.0,0,0.0,0,10,3,18.0,0,4.8,18.0,1996-09-07
00-0035399,S.Morgan,WR,CIN,2021,24.99,3,0,0,0.0,0,0.0,1,3.0,0,4,2,11.0,0,3.3999999,14.0,1996-09-07
00-0035399,S.Morgan,WR,CIN,2022,25.99,1,0,0,0.0,0,0.0,0,0.0,0,1,0,0.0,0,0.0,0.0,1996-09-07
00-0031166,S.Roberts,WR,BAL,2019,28.53,15,0,0,0.0,0,0.0,0,0.0,0,39,23,301.0,2,65.1,301.0,1991-02-22
00-0031166,S.Roberts,WR,CAR,2020,29.53,3,0,0,0.0,0,0.0,0,0.0,0,6,4,31.0,0,7.1,31.0,1991-02-22
00-0032385,S.Shepard,WR,NYG,2019,26.56,10,0,0,0.0,0,0.0,6,72.0,0,83,57,576.0,3,141.8,648.0,1993-02-10
00-0032385,S.Shepard,WR,NYG,2020,27.56,12,0,0,0.0,0,0.0,6,49.0,1,90,66,656.0,3,162.5,705.0,1993-02-10
00-0032385,S.Shepard,WR,NYG,2021,28.56,7,0,0,0.0,0,0.0,1,-9.0,0,53,36,366.0,1,77.7,357.0,1993-02-10
00-0032385,S.Shepard,WR,NYG,2022,29.56,3,0,0,0.0,0,0.0,0,0.0,0,24,13,154.0,1,34.4,154.0,1993-02-10
00-0032385,S.Shepard,WR,NYG,2023,30.56,10,0,0,0.0,0,0.0,1,6.0,0,22,10,57.0,1,22.3,63.0,1993-02-10
00-0032385,S.Shepard,WR,TB,2024,31.56,13,0,0,0.0,0,0.0,8,69.0,0,51,32,334.0,1,80.3,403.0,1993-02-10
00-0034928,S.Sims,WR,WAS,2019,22.42,13,0,1,0.0,0,0.0,9,85.0,1,56,34,310.0,4,109.5,395.0,1997-03-31
00-0034928,S.Sims,WR,WAS,2020,23.42,12,0,0,0.0,0,0.0,2,22.0,0,41,30,298.0,2,74.0,320.0,1997-03-31
00-0034928,S.Sims,WR,PIT,2022,25.42,11,0,0,0.0,0,0.0,13,70.0,0,23,14,104.0,0,31.4,174.0,1997-03-31
00-0034928,S.Sims,WR,HOU,2023,26.42,3,0,0,0.0,0,0.0,1,1.0,0,3,3,25.0,0,11.6,26.0,1997-03-31
00-0034928,S.Sims,WR,BAL,2024,27.42,3,0,0,0.0,0,0.0,2,15.0,0,1,1,4.0,0,2.9,19.0,1997-03-31
00-0036572,S.Smith,WR,CAR,2021,22.85,5,0,0,0.0,0,0.0,1,-3.0,0,11,6,104.0,0,16.1,101.0,1998-10-26
00-0036572,S.Smith,WR,CAR,2022,23.85,15,0,0,0.0,0,0.0,0,0.0,0,41,22,296.0,2,61.6,296.0,1998-10-26
00-0037098,S.Toure,WR,GB,2022,24.44,4,0,0,0.0,0,0.0,0,0.0,0,10,5,82.0,1,19.199999,82.0,1998-03-24
00-0037098,S.Toure,WR,GB,2023,25.44,8,0,0,0.0,0,0.0,0,0.0,0,18,8,78.0,0,17.8,78.0,1998-03-24
00-0031325,S.Watkins,WR,KC,2019,26.22,16,0,0,0.0,0,0.0,3,26.0,0,108,66,961.0,4,188.7,987.0,1993-06-14
00-0031325,S.Watkins,WR,KC,2020,27.22,11,0,1,0.0,0,1.0,1,3.0,0,56,38,434.0,2,89.7,437.0,1993-06-14
00-0031325,S.Watkins,WR,BAL,2021,28.22,11,0,0,0.0,0,0.0,0,0.0,0,49,27,394.0,1,70.4,394.0,1993-06-14
00-0031325,S.Watkins,WR,GB,2022,29.22,10,0,0,0.0,0,0.0,0,0.0,0,30,17,337.0,0,48.7,337.0,1993-06-14
00-0036657,S.Williams,WR,DEN,2021,21.39,1,0,0,0.0,0,0.0,0,0.0,0,1,1,34.0,0,4.4,34.0,2000-04-10
00-0036849,T.Atwell,WR,LA,2022,22.9,12,0,0,0.0,0,0.0,9,34.0,1,35,18,298.0,1,63.2,332.0,1999-10-07
00-0036849,T.Atwell,WR,LA,2023,23.9,15,0,0,0.0,0,0.0,5,31.0,0,68,40,521.0,4,123.2,552.0,1999-10-07
00-0036849,T.Atwell,WR,LA,2024,24.9,16,0,1,0.0,0,0.0,2,7.0,0,63,43,580.0,0,101.7,587.0,1999-10-07
00-0030525,T.Austin,WR,DAL,2019,29.46,13,0,0,0.0,0,0.0,6,47.0,1,24,13,177.0,1,47.399998,224.0,1990-03-15
00-0030525,T.Austin,WR,GB,2020,30.46,3,0,0,0.0,0,0.0,0,0.0,0,5,5,20.0,0,7.0,20.0,1990-03-15
00-0030525,T.Austin,WR,JAX,2021,31.46,11,0,0,0.0,0,0.0,3,21.0,0,37,24,213.0,1,53.4,234.0,1990-03-15
00-0029269,T.Benjamin,WR,LAC,2019,29.67,5,0,0,0.0,0,0.0,0,0.0,0,16,6,30.0,0,9.0,30.0,1989-12-29
00-0029269,T.Benjamin,WR,SF,2021,31.67,5,0,0,0.0,0,0.0,0,0.0,0,7,1,17.0,0,2.7,17.0,1989-12-29
00-0034930,T.Benson,WR,DET,2021,24.63,7,0,0,0.0,0,0.0,0,0.0,0,22,10,103.0,0,20.3,103.0,1997-01-16
00-0036491,T.Black,WR,NYJ,2021,23.56,1,0,0,0.0,0,0.0,0,0.0,0,2,1,10.0,0,2.0,10.0,1998-02-10
00-0033009,T.Boyd,WR,CIN,2019,24.8,16,0,0,0.0,0,0.0,4,23.0,0,148,90,1046.0,5,222.9,1069.0,1994-11-15
00-0033009,T.Boyd,WR,CIN,2020,25.8,15,1,2,16.0,0,0.0,5,49.0,0,110,79,841.0,4,192.64,890.0,1994-11-15
00-0033009,T.Boyd,WR,CIN,2021,26.8,20,1,1,46.0,0,0.0,3,25.0,0,114,82,938.0,6,216.14,963.0,1994-11-15
00-0033009,T.Boyd,WR,CIN,2022,27.8,19,1,1,23.0,0,0.0,0,0.0,0,89,64,851.0,5,182.02,851.0,1994-11-15
00-0033009,T.Boyd,WR,CIN,2023,28.8,17,0,1,0.0,0,1.0,2,11.0,0,98,67,667.0,2,144.8,678.0,1994-11-15
00-0033009,T.Boyd,WR,TEN,2024,29.8,15,0,1,0.0,0,0.0,1,3.0,0,57,39,390.0,0,78.3,393.0,1994-11-15
00-0037742,T.Burks,WR,TEN,2022,22.44,11,0,0,0.0,0,0.0,4,47.0,0,54,33,444.0,1,88.1,491.0,2000-03-23
00-0037742,T.Burks,WR,TEN,2023,23.44,9,0,0,0.0,0,0.0,5,18.0,0,30,16,221.0,0,39.9,239.0,2000-03-23
00-0037742,T.Burks,WR,TEN,2024,24.44,5,0,0,0.0,0,0.0,2,1.0,0,8,4,34.0,0,7.5,35.0,2000-03-23
00-0036439,T.Cleveland,WR,DEN,2020,22.95,5,0,0,0.0,0,0.0,0,0.0,0,9,6,63.0,0,12.3,63.0,1997-09-20
00-0036439,T.Cleveland,WR,DEN,2021,23.95,1,0,0,0.0,0,0.0,0,0.0,0,1,0,0.0,0,0.0,0.0,1997-09-20
00-0036439,T.Cleveland,WR,DEN,2022,24.95,3,0,0,0.0,0,0.0,0,0.0,0,7,2,28.0,0,4.8,28.0,1997-09-20
00-0037348,T.Conner,WR,MIA,2022,24.45,2,0,0,0.0,0,0.0,0,0.0,0,3,0,0.0,0,0.0,0.0,1998-03-20
00-0037348,T.Conner,WR,MIA,2024,26.45,2,0,0,0.0,0,0.0,0,0.0,0,4,3,16.0,0,4.6,16.0,1998-03-20
00-0032423,T.Davis,WR,LV,2019,26.16,7,0,0,0.0,0,0.0,4,73.0,1,11,8,111.0,0,30.4,184.0,1993-07-04
00-0038977,T.Dell,WR,HOU,2023,23.84,10,0,0,0.0,0,0.0,11,51.0,0,75,47,709.0,7,165.0,760.0,1999-10-29
00-0038977,T.Dell,WR,HOU,2024,24.84,14,0,0,0.0,0,0.0,9,43.0,0,81,51,667.0,3,140.0,710.0,1999-10-29
00-0039868,T.Franklin,WR,DEN,2024,21.57,17,0,0,0.0,0,0.0,2,8.0,0,56,30,317.0,3,80.5,325.0,2003-02-06
00-0035592,T.Fulgham,WR,DET,2019,23.97,2,0,0,0.0,0,0.0,0,0.0,0,3,0,0.0,0,0.0,0.0,1995-09-13
00-0035592,T.Fulgham,WR,PHI,2020,24.97,12,0,0,0.0,0,0.0,0,0.0,0,67,38,539.0,4,115.9,539.0,1995-09-13
00-0031228,T.Gabriel,WR,CHI,2019,28.54,9,0,0,0.0,0,0.0,3,20.0,0,48,29,353.0,4,90.3,373.0,1991-02-17
00-0033633,T.Gentry,WR,BUF,2022,,1,0,0,0.0,0,0.0,0,0.0,0,1,0,0.0,0,0.0,0.0,
00-0033633,T.Gentry,WR,BUF,2022,27.7,1,0,0,0.0,0,0.0,0,0.0,0,1,0,0.0,0,0.0,0.0,1994-12-18
00-0025396,T.Ginn,WR,NO,2019,34.39,16,0,0,0.0,0,0.0,3,18.0,0,58,31,439.0,2,88.7,457.0,1985-04-12
00-0025396,T.Ginn,WR,CHI,2020,35.39,3,0,0,0.0,0,0.0,0,0.0,0,6,3,40.0,0,7.0,40.0,1985-04-12
00-0035313,T.Godwin,WR,JAX,2020,23.86,2,0,0,0.0,0,0.0,1,3.0,0,6,3,32.0,0,6.5,35.0,1996-10-23
00-0036410,T.Higgins,WR,CIN,2020,21.62,15,0,0,0.0,0,0.0,5,28.0,0,108,67,908.0,6,194.6,936.0,1999-01-18
00-0036410,T.Higgins,WR,CIN,2021,22.62,18,0,0,0.0,0,0.0,0,0.0,0,140,92,1400.0,8,280.0,1400.0,1999-01-18
00-0036410,T.Higgins,WR,CIN,2022,23.62,17,0,0,0.0,0,0.0,0,0.0,0,130,87,1177.0,8,256.7,1177.0,1999-01-18
00-0036410,T.Higgins,WR,CIN,2023,24.62,12,0,0,0.0,0,0.0,0,0.0,0,76,42,656.0,5,137.6,656.0,1999-01-18
00-0036410,T.Higgins,WR,CIN,2024,25.62,12,0,0,0.0,0,0.0,0,0.0,0,109,73,911.0,10,222.09999,911.0,1999-01-18
00-0033040,T.Hill,WR,KC,2019,25.5,15,0,0,0.0,0,0.0,10,34.0,0,116,75,1073.0,9,239.7,1107.0,1994-03-01
00-0033040,T.Hill,WR,KC,2020,26.5,18,0,0,0.0,0,0.0,17,137.0,2,166,111,1631.0,15,389.8,1768.0,1994-03-01
00-0033040,T.Hill,WR,KC,2021,27.5,20,0,0,0.0,0,0.0,10,94.0,0,187,134,1524.0,12,365.8,1618.0,1994-03-01
00-0033040,T.Hill,WR,MIA,2022,28.5,18,0,0,0.0,0,0.0,9,37.0,1,185,126,1779.0,7,357.6,1816.0,1994-03-01
00-0033040,T.Hill,WR,MIA,2023,29.5,17,0,0,0.0,0,0.0,6,15.0,0,179,124,1861.0,14,393.6,1876.0,1994-03-01
00-0033040,T.Hill,WR,MIA,2024,30.5,17,0,0,0.0,0,0.0,8,53.0,0,122,81,959.0,6,218.2,1012.0,1994-03-01
00-0029608,T.Hilton,WR,IND,2019,29.8,10,0,0,0.0,0,0.0,0,0.0,0,68,45,501.0,5,125.1,501.0,1989-11-14
00-0029608,T.Hilton,WR,IND,2020,30.8,16,0,0,0.0,0,0.0,0,0.0,0,98,58,794.0,5,169.4,794.0,1989-11-14
00-0029608,T.Hilton,WR,IND,2021,31.8,10,0,0,0.0,0,0.0,0,0.0,0,37,23,331.0,3,74.1,331.0,1989-11-14
00-0029608,T.Hilton,WR,DAL,2022,32.8,5,0,0,0.0,0,0.0,0,0.0,0,15,10,159.0,0,25.9,159.0,1989-11-14
00-0035341,T.Irwin,WR,CIN,2020,24.73,1,0,0,0.0,0,0.0,0,0.0,0,2,1,5.0,0,1.5,5.0,1995-12-10
00-0035341,T.Irwin,WR,CIN,2021,25.73,2,0,0,0.0,0,0.0,0,0.0,0,5,2,34.0,0,5.4,34.0,1995-12-10
00-0035341,T.Irwin,WR,CIN,2022,26.73,11,0,0,0.0,0,0.0,1,11.0,0,27,17,250.0,4,67.1,261.0,1995-12-10
00-0035341,T.Irwin,WR,CIN,2023,27.73,10,0,0,0.0,0,0.0,0,0.0,0,32,25,316.0,1,62.6,316.0,1995-12-10
00-0035341,T.Irwin,WR,CIN,2024,28.73,4,0,0,0.0,0,0.0,0,0.0,0,10,3,15.0,0,4.5,15.0,1995-12-10
00-0035934,T.Jackson,WR,MIN,2023,25.48,2,0,0,0.0,0,0.0,0,0.0,0,4,2,9.0,0,4.9,9.0,1998-03-09
00-0035457,T.Johnson,WR,LAC,2020,24.65,11,0,0,0.0,0,0.0,3,17.0,0,26,20,398.0,3,79.5,415.0,1996-01-08
00-0036427,T.Johnson,WR,TB,2020,22.02,13,0,0,0.0,0,0.0,0,0.0,0,21,14,200.0,2,46.0,200.0,1998-08-25
00-0035457,T.Johnson,WR,JAX,2021,25.65,4,0,0,0.0,0,0.0,0,0.0,0,5,2,16.0,0,3.6,16.0,1996-01-08
00-0036427,T.Johnson,WR,TB,2021,23.02,17,0,0,0.0,0,0.0,0,0.0,0,64,41,405.0,0,81.5,405.0,1998-08-25
00-0035457,T.Johnson,WR,HOU,2022,26.65,1,0,0,0.0,0,0.0,0,0.0,0,1,1,8.0,0,1.8,8.0,1996-01-08
00-0036427,T.Johnson,WR,LA,2023,25.02,1,0,0,0.0,0,0.0,0,0.0,0,3,2,8.0,1,8.8,8.0,1998-08-25
00-0036427,T.Johnson,WR,LA,2024,26.02,11,0,0,0.0,0,0.0,0,0.0,0,41,26,291.0,1,61.1,291.0,1998-08-25
00-0031189,T.Jones,WR,NYG,2019,27.12,1,0,0,0.0,0,0.0,0,0.0,0,4,3,38.0,1,12.8,38.0,1992-07-19
00-0036497,T.Jones,WR,JAX,2022,24.3,4,0,0,0.0,0,0.0,0,0.0,0,4,3,30.0,0,6.0,30.0,1998-05-15
00-0036497,T.Jones,WR,JAX,2023,25.3,9,0,0,0.0,0,0.0,0,0.0,0,18,11,83.0,0,19.3,83.0,1998-05-15
00-0036497,T.Jones,WR,JAX,2024,26.3,3,0,0,0.0,0,0.0,0,0.0,0,5,3,41.0,0,7.1,41.0,1998-05-15
00-0035544,T.Kennedy,WR,DET,2021,25.09,6,1,1,75.0,1,0.0,0,0.0,0,10,6,54.0,0,18.400002,54.0,1996-07-29
00-0035544,T.Kennedy,WR,DET,2022,26.09,5,0,0,0.0,0,0.0,0,0.0,0,15,8,141.0,0,22.1,141.0,1996-07-29
00-0035544,T.Kennedy,WR,DET,2024,28.09,1,0,0,0.0,0,0.0,0,0.0,0,1,0,0.0,0,0.0,0.0,1996-07-29
00-0032881,T.Lewis,WR,NO,2020,27.86,4,0,0,0.0,0,0.0,2,14.0,0,3,1,5.0,0,2.9,19.0,1992-10-24
00-0032881,T.Lewis,WR,MIA,2021,28.86,1,0,0,0.0,0,0.0,0,0.0,0,2,1,7.0,0,1.7,7.0,1992-10-24
00-0032211,T.Lockett,WR,SEA,2019,26.93,18,0,0,0.0,0,0.0,4,-5.0,0,128,95,1255.0,9,274.0,1250.0,1992-09-28
00-0032211,T.Lockett,WR,SEA,2020,27.93,17,0,0,0.0,0,0.0,0,0.0,0,136,102,1097.0,10,271.7,1097.0,1992-09-28
00-0032211,T.Lockett,WR,SEA,2021,28.93,16,0,0,0.0,0,0.0,2,9.0,0,107,73,1175.0,8,241.4,1184.0,1992-09-28
00-0032211,T.Lockett,WR,SEA,2022,29.93,17,0,0,0.0,0,0.0,0,0.0,0,125,90,1072.0,9,249.2,1072.0,1992-09-28
00-0032211,T.Lockett,WR,SEA,2023,30.93,17,0,0,0.0,0,0.0,0,0.0,0,122,79,894.0,5,202.4,894.0,1992-09-28
00-0032211,T.Lockett,WR,SEA,2024,31.93,17,0,0,0.0,0,0.0,0,0.0,0,74,49,600.0,2,121.0,600.0,1992-09-28
00-0036955,T.Marshall,WR,CAR,2021,21.23,12,0,0,0.0,0,0.0,0,0.0,0,30,17,138.0,0,32.8,138.0,2000-06-09
00-0036955,T.Marshall,WR,CAR,2022,22.23,13,0,0,0.0,0,0.0,0,0.0,0,47,28,490.0,1,83.0,490.0,2000-06-09
00-0036955,T.Marshall,WR,CAR,2023,23.23,8,0,0,0.0,0,0.0,0,0.0,0,33,19,139.0,0,32.9,139.0,2000-06-09
00-0036955,T.Marshall,WR,LV,2024,24.23,5,0,0,0.0,0,0.0,0,0.0,0,6,3,41.0,0,7.1,41.0,2000-06-09
00-0037524,T.Martin,WR,TEN,2024,26.72,1,0,0,0.0,0,0.0,0,0.0,0,2,1,49.0,1,11.9,49.0,1997-12-14
00-0035659,T.McLaurin,WR,WAS,2019,23.96,14,0,0,0.0,0,0.0,0,0.0,0,93,58,919.0,7,191.9,919.0,1995-09-15
00-0035659,T.McLaurin,WR,WAS,2020,24.96,16,0,0,0.0,0,0.0,2,30.0,0,141,93,1193.0,4,237.3,1223.0,1995-09-15
00-0035659,T.McLaurin,WR,WAS,2021,25.96,17,0,0,0.0,0,0.0,1,12.0,0,130,77,1053.0,5,213.5,1065.0,1995-09-15
00-0035659,T.McLaurin,WR,WAS,2022,26.96,17,0,0,0.0,0,0.0,7,29.0,0,120,77,1191.0,5,229.0,1220.0,1995-09-15
00-0035659,T.McLaurin,WR,WAS,2023,27.96,17,0,0,0.0,0,0.0,0,0.0,0,132,79,1002.0,4,203.2,1002.0,1995-09-15
00-0035659,T.McLaurin,WR,WAS,2024,28.96,20,0,0,0.0,0,0.0,2,2.0,0,140,96,1323.0,16,322.5,1325.0,1995-09-15
00-0032200,T.Montgomery,WR,NYJ,2019,26.61,12,0,0,0.0,0,0.0,32,103.0,0,17,13,90.0,0,32.3,193.0,1993-01-22
00-0032200,T.Montgomery,WR,NO,2020,27.61,5,0,0,0.0,0,0.0,23,115.0,0,7,4,40.0,0,19.5,155.0,1993-01-22
00-0032200,T.Montgomery,WR,NO,2021,28.61,11,0,0,0.0,0,0.0,15,44.0,0,26,16,95.0,0,29.9,139.0,1993-01-22
00-0032200,T.Montgomery,WR,NE,2022,29.61,1,0,0,0.0,0,0.0,2,-2.0,0,4,3,15.0,1,10.3,13.0,1993-01-22
00-0032200,T.Montgomery,WR,NE,2023,30.61,7,0,0,0.0,0,0.0,3,9.0,0,12,5,40.0,0,9.9,49.0,1993-01-22
00-0039052,T.Palmer,WR,TB,2023,22.42,19,0,0,0.0,0,0.0,4,31.0,0,72,42,473.0,4,114.4,504.0,2001-04-02
00-0039052,T.Palmer,WR,TB,2024,23.42,10,0,0,0.0,0,0.0,0,0.0,0,22,12,172.0,1,35.2,172.0,2001-04-02
00-0033375,T.Patrick,WR,DEN,2019,25.77,7,0,0,0.0,0,0.0,0,0.0,0,31,16,218.0,0,37.8,218.0,1993-11-23
00-0033375,T.Patrick,WR,DEN,2020,26.77,15,0,0,0.0,0,0.0,0,0.0,0,79,51,742.0,6,161.2,742.0,1993-11-23
00-0033375,T.Patrick,WR,DEN,2021,27.77,16,0,0,0.0,0,0.0,0,0.0,0,85,53,734.0,5,156.4,734.0,1993-11-23
00-0033375,T.Patrick,WR,DET,2024,30.77,16,0,0,0.0,0,0.0,0,0.0,0,48,34,416.0,3,95.6,416.0,1993-11-23
00-0034339,T.Quinn,WR,WAS,2019,23.74,12,0,0,0.0,0,0.0,0,0.0,0,47,26,198.0,1,51.8,198.0,1995-12-07
00-0038941,T.Scott,WR,CHI,2023,21.89,13,0,0,0.0,0,0.0,7,41.0,0,32,17,168.0,0,35.9,209.0,2001-10-12
00-0038941,T.Scott,WR,CHI,2024,22.89,1,0,0,0.0,0,0.0,0,0.0,0,1,1,5.0,0,1.5,5.0,2001-10-12
00-0032778,T.Sharpe,WR,TEN,2019,24.69,16,0,0,0.0,0,0.0,0,0.0,0,41,26,335.0,4,83.5,335.0,1994-12-23
00-0032778,T.Sharpe,WR,MIN,2020,25.69,3,0,0,0.0,0,0.0,0,0.0,0,3,0,0.0,0,0.0,0.0,1994-12-23
00-0032778,T.Sharpe,WR,ATL,2021,26.69,14,0,0,0.0,0,0.0,0,0.0,0,37,25,230.0,0,48.0,230.0,1994-12-23
00-0038679,T.Shavers,WR,BUF,2024,25.04,1,0,0,0.0,0,0.0,0,0.0,0,1,1,69.0,1,13.9,69.0,1999-08-18
00-0034487,T.Sherfield,WR,ARI,2019,23.52,7,0,0,0.0,0,0.0,0,0.0,0,13,4,80.0,0,12.0,80.0,1996-02-26
00-0034487,T.Sherfield,WR,ARI,2020,24.52,2,0,0,0.0,0,0.0,0,0.0,0,7,5,50.0,0,10.0,50.0,1996-02-26
00-0034487,T.Sherfield,WR,SF,2021,25.52,10,0,0,0.0,0,0.0,0,0.0,0,22,9,87.0,1,23.7,87.0,1996-02-26
00-0034487,T.Sherfield,WR,MIA,2022,26.52,17,0,0,0.0,0,0.0,0,0.0,0,53,30,417.0,2,83.7,417.0,1996-02-26
00-0034487,T.Sherfield,WR,BUF,2023,27.52,10,0,0,0.0,0,0.0,0,0.0,0,25,12,93.0,1,27.3,93.0,1996-02-26
00-0034487,T.Sherfield,WR,MIN,2024,28.52,9,0,0,0.0,0,0.0,0,0.0,0,12,10,91.0,1,25.1,91.0,1996-02-26
00-0034765,T.Smith,WR,NO,2019,23.65,11,0,0,0.0,0,0.0,0,0.0,0,26,18,234.0,5,71.4,234.0,1996-01-07
00-0034765,T.Smith,WR,NO,2020,24.65,14,0,0,0.0,0,0.0,1,3.0,0,53,37,533.0,6,126.6,536.0,1996-01-07
00-0034765,T.Smith,WR,NO,2021,25.65,10,0,0,0.0,0,0.0,0,0.0,0,50,32,377.0,3,87.7,377.0,1996-01-07
00-0034765,T.Smith,WR,NO,2022,26.65,9,0,0,0.0,0,0.0,0,0.0,0,27,19,278.0,1,52.8,278.0,1996-01-07
00-0033911,T.Taylor,WR,CLE,2019,24.5,1,0,0,0.0,0,0.0,0,0.0,0,1,0,0.0,0,0.0,0.0,1995-03-02
00-0033292,T.Taylor,WR,SF,2020,26.34,7,0,0,0.0,0,0.0,0,0.0,0,21,10,86.0,0,18.6,86.0,1994-04-30
00-0033911,T.Taylor,WR,CLE,2020,25.5,1,0,0,0.0,0,0.0,0,0.0,0,1,0,0.0,0,0.0,0.0,1995-03-02
00-0033292,T.Taylor,WR,CIN,2021,27.34,2,0,0,0.0,0,0.0,0,0.0,0,3,2,41.0,0,8.1,41.0,1994-04-30
00-0033292,T.Taylor,WR,CIN,2022,28.34,6,0,0,0.0,0,0.0,4,15.0,0,10,6,62.0,0,13.7,77.0,1994-04-30
00-0033292,T.Taylor,WR,CHI,2023,29.34,3,0,0,0.0,0,0.0,1,-2.0,0,2,0,0.0,0,-0.2,-2.0,1994-04-30
00-0033292,T.Taylor,WR,SF,2024,30.34,1,0,0,0.0,0,0.0,0,0.0,0,1,1,11.0,0,2.1,11.0,1994-04-30
00-0038104,T.Thornton,WR,NE,2022,22.07,12,0,0,0.0,0,0.0,3,16.0,1,45,22,247.0,2,66.3,263.0,2000-08-07
00-0038104,T.Thornton,WR,NE,2023,23.07,9,0,0,0.0,0,0.0,3,51.0,0,23,13,91.0,0,27.2,142.0,2000-08-07
00-0038104,T.Thornton,WR,NE,2024,24.07,4,0,0,0.0,0,0.0,0,0.0,0,8,4,47.0,0,8.7,47.0,2000-08-07
00-0038563,T.Tucker,WR,LV,2023,22.48,13,0,0,0.0,0,0.0,10,77.0,0,34,19,331.0,2,71.8,408.0,2001-03-08
00-0038563,T.Tucker,WR,LV,2024,23.48,17,0,0,0.0,0,0.0,9,44.0,1,81,47,539.0,3,129.3,583.0,2001-03-08
00-0036630,T.Wallace,WR,BAL,2021,22.3,4,0,0,0.0,0,0.0,0,0.0,0,6,2,23.0,0,4.3,23.0,1999-05-13
00-0036630,T.Wallace,WR,BAL,2022,23.3,5,0,0,0.0,0,0.0,0,0.0,0,7,4,33.0,0,7.3,33.0,1999-05-13
00-0036630,T.Wallace,WR,BAL,2023,24.3,2,0,0,0.0,0,0.0,0,0.0,0,2,1,11.0,0,8.1,11.0,1999-05-13
00-0036630,T.Wallace,WR,BAL,2024,25.3,10,0,0,0.0,0,0.0,0,0.0,0,15,13,241.0,1,43.1,241.0,1999-05-13
00-0032160,T.Williams,WR,LV,2019,27.55,13,0,0,0.0,0,0.0,0,0.0,0,64,42,651.0,6,143.1,651.0,1992-02-12
00-0032160,T.Williams,WR,DET,2021,29.55,1,0,0,0.0,0,0.0,0,0.0,0,3,2,14.0,0,3.4,14.0,1992-02-12
00-0032728,Te.Jones,WR,PIT,2019,26.68,4,0,0,0.0,0,0.0,0,0.0,0,10,4,61.0,0,10.1,61.0,1992-12-26
00-0035548,V.Bryant,WR,DAL,2019,23.02,1,0,0,0.0,0,0.0,0,0.0,0,1,1,15.0,1,8.5,15.0,1996-08-24
00-0036415,V.Jefferson,WR,LA,2020,24.1,14,0,0,0.0,0,0.0,1,-1.0,0,38,25,266.0,2,63.5,265.0,1996-07-26
00-0036415,V.Jefferson,WR,LA,2021,25.1,21,0,0,0.0,0,0.0,3,35.0,0,106,59,904.0,6,188.9,939.0,1996-07-26
00-0036415,V.Jefferson,WR,LA,2022,26.1,10,0,0,0.0,0,0.0,0,0.0,0,44,24,369.0,3,78.899994,369.0,1996-07-26
00-0036415,V.Jefferson,WR,ATL,2023,27.1,14,0,0,0.0,0,0.0,1,4.0,0,43,20,209.0,0,41.3,213.0,1996-07-26
00-0036415,V.Jefferson,WR,PIT,2024,28.1,16,0,0,0.0,0,0.0,0,0.0,0,42,26,313.0,3,75.3,313.0,1996-07-26
00-0037745,V.Jones,WR,CHI,2022,25.31,9,0,0,0.0,0,0.0,9,103.0,1,14,7,107.0,1,38.0,210.0,1997-05-11
00-0034631,V.Smith,WR,NYJ,2019,23.23,13,0,0,0.0,0,0.0,3,52.0,1,31,17,225.0,0,50.7,277.0,1996-06-09
00-0034631,V.Smith,WR,NYJ,2020,24.23,2,0,0,0.0,0,0.0,0,0.0,0,3,1,13.0,0,2.3,13.0,1996-06-09
00-0034631,V.Smith,WR,NYJ,2021,25.23,1,0,0,0.0,0,0.0,0,0.0,0,1,0,0.0,0,0.0,0.0,1996-06-09
00-0033127,W.Fuller,WR,HOU,2019,25.38,12,0,0,0.0,0,0.0,0,0.0,0,79,54,759.0,3,147.9,759.0,1994-04-16
00-0033127,W.Fuller,WR,HOU,2020,26.38,11,0,0,0.0,0,0.0,1,0.0,0,75,53,879.0,8,188.9,879.0,1994-04-16
00-0033127,W.Fuller,WR,MIA,2021,27.38,2,0,0,0.0,0,0.0,0,0.0,0,8,4,26.0,0,8.6,26.0,1994-04-16
00-0038117,W.Robinson,WR,NYG,2022,21.66,6,0,0,0.0,0,0.0,2,-1.0,0,31,23,227.0,1,51.6,226.0,2001-01-05
00-0038117,W.Robinson,WR,NYG,2023,22.66,15,0,0,0.0,0,0.0,9,87.0,1,78,60,525.0,1,133.2,612.0,2001-01-05
00-0038117,W.Robinson,WR,NYG,2024,23.66,17,0,0,0.0,0,0.0,3,18.0,0,140,93,699.0,3,182.7,717.0,2001-01-05
00-0030663,W.Snead,WR,BAL,2019,26.87,17,0,0,0.0,0,0.0,2,2.0,0,54,37,395.0,5,106.7,397.0,1992-10-17
00-0030663,W.Snead,WR,BAL,2020,27.87,15,0,0,0.0,0,0.0,0,0.0,0,55,40,466.0,3,104.6,466.0,1992-10-17
00-0030663,W.Snead,WR,LV,2021,28.87,7,0,0,0.0,0,0.0,0,0.0,0,8,4,38.0,0,7.8,38.0,1992-10-17
00-0030663,W.Snead,WR,SF,2023,30.87,2,0,0,0.0,0,0.0,0,0.0,0,3,2,14.0,0,3.4,14.0,1992-10-17
00-0038496,X.Gipson,WR,NYJ,2023,22.48,14,0,0,0.0,0,0.0,8,68.0,1,38,21,229.0,0,62.7,297.0,2001-03-08
00-0038496,X.Gipson,WR,NYJ,2024,23.48,7,0,0,0.0,0,0.0,1,5.0,0,10,6,39.0,1,16.4,44.0,2001-03-08
00-0038618,X.Hutchinson,WR,HOU,2023,23.25,13,0,0,0.0,0,0.0,5,49.0,0,23,12,99.0,0,26.800001,148.0,2000-06-01
00-0038618,X.Hutchinson,WR,HOU,2024,24.25,16,0,0,0.0,0,0.0,0,0.0,0,33,17,203.0,0,37.3,203.0,2000-06-01
00-0039342,X.Legette,WR,CAR,2024,23.59,15,0,0,0.0,0,0.0,6,24.0,0,84,49,497.0,4,125.1,521.0,2001-01-29
00-0038359,X.Smith,WR,LA,2024,26.95,3,0,0,0.0,0,0.0,4,36.0,0,2,2,6.0,0,6.2,42.0,1997-09-21
00-0039521,X.Weaver,WR,ARI,2024,23.89,2,0,0,0.0,0,0.0,0,0.0,0,2,0,0.0,0,0.0,0.0,2000-10-12
00-0039894,X.Worthy,WR,KC,2024,21.35,19,0,0,0.0,0,0.0,23,112.0,3,119,78,925.0,9,253.7,1037.0,2003-04-27
00-0039064,Z.Flowers,WR,BAL,2023,22.97,18,0,0,0.0,0,0.0,10,60.0,1,121,86,1014.0,6,235.40001,1074.0,2000-09-11
00-0039064,Z.Flowers,WR,BAL,2024,23.97,17,0,0,0.0,0,0.0,9,56.0,0,116,74,1059.0,4,209.5,1115.0,2000-09-11
00-0033891,Z.Jones,WR,LV,2019,24.42,14,0,0,0.0,0,0.0,1,3.0,0,45,27,216.0,0,48.9,219.0,1995-03-30
00-0033891,Z.Jones,WR,LV,2020,25.42,11,1,1,29.0,0,0.0,0,0.0,0,20,14,154.0,1,36.559998,154.0,1995-03-30
00-0033891,Z.Jones,WR,LV,2021,26.42,16,0,0,0.0,0,0.0,2,3.0,0,78,52,607.0,2,123.0,610.0,1995-03-30
00-0033891,Z.Jones,WR,JAX,2022,27.42,18,0,0,0.0,0,0.0,4,18.0,0,141,95,980.0,6,232.8,998.0,1995-03-30
00-0033891,Z.Jones,WR,JAX,2023,28.42,9,0,0,0.0,0,0.0,0,0.0,0,64,34,321.0,2,78.1,321.0,1995-03-30
00-0033891,Z.Jones,WR,ARI,2024,29.42,6,0,0,0.0,0,0.0,0,0.0,0,11,8,84.0,0,16.400002,84.0,1995-03-30
00-0033251,Z.Pascal,WR,IND,2019,24.7,14,0,1,0.0,0,0.0,2,16.0,0,72,41,607.0,5,135.3,623.0,1994-12-18
00-0033251,Z.Pascal,WR,IND,2020,25.7,17,0,1,0.0,0,0.0,0,0.0,0,76,47,666.0,6,149.59999,666.0,1994-12-18
00-0033251,Z.Pascal,WR,IND,2021,26.7,16,0,0,0.0,0,0.0,2,21.0,0,69,38,384.0,3,94.5,405.0,1994-12-18
00-0033251,Z.Pascal,WR,PHI,2022,27.7,15,0,0,0.0,0,0.0,1,0.0,0,23,18,165.0,1,40.5,165.0,1994-12-18
00-0033251,Z.Pascal,WR,ARI,2023,28.7,9,0,0,0.0,0,0.0,0,0.0,0,15,4,19.0,0,5.9,19.0,1994-12-18
